representation,feature,count,finite,nan,inf,min,p01,q25,median,q75,p99,max,mean,std,iqr_low,iqr_high,outside_1_5_iqr
scalar,active_min_angle,280,278,2,0,45.91056442260742,68.06753128051758,78.95365142822266,85.8869857788086,92.98244094848633,108.28853096008304,119.01090240478516,86.00269170802274,9.643160467070278,57.91046714782715,114.02562522888184,3
scalar,active_max_angle,280,278,2,0,109.04670715332031,123.90236381530762,146.44423294067383,151.2205047607422,157.4801788330078,175.0490542602539,177.19451904296875,151.8251888357478,9.937299091503611,129.89031410217285,174.0340976715088,10
scalar,active_rom,280,278,2,0,17.09880828857422,26.027043685913085,55.48697090148926,65.59557723999023,77.81864356994629,101.57236404418951,108.35898208618164,65.82249712772507,16.605080678289987,21.98946189880371,111.31615257263184,1
scalar,opposing_min_angle,280,280,0,0,65.29365539550781,69.38436080932617,83.12763023376465,87.40434265136719,92.9090404510498,116.70135734558103,124.12730407714844,88.48441595349993,9.220093268460243,68.45551490783691,107.58115577697754,17
scalar,opposing_max_angle,280,280,0,0,109.78898620605469,112.8921255493164,139.82135009765625,149.125732421875,155.2221336364746,178.2637419128418,178.84986877441406,147.66029284340993,13.86885637311301,116.72017478942871,178.32330894470215,8
scalar,opposing_rom,280,280,0,0,10.443122863769531,18.65612045288086,49.96084785461426,59.167667388916016,68.0294418334961,101.66914680480956,108.1170425415039,59.175876889910015,17.878643077508794,22.857956886291504,95.13233280181885,14
scalar,duration,280,280,0,0,1.2827780000000004,1.7475922100000008,2.4156340000000016,2.748822500000002,3.199292,5.461680409999999,5.780867,2.910606932142857,0.7832336513511782,1.2401470000000043,4.374778999999997,20
scalar,active_peak_abs_velocity,280,278,2,0,123.23278045654297,140.52513916015624,286.4973831176758,341.64356994628906,436.1548309326172,1637.1100866699255,2623.250244140625,405.61470605315066,259.9448971523746,62.01121139526367,660.6410026550293,20
scalar,active_mean_abs_velocity,280,278,2,0,35.70412385135738,38.74671907215911,56.4148433278934,64.90986366364668,73.75278372021106,169.9893766991651,233.9994785301512,68.89570521927263,23.510396170947764,30.407932739416918,99.75969430868754,19
scalar,opposing_peak_abs_velocity,280,280,0,0,64.86663818359375,90.37274795532227,204.18960571289062,262.2064971923828,339.87281036376953,826.9794415283202,1162.4041748046875,289.9712046486991,138.42369656799272,0.6647987365722656,543.3976173400879,16
scalar,opposing_mean_abs_velocity,280,280,0,0,20.782394649188813,27.446212166250792,44.61621826600633,56.48281989584005,67.40996057182971,102.4775951039152,112.08144918569734,57.51832383630061,17.46739564835618,10.425604807271249,101.60057403056479,6
scalar,active_mean_flare,280,279,1,0,0.021984924208327736,0.023619327606636976,0.05392337217213253,0.09500767923303918,0.13254902680293434,0.20918945960350613,0.29550059081788754,0.09679365218427813,0.04767463345434387,-0.0640151097740702,0.25048750874913706,1
scalar,active_max_flare,280,279,1,0,0.06287343800067902,0.07480140373110772,0.12488102912902832,0.1867997646331787,0.23796745389699936,1.7252197051048188,2.405636787414551,0.24384396648748802,0.28214074245923465,-0.04474860802292824,0.4075970910489559,22
scalar,opposing_mean_flare,280,280,0,0,0.01779941309819535,0.02195433584251421,0.05149703972033824,0.08284199923103752,0.1201607298396972,0.20766547493755666,0.21909936032304955,0.09078309353999874,0.04754391273775082,-0.05149849545870018,0.22315626501873562,0
scalar,opposing_max_flare,280,280,0,0,0.04019464552402496,0.05497682996094227,0.12866707891225815,0.18164066970348358,0.23917913809418678,2.3538231325149535,3.608283519744873,0.2507591281352299,0.36118253639817477,-0.037101009860634804,0.40494722686707973,21
scalar,mean_angle_asymmetry,280,278,2,0,2.6089261394107828,3.5346449523252192,7.260110919617972,8.927156207095303,11.481430800991738,29.441529508029966,30.937159132698273,10.013527004191143,4.715755359803022,0.9281310975573227,17.813410623052388,15
scalar,max_angle_asymmetry,280,278,2,0,10.982131958007812,11.858349380493165,19.81574821472168,23.505733489990234,28.810157775878906,72.7640693664551,89.84844970703125,26.286529266576974,11.173640988307984,6.32413387298584,42.301772117614746,24
scalar,mean_flare_asymmetry,280,279,1,0,0.028516110299663458,0.030064550477466548,0.05799680616254664,0.0816298590605955,0.11261442910847544,0.1749076050792432,0.2331185403386728,0.08647928820454857,0.03535853671782947,-0.02392962825634655,0.19454086352736863,1
scalar,max_flare_asymmetry,280,279,1,0,0.09351427853107452,0.10196075528860092,0.1565561220049858,0.1936326026916504,0.23109138756990433,1.4827917861938416,2.994328260421753,0.23706876214153022,0.25406720955961554,0.04475322365760803,0.3428942859172821,17
scalar,mean_torso_lean,280,280,0,0,1.3084218926219606,1.8665739685146767,4.342099302972309,7.281299894582882,15.007697547083941,25.48093453408542,28.022590860225527,9.918768619920504,6.819401503088621,-11.656298063195138,31.00609491325139,0
scalar,max_torso_lean,280,280,0,0,3.0773861408233643,3.7510033679008483,14.020002365112305,21.163586616516113,31.847242832183838,41.835921287536614,46.423099517822266,21.925701521975654,10.36432935391853,-12.720858335494995,58.58810353279114,0
scalar,range_torso_lean,280,280,0,0,3.0325086899101734,3.66061573959887,12.28980827331543,19.379075780510902,24.779239118099213,35.481667619943615,37.02707892656326,18.858596134861,8.325390229973957,-6.444337993860245,43.51338538527489,0
scalar,mean_shoulder_depth_ratio,280,280,0,0,0.024712397005144094,0.04554613479040818,0.09280293097807683,0.16366354154808882,0.22255723720322987,0.44217885781797545,0.4678801438795257,0.17357928645664264,0.09525340573623993,-0.10182852835965274,0.41718869654095947,7
scalar,max_shoulder_depth_ratio,280,280,0,0,0.10086451470851898,0.11947011023759842,0.20325810834765434,0.2667696326971054,0.39997221529483795,0.996764515042305,0.9980267286300659,0.34779726759131463,0.22521304788158816,-0.09181305207312107,0.6950433757156134,26
scalar,range_shoulder_depth_ratio,280,280,0,0,0.07570212334394455,0.10038186721503735,0.1566084761343518,0.2017496595508419,0.2854964870493859,0.9801390825479757,0.9962309936236124,0.2820710781312235,0.2136524075504707,-0.03672354023819935,0.47882850342193706,37
scalar,flexion_duration,280,278,2,0,0.0,0.22190312000000112,0.9662475000000004,1.2911165000000002,1.615977999999999,3.9393198300000005,3.9983000000000004,1.3823180431654676,0.6307298351105152,-0.008348249999997615,2.5905737499999972,14
scalar,extension_duration,280,278,2,0,0.43313299999999977,0.4626353500000013,1.1661690000000005,1.4327219999999983,1.7659110000000022,3.297091770000004,3.815055000000001,1.5111157194244607,0.5655512650156983,0.2665559999999978,2.665524000000005,13
scalar,flexion_fraction,280,278,2,0,0.0,0.09850212559845921,0.38056373001007654,0.4681432148169246,0.5726647879627207,0.8079864468911849,0.8550732769701137,0.4736090845498064,0.1432349405631794,0.09241214308111029,0.8608163748916869,3
scalar,active_start_angle,280,279,1,0,93.99751281738281,99.17041519165039,141.34061431884766,147.97866821289062,154.50111389160156,170.35314056396484,175.38291931152344,145.74517349188474,13.619579596103895,121.5998649597168,174.24186325073242,19
scalar,active_end_angle,280,280,0,0,102.84272003173828,116.64736129760742,140.8017120361328,147.23255157470703,153.60916900634766,170.85960662841796,171.74282836914062,146.13405895233154,11.306215388302167,121.59052658081055,172.82035446166992,7
scalar,flexion_excursion,280,278,2,0,0.0,8.1273095703125,50.6037654876709,62.252960205078125,73.51693153381348,96.17890022277847,105.33329772949219,59.739509706016925,19.2158284663882,16.23401641845703,107.88668060302734,7
scalar,extension_excursion,280,278,2,0,7.7600555419921875,17.542164993286132,50.20546531677246,60.38432693481445,74.730712890625,95.47802589416513,104.2807502746582,60.086859408042415,17.885037761435164,13.417593955993652,111.51858425140381,2
scalar,flexion_net_speed,280,278,2,0,0.0,7.474329825149359,34.30365177055947,47.8738934874378,64.85075553093992,115.36544637831943,1591.4014566055532,55.56367482787809,95.39629300363829,-11.517003870011209,110.6714111715106,5
scalar,extension_net_speed,280,278,2,0,7.156761407003873,9.301501422233697,30.463128990892876,43.5097550320686,57.21345182403461,104.04033270055874,149.62047134883326,45.39059347518837,21.77651686841293,-9.662355258819723,97.3389360737472,6
temporal_resampled,active_angle,35840,35788,52,0,46.783424377441406,75.81441497802734,94.56806755065918,113.78349685668945,139.2281036376953,159.8619842529297,176.83416748046875,116.01616668701172,24.541683197021484,27.57801342010498,206.2181577682495,0
temporal_resampled,opposing_angle,35840,35840,0,0,65.38190460205078,78.15237426757812,95.17218208312988,109.50572204589844,130.9239845275879,161.02232360839844,178.83367919921875,113.559326171875,21.748933792114258,41.54447841644287,184.5516881942749,0
temporal_resampled,active_flare,35840,35821,19,0,0.0001555858616484329,0.003487983951345086,0.0463663674890995,0.08676101267337799,0.13671261072158813,0.2692853510379791,2.081709146499634,0.09665572643280029,0.06832058727741241,-0.08915299735963345,0.2722319755703211,336
temporal_resampled,opposing_flare,35840,35840,0,0,8.925284055294469e-05,0.002711360575631261,0.03717944025993347,0.07746049761772156,0.13315879926085472,0.2650790512561798,3.4860782623291016,0.0908319503068924,0.07387471199035645,-0.1067895982414484,0.2771278377622366,268
temporal_resampled,torso_lean,35840,35840,0,0,0.07340295612812042,0.5569518804550171,3.121512770652771,6.800818681716919,14.807783365249634,34.58219909667969,45.93918228149414,9.975377082824707,8.705902099609375,-14.407893121242523,32.33718925714493,752
temporal_resampled,shoulder_depth_ratio,35840,35840,0,0,0.000270519289188087,0.00507299043238163,0.08956767246127129,0.1580020859837532,0.22897443175315857,0.571273684501648,0.9953773617744446,0.17365099489688873,0.11931824684143066,-0.11954246647655964,0.4380845706909895,1115
temporal_resampled,active_velocity,35840,35780,60,0,-1591.4014892578125,-274.2287292480469,-40.95993614196777,0.4029496908187866,41.51480007171631,276.3456115722656,2229.413818359375,-0.15212471783161163,102.76445007324219,-164.6720404624939,165.22690439224243,3213
temporal_resampled,opposing_velocity,35840,35840,0,0,-965.7608642578125,-221.1647491455078,-36.936158180236816,0.9493124783039093,38.09396743774414,204.8310546875,1026.0125732421875,-0.1462792307138443,78.92127990722656,-149.48134660720825,150.63915586471558,2338
temporal_resampled,angle_asymmetry,35840,35788,52,0,0.01680741459131241,0.3118651211261749,3.8719229102134705,8.29628324508667,13.78876280784607,41.1186637878418,87.9144058227539,9.998189926147461,8.471359252929688,-11.003336936235428,28.664022654294968,1070
temporal_resampled,flare_asymmetry,35840,35821,19,0,8.620303560746834e-05,0.0029542504344135523,0.03877972811460495,0.07854540646076202,0.12376140058040619,0.24251414835453033,2.4972469806671143,0.08643577247858047,0.06376179307699203,-0.08869278058409691,0.25123390927910805,297
temporal_resampled,elapsed_seconds,35840,35840,0,0,0.0,0.019254224374890327,0.6721556782722473,1.3576879501342773,2.0726070404052734,4.240614414215088,5.764211177825928,1.4448320865631104,0.9550442695617676,-1.4285213649272919,4.173284083604813,398
