repetition_id,channel,start_frame,end_frame,start_index,end_index,frames,support_gap_seconds,operation
rep_ebf0037ac696966f6b,active_angle,292,294,116,118,3,0.0666449999999994,linear_internal
rep_ebf0037ac696966f6b,active_angle,327,328,151,152,2,0.03331100000000031,endpoint_hold
rep_ebf0037ac696966f6b,active_flare,327,327,151,151,1,0.03331100000000031,linear_internal
rep_3937e4fb3928cf8769,active_angle,328,328,0,0,1,0.016666999999999987,endpoint_hold
rep_3937e4fb3928cf8769,active_angle,330,332,2,4,3,0.06663300000000039,linear_internal
rep_3937e4fb3928cf8769,active_angle,345,349,17,21,5,0.09995499999999957,linear_internal
rep_3937e4fb3928cf8769,active_angle,487,488,159,160,2,0.04997799999999941,linear_internal
rep_3937e4fb3928cf8769,active_angle,493,496,165,168,4,0.06663300000000127,endpoint_hold
rep_3937e4fb3928cf8769,active_flare,330,331,2,3,2,0.0499780000000003,linear_internal
rep_3937e4fb3928cf8769,active_flare,346,349,18,21,4,0.08329999999999949,linear_internal
rep_4145f06cb4db15ce3f,opposing_angle,496,496,0,0,1,0.016655999999999338,endpoint_hold
rep_4791579acae25fe0bd,active_angle,840,841,60,61,2,0.04997700000000016,linear_internal
rep_e8d9e0d9e521cb4474,active_angle,1356,1356,28,28,1,0.03332200000000185,linear_internal
rep_e8d9e0d9e521cb4474,active_angle,1358,1360,30,32,3,0.06664499999999762,linear_internal
rep_e8d9e0d9e521cb4474,active_angle,1437,1437,109,109,1,0.033322999999999325,linear_internal
rep_496c495105f1f840b1,active_angle,1512,1512,4,4,1,0.03332200000000185,linear_internal
rep_496c495105f1f840b1,active_angle,1514,1514,6,6,1,0.03331099999999765,linear_internal
rep_496c495105f1f840b1,active_angle,1518,1518,10,10,1,0.0333219999999983,linear_internal
rep_496c495105f1f840b1,active_angle,1522,1522,14,14,1,0.03331099999999765,linear_internal
rep_496c495105f1f840b1,opposing_angle,1512,1512,4,4,1,0.03332200000000185,linear_internal
rep_496c495105f1f840b1,opposing_angle,1514,1514,6,6,1,0.03331099999999765,linear_internal
rep_496c495105f1f840b1,opposing_angle,1518,1518,10,10,1,0.0333219999999983,linear_internal
rep_496c495105f1f840b1,opposing_angle,1522,1522,14,14,1,0.03331099999999765,linear_internal
rep_496c495105f1f840b1,active_flare,1512,1512,4,4,1,0.03332200000000185,linear_internal
rep_496c495105f1f840b1,active_flare,1514,1514,6,6,1,0.03331099999999765,linear_internal
rep_496c495105f1f840b1,active_flare,1518,1518,10,10,1,0.0333219999999983,linear_internal
rep_496c495105f1f840b1,active_flare,1522,1522,14,14,1,0.03331099999999765,linear_internal
rep_496c495105f1f840b1,opposing_flare,1512,1512,4,4,1,0.03332200000000185,linear_internal
rep_496c495105f1f840b1,opposing_flare,1514,1514,6,6,1,0.03331099999999765,linear_internal
rep_496c495105f1f840b1,opposing_flare,1518,1518,10,10,1,0.0333219999999983,linear_internal
rep_496c495105f1f840b1,opposing_flare,1522,1522,14,14,1,0.03331099999999765,linear_internal
rep_496c495105f1f840b1,torso_lean,1512,1512,4,4,1,0.03332200000000185,linear_internal
rep_496c495105f1f840b1,torso_lean,1514,1514,6,6,1,0.03331099999999765,linear_internal
rep_496c495105f1f840b1,torso_lean,1518,1518,10,10,1,0.0333219999999983,linear_internal
rep_496c495105f1f840b1,torso_lean,1522,1522,14,14,1,0.03331099999999765,linear_internal
rep_496c495105f1f840b1,shoulder_depth_ratio,1512,1512,4,4,1,0.03332200000000185,linear_internal
rep_496c495105f1f840b1,shoulder_depth_ratio,1514,1514,6,6,1,0.03331099999999765,linear_internal
rep_496c495105f1f840b1,shoulder_depth_ratio,1518,1518,10,10,1,0.0333219999999983,linear_internal
rep_496c495105f1f840b1,shoulder_depth_ratio,1522,1522,14,14,1,0.03331099999999765,linear_internal
rep_27f29611af9d868d70,active_angle,1935,1935,135,135,1,0.0333219999999983,linear_internal
rep_0da66c37aeaee10dba,active_angle,416,417,18,19,2,0.0499780000000003,linear_internal
rep_0da66c37aeaee10dba,active_angle,420,420,22,22,1,0.033310999999999424,linear_internal
rep_0da66c37aeaee10dba,active_flare,416,417,18,19,2,0.0499780000000003,linear_internal
rep_0da66c37aeaee10dba,active_flare,420,420,22,22,1,0.033310999999999424,linear_internal
rep_c4774628dd2fa04641,active_angle,730,730,168,168,1,0.033322000000000074,linear_internal
rep_c4774628dd2fa04641,active_angle,738,739,176,177,2,0.04997799999999941,linear_internal
rep_c4774628dd2fa04641,opposing_angle,571,572,9,10,2,0.04997700000000016,linear_internal
rep_c4774628dd2fa04641,active_flare,730,730,168,168,1,0.033322000000000074,linear_internal
rep_c4774628dd2fa04641,active_flare,738,739,176,177,2,0.04997799999999941,linear_internal
rep_2a80f26013fc49beb7,active_angle,1606,1607,34,35,2,0.04997799999999941,linear_internal
rep_2a80f26013fc49beb7,active_angle,1609,1609,37,37,1,0.03331099999999765,linear_internal
rep_2a80f26013fc49beb7,active_flare,1606,1607,34,35,2,0.04997799999999941,linear_internal
rep_2a80f26013fc49beb7,active_flare,1609,1609,37,37,1,0.03331099999999765,linear_internal
rep_830e9ff6471c2e6ac0,active_angle,1799,1799,59,59,1,0.03331099999999765,linear_internal
rep_830e9ff6471c2e6ac0,active_flare,1799,1799,59,59,1,0.03331099999999765,linear_internal
rep_ceb27ce1bfcd40e009,active_angle,59,59,57,57,1,0.06665499999999991,linear_internal
rep_374cd3d66f0b6ae7da,active_angle,390,390,21,21,1,0.0666449999999994,linear_internal
rep_99a949701e9d3cb359,active_angle,765,765,16,16,1,0.0666550000000008,linear_internal
rep_c39bf43c73a524fc03,active_angle,399,399,141,141,1,0.033310999999999424,linear_internal
rep_5fefb43622c2eda5a6,active_angle,2255,2255,129,129,1,0.0333220000000054,linear_internal
rep_d761ba3d8f066eef71,opposing_angle,140,141,126,127,2,0.04998900000000006,linear_internal
rep_2b4256b8b20205abf2,opposing_angle,284,288,4,8,5,0.09996600000000022,linear_internal
rep_8cafe422282d959530,active_angle,1049,1049,139,139,1,0.0333219999999983,linear_internal
rep_36e091bfd9c6523606,opposing_angle,19,19,1,1,1,0.03332200000000002,linear_internal
rep_36e091bfd9c6523606,opposing_angle,24,25,6,7,2,0.04997799999999997,linear_internal
rep_946de87b024761fafe,active_angle,326,326,126,126,1,0.033322000000000074,linear_internal
rep_443563c8a2fba0febe,active_angle,378,378,36,36,1,0.033322000000000074,linear_internal
rep_826841f39e9298f126,active_angle,664,664,64,64,1,0.0333110000000012,linear_internal
rep_826841f39e9298f126,active_angle,667,673,67,73,7,0.1332779999999989,linear_internal
rep_826841f39e9298f126,active_angle,681,682,81,82,2,0.04997799999999941,linear_internal
rep_826841f39e9298f126,active_angle,685,685,85,85,1,0.033322999999999325,linear_internal
rep_cd3eab9efb5a4c93d3,active_angle,786,787,38,39,2,0.04997700000000016,linear_internal
rep_cd3eab9efb5a4c93d3,active_angle,851,858,103,110,8,0.14992299999999936,linear_internal
rep_3138501c806e115527,active_angle,1010,1036,86,112,27,0.4664670000000015,linear_internal
rep_acba12d05fb8cb1071,active_flare,187,187,67,67,1,0.03330000000000011,linear_internal
rep_acba12d05fb8cb1071,active_flare,189,190,69,70,2,0.04998900000000006,linear_internal
rep_8c2b0e419612f75982,active_angle,475,477,59,61,3,0.06663400000000053,linear_internal
rep_8e0838c69b44e0e484,active_angle,879,879,35,35,1,0.033310999999999424,linear_internal
rep_8e0838c69b44e0e484,active_angle,882,882,38,38,1,0.033322000000000074,linear_internal
rep_d70a06a71c2b8e94b3,active_angle,822,824,24,26,3,0.0666329999999995,linear_internal
rep_6d4759beadb7cb7930,active_angle,646,646,30,30,1,0.033322000000000074,linear_internal
rep_7b14ee7f1080746461,active_angle,792,793,30,31,2,0.04997799999999941,linear_internal
rep_7b14ee7f1080746461,active_angle,866,866,104,104,1,0.033322000000000074,linear_internal
rep_7b14ee7f1080746461,active_angle,868,869,106,107,2,0.04997799999999941,linear_internal
rep_7b14ee7f1080746461,active_angle,871,873,109,111,3,0.06663400000000053,linear_internal
rep_7b14ee7f1080746461,active_angle,875,875,113,113,1,0.033322000000000074,linear_internal
rep_b5df2f9774dcb2df9c,active_angle,1903,1903,3,3,1,0.0333219999999983,linear_internal
rep_553468c167c3d10264,active_angle,235,235,29,29,1,0.03332299999999977,linear_internal
rep_553468c167c3d10264,active_angle,246,246,40,40,1,0.033322000000000074,linear_internal
rep_553468c167c3d10264,active_flare,235,235,29,29,1,0.03332299999999977,linear_internal
rep_553468c167c3d10264,active_flare,246,246,40,40,1,0.033322000000000074,linear_internal
rep_83421d321828b69e6d,active_angle,382,383,12,13,2,0.0499780000000003,linear_internal
rep_83421d321828b69e6d,active_flare,383,383,13,13,1,0.033322000000000074,linear_internal
rep_ed5503be0ec8ad904f,active_angle,1488,1496,144,152,9,0.16658900000000187,linear_internal
rep_ed5503be0ec8ad904f,active_flare,1488,1496,144,152,9,0.16658900000000187,linear_internal
rep_e69932267095995434,active_angle,130,132,126,128,3,0.06663299999999994,linear_internal
rep_dbbca0e9e8f0d1f5a2,active_angle,185,195,19,29,11,0.19991100000000017,linear_internal
rep_dbbca0e9e8f0d1f5a2,active_angle,200,204,34,38,5,0.09995500000000002,linear_internal
rep_dbbca0e9e8f0d1f5a2,active_angle,307,308,141,142,2,0.0499780000000003,linear_internal
rep_dbbca0e9e8f0d1f5a2,opposing_angle,203,203,37,37,1,0.03331099999999987,linear_internal
rep_dbbca0e9e8f0d1f5a2,active_flare,186,195,20,29,10,0.18325600000000009,linear_internal
rep_dbbca0e9e8f0d1f5a2,active_flare,201,204,35,38,4,0.08330000000000037,linear_internal
rep_96e0f2de75f010a545,active_angle,1520,1521,146,147,2,0.04997799999999941,linear_internal
rep_96e0f2de75f010a545,active_angle,1553,1556,179,182,4,0.06663399999999697,endpoint_hold
rep_96e0f2de75f010a545,active_flare,1554,1556,180,182,3,0.04997799999999941,endpoint_hold
rep_79c5c294b8bda9221b,active_angle,674,676,30,32,3,0.06664400000000015,linear_internal
rep_79c5c294b8bda9221b,active_angle,678,679,34,35,2,0.04997799999999941,linear_internal
rep_79c5c294b8bda9221b,active_angle,681,681,37,37,1,0.033322000000000074,linear_internal
rep_79c5c294b8bda9221b,active_angle,742,742,98,98,1,0.0333230000000011,linear_internal
rep_79c5c294b8bda9221b,active_flare,674,676,30,32,3,0.06664400000000015,linear_internal
rep_79c5c294b8bda9221b,active_flare,678,679,34,35,2,0.04997799999999941,linear_internal
rep_79c5c294b8bda9221b,active_flare,681,681,37,37,1,0.033322000000000074,linear_internal
rep_79c5c294b8bda9221b,active_flare,742,742,98,98,1,0.0333230000000011,linear_internal
rep_022ebf6bb664f09d61,active_angle,619,619,17,17,1,0.033322000000000074,linear_internal
rep_022ebf6bb664f09d61,active_angle,621,621,19,19,1,0.0333230000000011,linear_internal
rep_022ebf6bb664f09d61,active_angle,705,709,103,107,5,0.0999560000000006,linear_internal
rep_022ebf6bb664f09d61,opposing_angle,707,708,105,106,2,0.04997799999999941,linear_internal
rep_022ebf6bb664f09d61,active_flare,621,621,19,19,1,0.0333230000000011,linear_internal
rep_022ebf6bb664f09d61,active_flare,705,709,103,107,5,0.0999560000000006,linear_internal
rep_1469f4f4fb01f19d72,active_angle,762,765,30,33,4,0.08328900000000061,linear_internal
rep_1469f4f4fb01f19d72,active_angle,767,767,35,35,1,0.033322000000000074,linear_internal
rep_1469f4f4fb01f19d72,active_angle,855,855,123,123,1,0.0333110000000012,linear_internal
rep_1469f4f4fb01f19d72,active_flare,763,763,31,31,1,0.033322000000000074,linear_internal
rep_e1b6add5088147c3ba,active_angle,1241,1244,49,52,4,0.08330000000000126,linear_internal
rep_e1b6add5088147c3ba,active_angle,1315,1315,123,123,1,0.0333219999999983,linear_internal
rep_44118ed2737a68ce85,active_angle,1897,1898,29,30,2,0.04997799999999941,linear_internal
rep_44118ed2737a68ce85,active_angle,1903,1903,35,35,1,0.0333219999999983,linear_internal
rep_44118ed2737a68ce85,active_flare,1897,1897,29,29,1,0.0333110000000012,linear_internal
