session_id,repetition_id,hand,human_label,split_group,manual_start_frame,manual_end_frame,manual_duration_sec,manual_rom_deg,manual_min_angle_deg,completed,completion_status,segmented_start_frame,segmented_end_frame,start_frame_error,end_frame_error,duration_error_sec,iou,min_angle_error_deg,rom_error_deg
session_01_both_correct,rep_fb0c2f97d90ea5de5a,Right,Correct,development,4,350,5.780867,57.79998016357422,94.6705093383789,True,Completed,81.0,308.0,77.0,-42.0,-1.9991449999999995,0.6560693641618497,7.62939453125e-06,-9.186988830566406
session_01_both_correct,rep_02cbaaa878991f7eee,Left,Correct,development,372,572,3.348567,62.01153564453125,80.31559753417969,True,Completed,312.0,570.0,-60.0,-2.0,0.949611,0.7615384615384615,-7.62939453125e-06,-0.11316680908203125
session_01_both_correct,rep_3b3a031e67b667bb2f,Right,Correct,development,572,832,4.348144999999999,48.47113800048828,95.79364776611328,True,Completed,572.0,827.0,0.0,-5.0,-0.09995599999999882,0.9807692307692307,27.229965209960938,-27.22991943359375
session_01_both_correct,rep_b59965fe88fa0c3f40,Left,Correct,development,832,1010,2.9820670000000025,69.94298553466797,81.82189178466797,True,Completed,833.0,1296.0,1.0,286.0,4.731321999999999,0.38146551724137934,34.606842041015625,-40.85536193847656
session_01_both_correct,rep_9988a74422e7c505d0,Right,Correct,development,1010,1260,4.181543999999999,46.64124298095703,95.27111053466795,True,Fragmented,828.0,1246.0,-182.0,-14.0,2.7821560000000023,0.5462962962962963,1.4210854715202004e-14,3.60400390625
session_01_both_correct,rep_372c0410acd5099364,Left,Correct,development,1265,1480,3.5984680000000004,55.62651062011719,88.76661682128906,True,Completed,833.0,1296.0,-432.0,-184.0,4.114921000000001,0.04791344667697063,27.66211700439453,-26.53888702392578
session_01_both_correct,rep_46b03a163715ea8674,Right,Correct,development,1490,1780,4.847945000000003,52.61701202392578,92.6978530883789,True,Completed,1527.0,1735.0,37.0,-45.0,-1.3827570000000051,0.7172413793103448,0.0,-0.262359619140625
session_01_both_correct,rep_cea1129ae50e36fb30,Left,Correct,development,1810,2004,3.248611999999998,62.376014709472656,84.65193939208984,False,Missed,,,,,,0.0,,
session_01_both_correct,rep_20614a58d738f0f71c,Right,Correct,development,2030,2324,4.914577999999999,46.64794158935547,95.67046356201172,True,Fragmented,1812.0,2310.0,-218.0,-14.0,3.381878000000004,0.546875,27.201980590820312,-28.6988525390625
session_01_both_correct,rep_e8c1d21c6f2e4707b3,Left,Correct,development,2324,2534,3.515166999999998,65.99900817871094,81.25213623046875,True,Completed,2329.0,2525.0,5.0,-9.0,-0.24989999999999668,0.9333333333333333,0.0,-1.5307464599609375
session_01_both_correct,rep_5c1dd8ed9aa6c8aa69,Right,Correct,development,2534,2755,3.6984229999999982,43.3350830078125,97.28811645507812,True,Completed,2534.0,2740.0,0.0,-15.0,-0.2665450000000007,0.9321266968325792,0.0,1.52587890625e-05
session_01_both_correct,rep_edc2513a7b19ebb4ed,Left,Correct,development,2780,3000,3.681778000000001,71.63307189941406,79.36898803710938,False,Missed,,,,,,0.0,,
session_01_both_correct,rep_6be9256acb543f49b8,Right,Correct,development,2990,3270,4.681345,42.332740783691406,98.1189193725586,True,Completed,2780.0,3227.0,-210.0,-43.0,2.7654879999999977,0.48367346938775513,0.0,10.5504150390625
session_01_both_correct,rep_2a706f670399059ddc,Left,Correct,development,3300,3458,2.648866999999996,62.931732177734375,83.06298828125,False,Missed,,,,,,0.0,,
session_02_both_mix,rep_1c83a3b866cf4e027c,Right,Correct,development,4,330,5.44769,51.11205291748047,91.0031509399414,True,Completed,4.0,284.0,0.0,-46.0,-0.7830120000000003,0.8588957055214724,0.0,1.52587890625e-05
session_02_both_mix,rep_0d7eaf4563fd24294a,Left,Correct,development,346,556,3.5151559999999984,74.2674331665039,80.85980987548828,True,Completed,350.0,554.0,4.0,-2.0,-0.11661099999999891,0.9714285714285714,0.0,-5.9409332275390625
session_02_both_mix,rep_cff3c2f757be354140,Right,Incorrect,development,556,810,4.2482120000000005,37.70032501220703,100.37483978271484,True,Completed,556.0,806.0,0.0,-4.0,-0.08331199999999939,0.984251968503937,7.62939453125e-06,7.62939453125e-06
session_02_both_mix,rep_503633f6745e8f6a45,Left,Incorrect,development,820,1070,4.181567000000001,53.462646484375,93.76725769042967,True,Fragmented,556.0,1061.0,-264.0,-9.0,4.231521999999998,0.4688715953307393,1.4210854715202004e-14,-9.064926147460938
session_02_both_mix,rep_bb9858d2e8e9c3549c,Right,Correct,development,1150,1332,3.048711000000001,46.08067321777344,94.6870574951172,True,Fragmented,556.0,1307.0,-594.0,-25.0,9.462634000000001,0.20231958762886598,-1.4210854715202004e-14,1.52587890625e-05
session_02_both_mix,rep_9ff0bc77263dfff528,Right,Correct,development,1606,1772,2.7821440000000024,65.53998565673828,73.4043960571289,True,Completed,556.0,1723.0,-1050.0,-49.0,16.659578,0.0962171052631579,0.0,1.52587890625e-05
session_02_both_mix,rep_35e324ed6452359dd2,Left,Correct,development,1772,1944,2.8821009999999987,61.80139923095703,87.12438201904297,True,Completed,1774.0,1932.0,2.0,-12.0,-0.24988999999999706,0.9186046511627907,0.0,1.52587890625e-05
session_02_both_mix,rep_d8ea12c9407f1b8ebe,Left,Correct,development,1944,2144,3.348566999999996,62.128562927246094,87.98738861083984,True,Completed,1964.0,2124.0,20.0,-20.0,-0.6830339999999926,0.8,0.0,-1.6342926025390625
session_02_both_mix,rep_ed4d23c464cf750af7,Left,Correct,development,2144,2320,2.948744999999996,62.16267395019531,86.8944091796875,True,Completed,2162.0,3273.0,18.0,953.0,15.560033000000004,0.13994685562444642,12.702621459960938,-14.076095581054688
session_02_both_mix,rep_8c17d582de78f254dd,Right,Incorrect,development,2320,2396,1.2827780000000004,17.098793029785156,119.01090240478516,True,Fragmented,2157.0,2899.0,-163.0,503.0,11.078611000000002,0.10242587601078167,-25.013389587402344,36.587303161621094
session_02_both_mix,rep_83f806588a8c338f4b,Right,Incorrect,development,2892,2984,1.5493549999999985,30.51499938964844,93.9975128173828,True,Fragmented,2158.0,3193.0,-734.0,209.0,15.693290000000005,0.08888888888888889,4.0834426879882955,19.087654113769528
session_02_both_mix,rep_ef9e190c4981e28593,Right,Incorrect,development,2984,3220,3.948322999999995,34.50457000732422,101.83867645263672,True,Completed,2158.0,3193.0,-826.0,-27.0,13.294322000000008,0.1967984934086629,-3.757720947265625,15.09808349609375
session_02_both_mix,rep_5c39730111cd443d20,Left,Incorrect,development,3242,3432,3.181967,49.56865692138672,91.57366180419922,True,Completed,2162.0,3273.0,-1080.0,-159.0,15.326811,0.024409448818897637,8.023368835449219,-1.4820785522460938
session_03_both_mix2,rep_96581b03de4436e334,Right,Correct,development,28,216,3.148656,76.52783203125,78.60661315917969,True,Completed,38.0,206.0,10.0,-10.0,-0.34984499999999974,0.8936170212765957,0.0,-2.1998138427734375
session_03_both_mix2,rep_f58658b961ff048335,Left,Correct,development,216,398,3.0487000000000006,79.59202575683594,80.47007751464844,True,Completed,230.0,387.0,14.0,-11.0,-0.4331440000000004,0.8626373626373627,0.0,1.52587890625e-05
session_03_both_mix2,rep_0da66c37aeaee10dba,Left,Correct,development,398,562,2.7488340000000004,93.56515502929688,78.95260620117188,True,Completed,407.0,555.0,9.0,-7.0,-0.2832220000000012,0.9024390243902439,-7.62939453125e-06,-12.151618957519531
session_03_both_mix2,rep_c4774628dd2fa04641,Right,Correct,development,562,754,3.215299999999999,95.1409912109375,79.88746643066406,True,Completed,569.0,742.0,7.0,-12.0,-0.33319999999999794,0.9010416666666666,0.0,0.0001220703125
session_03_both_mix2,rep_15de4676677de916d0,Right,Incorrect,development,754,914,2.682189,79.85400390625,81.53024291992188,True,Completed,762.0,918.0,8.0,4.0,-0.08330000000000037,0.926829268292683,-7.62939453125e-06,-4.379341125488281
session_03_both_mix2,rep_506fc27703682724ad,Right,Incorrect,development,914,1104,3.181979000000002,93.0930633544922,76.3887939453125,True,Completed,946.0,1092.0,32.0,-12.0,-0.7496900000000011,0.7684210526315789,0.0,-16.573608398437514
session_03_both_mix2,rep_50437be04b9a9a36ed,Left,Incorrect,development,1104,1264,2.682189000000001,93.7721710205078,81.34532165527344,True,Completed,1111.0,1251.0,7.0,-13.0,-0.34985599999999906,0.875,-7.62939453125e-06,0.00011444091798296085
session_03_both_mix2,rep_a8f87271f827579bc4,Left,Incorrect,development,1264,1422,2.6488670000000027,71.32793426513672,97.0477523803711,True,Completed,1290.0,1405.0,26.0,-17.0,-0.7330220000000018,0.7278481012658228,0.0,-13.046279907226562
session_03_both_mix2,rep_3f57d674d3d25f06bc,Left,Correct,development,1422,1572,2.515599999999999,90.2385482788086,79.19019317626953,True,Completed,1435.0,1563.0,13.0,-9.0,-0.38317799999999735,0.8533333333333334,0.0,-9.040237426757812
session_03_both_mix2,rep_2a80f26013fc49beb7,Right,Correct,development,1572,1740,2.815456000000001,96.73076629638672,69.62787628173828,True,Completed,1601.0,1732.0,29.0,-8.0,-0.6330670000000005,0.7797619047619048,-7.62939453125e-06,3.814697265625e-05
session_03_both_mix2,rep_830e9ff6471c2e6ac0,Right,Incorrect,development,1740,1898,2.6488670000000027,60.81186676025391,95.32012176513672,True,Completed,1756.0,1906.0,16.0,8.0,-0.1499340000000018,0.8554216867469879,0.0,-1.206970214843757
session_03_both_mix2,rep_d06e09af4456675bf7,Right,Incorrect,development,1898,2072,2.9154449999999983,58.87322235107422,98.50508880615234,True,Completed,1756.0,1906.0,-142.0,-166.0,-0.41651199999999733,0.02531645569620253,-3.184967041015625,0.7316741943359375
session_03_both_mix2,rep_2073ececf0915178cc,Left,Incorrect,development,2072,2250,2.9820449999999994,63.73335266113281,92.2537841796875,True,Completed,2084.0,2212.0,12.0,-38.0,-0.8496220000000037,0.7191011235955056,0.0,-1.1688385009765625
session_03_both_mix2,rep_b99bfda2386efa860d,Left,Correct,development,2250,2400,2.5155889999999985,77.5048599243164,79.2376937866211,True,Completed,2233.0,2357.0,-17.0,-43.0,-0.44981099999999685,0.6407185628742516,0.0,-1.6622161865234375
session_04_limited_rom_incorrect,rep_1f4a610c3defe53722,Left,Incorrect,development,600,762,2.715523000000001,65.1882095336914,93.85224151611328,True,Completed,611.0,758.0,11.0,-4.0,-0.26656800000000125,0.9074074074074074,0.0,-4.3022613525390625
session_04_limited_rom_incorrect,rep_3175004fbb9db3a0f3,Right,Incorrect,development,762,912,2.5155889999999985,34.381736755371094,100.8556900024414,False,Missed,,,,,,0.0,,
session_04_limited_rom_incorrect,rep_52a2c5c414944694f1,Left,Incorrect,development,912,1056,2.4156340000000025,80.67830657958984,66.0014419555664,True,Completed,762.0,1055.0,-150.0,-1.0,2.465620999999997,0.48639455782312924,-7.62939453125e-06,2.288818359375e-05
session_04_limited_rom_incorrect,rep_6d548704cfd01f491a,Right,Incorrect,development,1056,1206,2.515611,34.6033935546875,95.71095275878906,False,Missed,,,,,,0.0,,
session_04_limited_rom_incorrect,rep_ac1e97d62d5c2b56a0,Left,Incorrect,development,1206,1354,2.482267000000004,66.60511779785156,82.97102355957031,True,Fragmented,1056.0,1332.0,-150.0,-22.0,2.115776999999994,0.4228187919463087,0.0,1.52587890625e-05
session_04_limited_rom_incorrect,rep_29323d0780eb56b21d,Right,Incorrect,development,1354,1492,2.315679,37.51222229003906,96.62918090820312,False,Missed,,,,,,0.0,,
session_04_limited_rom_incorrect,rep_59893c3e996fee9c34,Left,Incorrect,development,1492,1600,1.8159000000000027,59.928184509277344,80.7088851928711,True,Fragmented,1337.0,1786.0,-155.0,186.0,5.6642449999999975,0.24053452115812918,0.0,9.168228149414062
session_04_limited_rom_incorrect,rep_2b168be9071d57530d,Left,Incorrect,development,1766,1900,2.2490340000000018,69.95743560791016,79.84784698486328,True,Fragmented,1338.0,1897.0,-428.0,-3.0,7.063665999999998,0.23309608540925267,-7.62939453125e-06,-0.43758392333984375
session_04_limited_rom_incorrect,rep_6ccabad19ce4f7ab3f,Left,Incorrect,development,2050,2200,2.5155889999999985,61.90733337402344,87.12907409667969,True,Completed,1354.0,2184.0,-696.0,-16.0,11.311856000000002,0.15839243498817968,0.0,1.52587890625e-05
session_04_limited_rom_incorrect,rep_db11ea7c1113500c85,Right,Incorrect,development,2200,2350,2.5156009999999966,37.55410003662109,93.98441314697266,False,Missed,,,,,,0.0,,
session_05_both_correct2,rep_b62f14d196952f28be,Right,Correct,development,6,176,2.8488,78.32747650146484,77.76313018798828,True,Completed,13.0,148.0,7.0,-28.0,-0.5997560000000002,0.7941176470588235,0.0,-1.68218994140625
session_05_both_correct2,rep_ebf0037ac696966f6b,Left,Correct,development,176,328,2.5489,88.74259948730469,82.08473205566406,True,Completed,176.0,318.0,0.0,-10.0,-0.18325600000000009,0.9342105263157895,-7.62939453125e-06,-11.024177551269531
session_05_both_correct2,rep_3937e4fb3928cf8769,Left,Correct,development,328,496,2.815467,90.0221176147461,82.6972885131836,True,Completed,348.0,476.0,20.0,-20.0,-0.683033,0.7619047619047619,0.0,-6.7606201171875
session_05_both_correct2,rep_4145f06cb4db15ce3f,Right,Correct,development,496,640,2.415645,104.2283172607422,72.966064453125,True,Completed,500.0,633.0,4.0,-7.0,-0.1999339999999994,0.9236111111111112,-7.62939453125e-06,-0.8974990844726705
session_05_both_correct2,rep_df6be1b0d78003c9ac,Right,Correct,development,640,800,2.6821899999999985,97.66472625732422,73.46858978271484,False,Missed,,,,,,0.0,,
session_05_both_correct2,rep_4791579acae25fe0bd,Left,Correct,development,780,980,3.348556000000002,91.9024429321289,81.02169036865234,True,Completed,824.0,952.0,44.0,-28.0,-1.216134000000002,0.64,0.0,-15.705093383789062
session_05_both_correct2,rep_ff72086c1823042be9,Right,Correct,development,980,1160,3.0154,99.35140991210938,70.79087829589844,True,Completed,980.0,1124.0,0.0,-36.0,-0.6164230000000015,0.8,-7.62939453125e-06,-5.080207824707031
session_05_both_correct2,rep_d348e469e89a781661,Left,Correct,development,1160,1328,2.8154670000000017,92.711181640625,77.46697998046875,True,Completed,1182.0,1301.0,22.0,-27.0,-0.8329670000000036,0.7083333333333334,0.0,-11.285430908203125
session_05_both_correct2,rep_e8d9e0d9e521cb4474,Left,Correct,development,1328,1490,2.7155120000000004,84.31739807128906,83.22999572753906,True,Completed,1331.0,1459.0,3.0,-31.0,-0.5831009999999992,0.7901234567901234,0.0,-11.353347778320312
session_05_both_correct2,rep_496c495105f1f840b1,Right,Correct,development,1508,1650,2.3823120000000024,,,False,Missed,,,,,,0.0,,
session_05_both_correct2,rep_fbee42bcc84ad72a70,Right,Correct,development,1650,1800,2.515599999999999,82.7657241821289,76.3134536743164,True,Completed,1661.0,1790.0,11.0,-10.0,-0.36651099999999914,0.86,0.0,-1.8676910400390625
session_05_both_correct2,rep_27f29611af9d868d70,Right,Correct,development,1800,1964,2.7488339999999987,100.77892303466795,71.29850006103516,True,Completed,1819.0,1945.0,19.0,-19.0,-0.6497339999999987,0.7682926829268293,0.0,-10.598144531249986
session_06_heldout_mix,rep_0e7a579eafe33e64d5,Right,Correct,held_out_validation,2,90,2.999344,79.73098754882812,73.15716552734375,False,Missed,,,,,,0.0,,
session_06_heldout_mix,rep_3bd189643926330002,Left,Correct,held_out_validation,90,191,3.366134,84.63256072998047,75.11609649658203,True,Completed,2.0,187.0,-88.0,-4.0,2.7993769999999993,0.5132275132275133,0.0,3.0517578125e-05
session_06_heldout_mix,rep_a688119e8807169567,Right,Correct,held_out_validation,191,287,3.265956,82.91388702392578,73.58794403076172,False,Missed,,,,,,0.0,,
session_06_heldout_mix,rep_e586c2d87bca5883fe,Left,Correct,held_out_validation,287,382,3.1661659999999987,78.4169921875,75.5474853515625,False,Missed,,,,,,0.0,,
session_06_heldout_mix,rep_4401202746b68b5331,Right,Incorrect,held_out_validation,382,468,2.932690000000001,71.11182403564453,80.6769027709961,False,Missed,,,,,,0.0,,
session_06_heldout_mix,rep_44b1272fd8a9d6b943,Left,Incorrect,held_out_validation,468,576,3.6658779999999993,59.48150634765625,92.93788146972656,False,Missed,,,,,,0.0,,
session_06_heldout_mix,rep_39093c9edb2675b1e2,Right,Incorrect,held_out_validation,576,651,2.566088999999998,39.92838287353516,106.43732452392578,False,Missed,,,,,,0.0,,
session_06_heldout_mix,rep_4dc2ae4ad47611b5cf,Left,Incorrect,held_out_validation,651,762,3.6994000000000007,52.3348388671875,99.20285034179688,False,Missed,,,,,,0.0,,
session_07_heldout_incorrect,rep_02baf361a41927f7e1,Left,Incorrect,held_out_validation,0,158,2.648878,77.03350830078125,80.60464477539062,True,Completed,11.0,146.0,11.0,-12.0,-0.3998339999999998,0.8544303797468354,-7.62939453125e-06,2.288818359375e-05
session_07_heldout_incorrect,rep_443563c8a2fba0febe,Right,Incorrect,held_out_validation,342,450,1.8159,88.68563842773438,68.6846923828125,True,Completed,342.0,449.0,0.0,-1.0,-0.033323000000000214,0.9907407407407407,45.841224670410156,-50.000770568847656
session_07_heldout_incorrect,rep_826841f39e9298f126,Right,Incorrect,held_out_validation,600,770,2.848801,105.333251953125,53.97642135620117,True,Completed,607.0,754.0,7.0,-16.0,-0.39984600000000015,0.8647058823529412,14.220943450927734,-15.233238220214844
session_07_heldout_incorrect,rep_cd3eab9efb5a4c93d3,Right,Incorrect,held_out_validation,748,924,2.948755,108.35894012451172,45.91059112548828,True,Completed,784.0,932.0,36.0,8.0,-0.4831439999999989,0.7608695652173914,19.678565979003906,-20.228370666503906
session_07_heldout_incorrect,rep_3138501c806e115527,Right,Incorrect,held_out_validation,924,1084,2.6821900000000003,87.3865737915039,68.11251068115234,True,Completed,947.0,1096.0,23.0,12.0,-0.1999120000000012,0.7965116279069767,5.644905090332031,-9.048713684082031
session_07_heldout_incorrect,rep_9b8cb4166cbacaada7,Right,Incorrect,held_out_validation,1084,1280,3.281933000000002,90.59229278564452,69.86779022216797,True,Completed,1118.0,1270.0,34.0,-10.0,-0.7496779999999994,0.7755102040816326,7.484954833984375,-14.362655639648423
session_07_heldout_incorrect,rep_fd1259ada4de072a01,Left,Incorrect,held_out_validation,1384,1522,2.315679,73.44063568115234,86.29936981201172,True,Completed,1384.0,1527.0,0.0,5.0,0.0666439999999997,0.965034965034965,0.0,3.0517578125e-05
session_07_heldout_incorrect,rep_dd74432211f9ffa5e1,Left,Incorrect,held_out_validation,1522,1658,2.2823670000000043,72.35511016845703,83.66240692138672,True,Fragmented,1387.0,1667.0,-135.0,9.0,2.3823109999999943,0.4857142857142857,0.0,3.7225189208984375
session_07_heldout_incorrect,rep_91609c5df4bead6c69,Left,Incorrect,held_out_validation,1658,1814,2.615555999999998,80.06404876708984,77.87223052978516,True,Fragmented,1393.0,1819.0,-265.0,5.0,4.481421000000001,0.36619718309859156,-7.62939453125e-06,3.814697265625e-05
session_07_heldout_incorrect,rep_a37330b43adea50a3e,Left,Incorrect,held_out_validation,1814,1954,2.3489999999999966,79.86317443847656,79.81401062011719,True,Fragmented,1528.0,1962.0,-286.0,8.0,4.881256000000004,0.3225806451612903,0.0,1.1426544189453125
session_07_heldout_incorrect,rep_4ad73d552251012434,Left,Incorrect,held_out_validation,1954,2094,2.349000000000004,69.58517456054688,91.33479309082033,True,Completed,1528.0,1962.0,-426.0,-132.0,4.881255999999997,0.014134275618374558,-11.52078247070314,11.420654296875
