repetition_id,source_sha256,video_id,subject_id,hand,label,fold,y_true,y_pred,predicted_label,incorrect_score,is_correct
rep_fb0c2f97d90ea5de5a,0c264aade3d2362157e8484603caa05154f40187f222e5540272f8f0b1764d2f,vid_0c264aade3d23621,person1,Right,Correct,1,0,1,Incorrect,0.06222668551824467,False
rep_02cbaaa878991f7eee,0c264aade3d2362157e8484603caa05154f40187f222e5540272f8f0b1764d2f,vid_0c264aade3d23621,person1,Left,Correct,1,0,0,Correct,-0.3794430556524967,True
rep_3b3a031e67b667bb2f,0c264aade3d2362157e8484603caa05154f40187f222e5540272f8f0b1764d2f,vid_0c264aade3d23621,person1,Right,Correct,1,0,0,Correct,-0.23540279199070757,True
rep_b59965fe88fa0c3f40,0c264aade3d2362157e8484603caa05154f40187f222e5540272f8f0b1764d2f,vid_0c264aade3d23621,person1,Left,Correct,1,0,0,Correct,-1.6518444985164575,True
rep_9988a74422e7c505d0,0c264aade3d2362157e8484603caa05154f40187f222e5540272f8f0b1764d2f,vid_0c264aade3d23621,person1,Right,Correct,1,0,0,Correct,-0.527685756781293,True
rep_372c0410acd5099364,0c264aade3d2362157e8484603caa05154f40187f222e5540272f8f0b1764d2f,vid_0c264aade3d23621,person1,Left,Correct,1,0,0,Correct,-0.9242591676786197,True
rep_46b03a163715ea8674,0c264aade3d2362157e8484603caa05154f40187f222e5540272f8f0b1764d2f,vid_0c264aade3d23621,person1,Right,Correct,1,0,0,Correct,-0.7709992315669058,True
rep_cea1129ae50e36fb30,0c264aade3d2362157e8484603caa05154f40187f222e5540272f8f0b1764d2f,vid_0c264aade3d23621,person1,Left,Correct,1,0,0,Correct,-1.155045053781821,True
rep_20614a58d738f0f71c,0c264aade3d2362157e8484603caa05154f40187f222e5540272f8f0b1764d2f,vid_0c264aade3d23621,person1,Right,Correct,1,0,0,Correct,-0.39788862568159966,True
rep_e8c1d21c6f2e4707b3,0c264aade3d2362157e8484603caa05154f40187f222e5540272f8f0b1764d2f,vid_0c264aade3d23621,person1,Left,Correct,1,0,0,Correct,-0.9080350993533971,True
rep_5c1dd8ed9aa6c8aa69,0c264aade3d2362157e8484603caa05154f40187f222e5540272f8f0b1764d2f,vid_0c264aade3d23621,person1,Right,Correct,1,0,0,Correct,-0.6582357042118748,True
rep_edc2513a7b19ebb4ed,0c264aade3d2362157e8484603caa05154f40187f222e5540272f8f0b1764d2f,vid_0c264aade3d23621,person1,Left,Correct,1,0,0,Correct,-0.5894420467651643,True
rep_6be9256acb543f49b8,0c264aade3d2362157e8484603caa05154f40187f222e5540272f8f0b1764d2f,vid_0c264aade3d23621,person1,Right,Correct,1,0,0,Correct,-0.2064953083430503,True
rep_1c83a3b866cf4e027c,1ac0cd5b45de866afbfed040696fb5a7ad4876db46a9d228d145e08d8eb87b2d,vid_1ac0cd5b45de866a,person1,Right,Correct,1,0,0,Correct,-0.2781918384468759,True
rep_0d7eaf4563fd24294a,1ac0cd5b45de866afbfed040696fb5a7ad4876db46a9d228d145e08d8eb87b2d,vid_1ac0cd5b45de866a,person1,Left,Correct,1,0,0,Correct,-0.4449512972320542,True
rep_cff3c2f757be354140,1ac0cd5b45de866afbfed040696fb5a7ad4876db46a9d228d145e08d8eb87b2d,vid_1ac0cd5b45de866a,person1,Right,Incorrect,1,1,1,Incorrect,0.08713735585396543,True
rep_503633f6745e8f6a45,1ac0cd5b45de866afbfed040696fb5a7ad4876db46a9d228d145e08d8eb87b2d,vid_1ac0cd5b45de866a,person1,Left,Incorrect,1,1,1,Incorrect,0.4959719994347659,True
rep_bb9858d2e8e9c3549c,1ac0cd5b45de866afbfed040696fb5a7ad4876db46a9d228d145e08d8eb87b2d,vid_1ac0cd5b45de866a,person1,Right,Correct,1,0,1,Incorrect,0.4376456263978902,False
rep_9ff0bc77263dfff528,1ac0cd5b45de866afbfed040696fb5a7ad4876db46a9d228d145e08d8eb87b2d,vid_1ac0cd5b45de866a,person1,Right,Correct,1,0,1,Incorrect,0.34851923901679094,False
rep_35e324ed6452359dd2,1ac0cd5b45de866afbfed040696fb5a7ad4876db46a9d228d145e08d8eb87b2d,vid_1ac0cd5b45de866a,person1,Left,Correct,1,0,0,Correct,-1.217464454803593,True
rep_d8ea12c9407f1b8ebe,1ac0cd5b45de866afbfed040696fb5a7ad4876db46a9d228d145e08d8eb87b2d,vid_1ac0cd5b45de866a,person1,Left,Correct,1,0,0,Correct,-0.5990809191703481,True
rep_ed4d23c464cf750af7,1ac0cd5b45de866afbfed040696fb5a7ad4876db46a9d228d145e08d8eb87b2d,vid_1ac0cd5b45de866a,person1,Left,Correct,1,0,0,Correct,-1.02319922660664,True
rep_8c17d582de78f254dd,1ac0cd5b45de866afbfed040696fb5a7ad4876db46a9d228d145e08d8eb87b2d,vid_1ac0cd5b45de866a,person1,Right,Incorrect,1,1,1,Incorrect,0.9547005578233206,True
rep_83f806588a8c338f4b,1ac0cd5b45de866afbfed040696fb5a7ad4876db46a9d228d145e08d8eb87b2d,vid_1ac0cd5b45de866a,person1,Right,Incorrect,1,1,1,Incorrect,0.6621566874127787,True
rep_ef9e190c4981e28593,1ac0cd5b45de866afbfed040696fb5a7ad4876db46a9d228d145e08d8eb87b2d,vid_1ac0cd5b45de866a,person1,Right,Incorrect,1,1,1,Incorrect,0.37801873263238805,True
rep_5c39730111cd443d20,1ac0cd5b45de866afbfed040696fb5a7ad4876db46a9d228d145e08d8eb87b2d,vid_1ac0cd5b45de866a,person1,Left,Incorrect,1,1,1,Incorrect,0.7154818106373981,True
rep_b62f14d196952f28be,1334a563691c21703bad8f2fc71670dcb1bbeea7f93665d5d873d7dbb80349d1,vid_1334a563691c2170,person2,Right,Correct,1,0,0,Correct,-0.9008332161673712,True
rep_ebf0037ac696966f6b,1334a563691c21703bad8f2fc71670dcb1bbeea7f93665d5d873d7dbb80349d1,vid_1334a563691c2170,person2,Left,Correct,1,0,0,Correct,-0.5179980338439575,True
rep_3937e4fb3928cf8769,1334a563691c21703bad8f2fc71670dcb1bbeea7f93665d5d873d7dbb80349d1,vid_1334a563691c2170,person2,Left,Correct,1,0,0,Correct,-0.5915244235710414,True
rep_4145f06cb4db15ce3f,1334a563691c21703bad8f2fc71670dcb1bbeea7f93665d5d873d7dbb80349d1,vid_1334a563691c2170,person2,Right,Correct,1,0,0,Correct,-0.03712945137501378,True
rep_df6be1b0d78003c9ac,1334a563691c21703bad8f2fc71670dcb1bbeea7f93665d5d873d7dbb80349d1,vid_1334a563691c2170,person2,Right,Correct,1,0,1,Incorrect,0.42062618450924094,False
rep_4791579acae25fe0bd,1334a563691c21703bad8f2fc71670dcb1bbeea7f93665d5d873d7dbb80349d1,vid_1334a563691c2170,person2,Left,Correct,1,0,0,Correct,-0.843123885074475,True
rep_ff72086c1823042be9,1334a563691c21703bad8f2fc71670dcb1bbeea7f93665d5d873d7dbb80349d1,vid_1334a563691c2170,person2,Right,Correct,1,0,0,Correct,-0.7552611850584984,True
rep_d348e469e89a781661,1334a563691c21703bad8f2fc71670dcb1bbeea7f93665d5d873d7dbb80349d1,vid_1334a563691c2170,person2,Left,Correct,1,0,0,Correct,-0.8615334260607167,True
rep_e8d9e0d9e521cb4474,1334a563691c21703bad8f2fc71670dcb1bbeea7f93665d5d873d7dbb80349d1,vid_1334a563691c2170,person2,Left,Correct,1,0,0,Correct,-0.503430911464504,True
rep_496c495105f1f840b1,1334a563691c21703bad8f2fc71670dcb1bbeea7f93665d5d873d7dbb80349d1,vid_1334a563691c2170,person2,Right,Correct,1,0,1,Incorrect,0.08776172740103777,False
rep_fbee42bcc84ad72a70,1334a563691c21703bad8f2fc71670dcb1bbeea7f93665d5d873d7dbb80349d1,vid_1334a563691c2170,person2,Right,Correct,1,0,0,Correct,-0.4430299069698921,True
rep_27f29611af9d868d70,1334a563691c21703bad8f2fc71670dcb1bbeea7f93665d5d873d7dbb80349d1,vid_1334a563691c2170,person2,Right,Correct,1,0,1,Incorrect,0.08719188085544521,False
rep_96581b03de4436e334,769bc27d1c4abfab17064a24193171b531343a6f96e448af24ab306e6eaa56bd,vid_769bc27d1c4abfab,person2,Right,Correct,4,0,0,Correct,-1.181968692182675,True
rep_f58658b961ff048335,769bc27d1c4abfab17064a24193171b531343a6f96e448af24ab306e6eaa56bd,vid_769bc27d1c4abfab,person2,Left,Correct,4,0,0,Correct,-0.7630024721455623,True
rep_0da66c37aeaee10dba,769bc27d1c4abfab17064a24193171b531343a6f96e448af24ab306e6eaa56bd,vid_769bc27d1c4abfab,person2,Left,Correct,4,0,0,Correct,-1.0729959801270605,True
rep_c4774628dd2fa04641,769bc27d1c4abfab17064a24193171b531343a6f96e448af24ab306e6eaa56bd,vid_769bc27d1c4abfab,person2,Right,Correct,4,0,1,Incorrect,0.37461850467942187,False
rep_15de4676677de916d0,769bc27d1c4abfab17064a24193171b531343a6f96e448af24ab306e6eaa56bd,vid_769bc27d1c4abfab,person2,Right,Incorrect,4,1,0,Correct,-0.6670164066384509,False
rep_506fc27703682724ad,769bc27d1c4abfab17064a24193171b531343a6f96e448af24ab306e6eaa56bd,vid_769bc27d1c4abfab,person2,Right,Incorrect,4,1,1,Incorrect,0.452169332345443,True
rep_50437be04b9a9a36ed,769bc27d1c4abfab17064a24193171b531343a6f96e448af24ab306e6eaa56bd,vid_769bc27d1c4abfab,person2,Left,Incorrect,4,1,0,Correct,-0.29395959699927365,False
rep_a8f87271f827579bc4,769bc27d1c4abfab17064a24193171b531343a6f96e448af24ab306e6eaa56bd,vid_769bc27d1c4abfab,person2,Left,Incorrect,4,1,1,Incorrect,0.7251220980272457,True
rep_3f57d674d3d25f06bc,769bc27d1c4abfab17064a24193171b531343a6f96e448af24ab306e6eaa56bd,vid_769bc27d1c4abfab,person2,Left,Correct,4,0,0,Correct,-1.117666724692421,True
rep_2a80f26013fc49beb7,769bc27d1c4abfab17064a24193171b531343a6f96e448af24ab306e6eaa56bd,vid_769bc27d1c4abfab,person2,Right,Correct,4,0,0,Correct,-0.13722384467938642,True
rep_830e9ff6471c2e6ac0,769bc27d1c4abfab17064a24193171b531343a6f96e448af24ab306e6eaa56bd,vid_769bc27d1c4abfab,person2,Right,Incorrect,4,1,1,Incorrect,1.4960884754722485,True
rep_d06e09af4456675bf7,769bc27d1c4abfab17064a24193171b531343a6f96e448af24ab306e6eaa56bd,vid_769bc27d1c4abfab,person2,Right,Incorrect,4,1,1,Incorrect,0.08815780207500129,True
rep_2073ececf0915178cc,769bc27d1c4abfab17064a24193171b531343a6f96e448af24ab306e6eaa56bd,vid_769bc27d1c4abfab,person2,Left,Incorrect,4,1,0,Correct,-0.044855872437428945,False
rep_b99bfda2386efa860d,769bc27d1c4abfab17064a24193171b531343a6f96e448af24ab306e6eaa56bd,vid_769bc27d1c4abfab,person2,Left,Correct,4,0,0,Correct,-1.0018935055419318,True
rep_ceb27ce1bfcd40e009,d5dd3c73ecfdd074e9209c7a26abee875b7b134b366aea3d36923562310edd07,vid_d5dd3c73ecfdd074,person3,Right,Correct,4,0,0,Correct,-1.3188562815247935,True
rep_ed49f7e3ae23c14632,d5dd3c73ecfdd074e9209c7a26abee875b7b134b366aea3d36923562310edd07,vid_d5dd3c73ecfdd074,person3,Left,Correct,4,0,0,Correct,-1.5291532383786608,True
rep_25ebac40f9fffdcd03,d5dd3c73ecfdd074e9209c7a26abee875b7b134b366aea3d36923562310edd07,vid_d5dd3c73ecfdd074,person3,Right,Correct,4,0,0,Correct,-0.8059877665730829,True
rep_f31c86caa9c9a81254,d5dd3c73ecfdd074e9209c7a26abee875b7b134b366aea3d36923562310edd07,vid_d5dd3c73ecfdd074,person3,Left,Correct,4,0,0,Correct,-1.0158052181125057,True
rep_374cd3d66f0b6ae7da,d5dd3c73ecfdd074e9209c7a26abee875b7b134b366aea3d36923562310edd07,vid_d5dd3c73ecfdd074,person3,Right,Correct,4,0,0,Correct,-1.0400587085234658,True
rep_9145ce2ee0edd05abc,d5dd3c73ecfdd074e9209c7a26abee875b7b134b366aea3d36923562310edd07,vid_d5dd3c73ecfdd074,person3,Left,Correct,4,0,0,Correct,-0.8255693812515211,True
rep_0842956941b20f23e2,d5dd3c73ecfdd074e9209c7a26abee875b7b134b366aea3d36923562310edd07,vid_d5dd3c73ecfdd074,person3,Right,Correct,4,0,0,Correct,-0.5751406367528967,True
rep_bb77b1ff42cedb3170,d5dd3c73ecfdd074e9209c7a26abee875b7b134b366aea3d36923562310edd07,vid_d5dd3c73ecfdd074,person3,Left,Correct,4,0,0,Correct,-0.893241457144684,True
rep_99a949701e9d3cb359,d5dd3c73ecfdd074e9209c7a26abee875b7b134b366aea3d36923562310edd07,vid_d5dd3c73ecfdd074,person3,Right,Correct,4,0,0,Correct,-1.1620256655402499,True
rep_3521755f47891373fb,d5dd3c73ecfdd074e9209c7a26abee875b7b134b366aea3d36923562310edd07,vid_d5dd3c73ecfdd074,person3,Left,Correct,4,0,0,Correct,-0.7288113027412492,True
rep_74b1650c1e192f8b21,d5dd3c73ecfdd074e9209c7a26abee875b7b134b366aea3d36923562310edd07,vid_d5dd3c73ecfdd074,person3,Right,Correct,4,0,0,Correct,-1.4641381367826285,True
rep_931a64113a41501185,d5dd3c73ecfdd074e9209c7a26abee875b7b134b366aea3d36923562310edd07,vid_d5dd3c73ecfdd074,person3,Left,Correct,4,0,0,Correct,-1.1123268741398822,True
rep_0e7a579eafe33e64d5,e2fbdd20b335321fb0ad7d976851d8f2edd53434be2f118544c1084dce97e339,vid_e2fbdd20b335321f,person3,Right,Correct,0,0,0,Correct,-1.5678220484174936,True
rep_3bd189643926330002,e2fbdd20b335321fb0ad7d976851d8f2edd53434be2f118544c1084dce97e339,vid_e2fbdd20b335321f,person3,Left,Correct,0,0,0,Correct,-1.020474011420339,True
rep_a688119e8807169567,e2fbdd20b335321fb0ad7d976851d8f2edd53434be2f118544c1084dce97e339,vid_e2fbdd20b335321f,person3,Right,Correct,0,0,0,Correct,-1.631349697857282,True
rep_e586c2d87bca5883fe,e2fbdd20b335321fb0ad7d976851d8f2edd53434be2f118544c1084dce97e339,vid_e2fbdd20b335321f,person3,Left,Correct,0,0,0,Correct,-1.288695943832174,True
rep_4401202746b68b5331,e2fbdd20b335321fb0ad7d976851d8f2edd53434be2f118544c1084dce97e339,vid_e2fbdd20b335321f,person3,Right,Incorrect,0,1,0,Correct,-0.6049626954121573,False
rep_44b1272fd8a9d6b943,e2fbdd20b335321fb0ad7d976851d8f2edd53434be2f118544c1084dce97e339,vid_e2fbdd20b335321f,person3,Left,Incorrect,0,1,1,Incorrect,0.6573352562134094,True
rep_39093c9edb2675b1e2,e2fbdd20b335321fb0ad7d976851d8f2edd53434be2f118544c1084dce97e339,vid_e2fbdd20b335321f,person3,Right,Incorrect,0,1,1,Incorrect,1.5815183222091376,True
rep_4dc2ae4ad47611b5cf,e2fbdd20b335321fb0ad7d976851d8f2edd53434be2f118544c1084dce97e339,vid_e2fbdd20b335321f,person3,Left,Incorrect,0,1,1,Incorrect,0.5247928983131659,True
rep_6d5a12d97b49f35b0b,6dbe8779159bce47abbba2f683d04520514a6f18d7ce789ee88a57ab64cc4b5b,vid_6dbe8779159bce47,person4,Right,Incorrect,2,1,1,Incorrect,0.12447562205799123,True
rep_c39bf43c73a524fc03,6dbe8779159bce47abbba2f683d04520514a6f18d7ce789ee88a57ab64cc4b5b,vid_6dbe8779159bce47,person4,Left,Correct,2,0,0,Correct,-0.5820798191820004,True
rep_3e2b0d854af171fe50,6dbe8779159bce47abbba2f683d04520514a6f18d7ce789ee88a57ab64cc4b5b,vid_6dbe8779159bce47,person4,Right,Incorrect,2,1,1,Incorrect,0.7122617707194073,True
rep_f70d7f024f22be7f97,6dbe8779159bce47abbba2f683d04520514a6f18d7ce789ee88a57ab64cc4b5b,vid_6dbe8779159bce47,person4,Left,Correct,2,0,0,Correct,-0.8390188298358069,True
rep_cde7ca96475dc38287,6dbe8779159bce47abbba2f683d04520514a6f18d7ce789ee88a57ab64cc4b5b,vid_6dbe8779159bce47,person4,Right,Incorrect,2,1,1,Incorrect,0.9392044150363446,True
rep_52ea159192f8fc5a18,6dbe8779159bce47abbba2f683d04520514a6f18d7ce789ee88a57ab64cc4b5b,vid_6dbe8779159bce47,person4,Left,Incorrect,2,1,0,Correct,-0.05598661292508833,False
rep_ffb088c184f9250a80,6dbe8779159bce47abbba2f683d04520514a6f18d7ce789ee88a57ab64cc4b5b,vid_6dbe8779159bce47,person4,Left,Incorrect,2,1,1,Incorrect,0.32706616327381777,True
rep_ecc384666d3fc61013,6dbe8779159bce47abbba2f683d04520514a6f18d7ce789ee88a57ab64cc4b5b,vid_6dbe8779159bce47,person4,Left,Incorrect,2,1,1,Incorrect,0.19724859554316365,True
rep_1f4a610c3defe53722,03222b4845d8ef2c3f4e08e3875534163998d9d4d2f61daa16335188ceda6f89,vid_03222b4845d8ef2c,person4,Left,Incorrect,3,1,0,Correct,-0.35670601112847866,False
rep_3175004fbb9db3a0f3,03222b4845d8ef2c3f4e08e3875534163998d9d4d2f61daa16335188ceda6f89,vid_03222b4845d8ef2c,person4,Right,Incorrect,3,1,1,Incorrect,0.40389710624452363,True
rep_52a2c5c414944694f1,03222b4845d8ef2c3f4e08e3875534163998d9d4d2f61daa16335188ceda6f89,vid_03222b4845d8ef2c,person4,Left,Incorrect,3,1,0,Correct,-0.23213940041182268,False
rep_6d548704cfd01f491a,03222b4845d8ef2c3f4e08e3875534163998d9d4d2f61daa16335188ceda6f89,vid_03222b4845d8ef2c,person4,Right,Incorrect,3,1,1,Incorrect,0.5285779865054849,True
rep_ac1e97d62d5c2b56a0,03222b4845d8ef2c3f4e08e3875534163998d9d4d2f61daa16335188ceda6f89,vid_03222b4845d8ef2c,person4,Left,Incorrect,3,1,0,Correct,-0.2658228861883686,False
rep_29323d0780eb56b21d,03222b4845d8ef2c3f4e08e3875534163998d9d4d2f61daa16335188ceda6f89,vid_03222b4845d8ef2c,person4,Right,Incorrect,3,1,0,Correct,-0.2824015711789589,False
rep_59893c3e996fee9c34,03222b4845d8ef2c3f4e08e3875534163998d9d4d2f61daa16335188ceda6f89,vid_03222b4845d8ef2c,person4,Left,Incorrect,3,1,0,Correct,-0.13196550330389445,False
rep_2b168be9071d57530d,03222b4845d8ef2c3f4e08e3875534163998d9d4d2f61daa16335188ceda6f89,vid_03222b4845d8ef2c,person4,Left,Incorrect,3,1,0,Correct,-0.6725517822670362,False
rep_6ccabad19ce4f7ab3f,03222b4845d8ef2c3f4e08e3875534163998d9d4d2f61daa16335188ceda6f89,vid_03222b4845d8ef2c,person4,Left,Incorrect,3,1,0,Correct,-0.2362364800516229,False
rep_db11ea7c1113500c85,03222b4845d8ef2c3f4e08e3875534163998d9d4d2f61daa16335188ceda6f89,vid_03222b4845d8ef2c,person4,Right,Incorrect,3,1,1,Incorrect,0.29001219778161985,True
rep_07b241628c6745b2c2,762b204cd565ac52dfc6deaac7575e22d59eb82b30d82af9880cc5067213a65e,vid_762b204cd565ac52,person4,Right,Correct,1,0,0,Correct,-0.4163587881695394,True
rep_45d0e83c2ac0045b55,762b204cd565ac52dfc6deaac7575e22d59eb82b30d82af9880cc5067213a65e,vid_762b204cd565ac52,person4,Left,Correct,1,0,0,Correct,-1.228944852040411,True
rep_74c3a7e79d3520b0b8,762b204cd565ac52dfc6deaac7575e22d59eb82b30d82af9880cc5067213a65e,vid_762b204cd565ac52,person4,Left,Correct,1,0,0,Correct,-0.6665677965534381,True
rep_497a451e0b4ab0dff3,762b204cd565ac52dfc6deaac7575e22d59eb82b30d82af9880cc5067213a65e,vid_762b204cd565ac52,person4,Left,Correct,1,0,0,Correct,-0.4063522785067989,True
rep_210c60fdf8d5448ec9,762b204cd565ac52dfc6deaac7575e22d59eb82b30d82af9880cc5067213a65e,vid_762b204cd565ac52,person4,Left,Correct,1,0,0,Correct,-0.6085591741064219,True
rep_7600ddc1c7518532b0,762b204cd565ac52dfc6deaac7575e22d59eb82b30d82af9880cc5067213a65e,vid_762b204cd565ac52,person4,Left,Correct,1,0,0,Correct,-0.8441682911377605,True
rep_2b1b56fcdf686f87e9,762b204cd565ac52dfc6deaac7575e22d59eb82b30d82af9880cc5067213a65e,vid_762b204cd565ac52,person4,Left,Correct,1,0,0,Correct,-0.9923533047048433,True
rep_5fefb43622c2eda5a6,762b204cd565ac52dfc6deaac7575e22d59eb82b30d82af9880cc5067213a65e,vid_762b204cd565ac52,person4,Left,Correct,1,0,0,Correct,-1.0219419037350854,True
rep_3bd69e41cd57266903,762b204cd565ac52dfc6deaac7575e22d59eb82b30d82af9880cc5067213a65e,vid_762b204cd565ac52,person4,Right,Correct,1,0,0,Correct,-1.5419343303547839,True
rep_d761ba3d8f066eef71,a098f327a26fe8774c684ebae4a490737007ec44cf4386fa077d0dc67d26da8b,vid_a098f327a26fe877,person4,Right,Correct,0,0,0,Correct,-1.0182647695204672,True
rep_2b4256b8b20205abf2,a098f327a26fe8774c684ebae4a490737007ec44cf4386fa077d0dc67d26da8b,vid_a098f327a26fe877,person4,Right,Correct,0,0,0,Correct,-1.0198663325292596,True
rep_20525de896af3c2e51,a098f327a26fe8774c684ebae4a490737007ec44cf4386fa077d0dc67d26da8b,vid_a098f327a26fe877,person4,Left,Correct,0,0,0,Correct,-1.2427661194908026,True
rep_f5ef6c0161f1b2bb87,a098f327a26fe8774c684ebae4a490737007ec44cf4386fa077d0dc67d26da8b,vid_a098f327a26fe877,person4,Left,Correct,0,0,0,Correct,-1.0082604889057127,True
rep_8cafe422282d959530,a098f327a26fe8774c684ebae4a490737007ec44cf4386fa077d0dc67d26da8b,vid_a098f327a26fe877,person4,Left,Correct,0,0,0,Correct,-1.5130902317392745,True
rep_9b959c53711117bcab,a098f327a26fe8774c684ebae4a490737007ec44cf4386fa077d0dc67d26da8b,vid_a098f327a26fe877,person4,Right,Correct,0,0,0,Correct,-1.3011907503286597,True
rep_2d5fa419c6ca6c569a,a098f327a26fe8774c684ebae4a490737007ec44cf4386fa077d0dc67d26da8b,vid_a098f327a26fe877,person4,Right,Correct,0,0,0,Correct,-0.26224800597867537,True
rep_73da4dbfe62e87e2ac,a098f327a26fe8774c684ebae4a490737007ec44cf4386fa077d0dc67d26da8b,vid_a098f327a26fe877,person4,Left,Correct,0,0,0,Correct,-0.86415605117285,True
rep_89410eaac0367f3a17,a098f327a26fe8774c684ebae4a490737007ec44cf4386fa077d0dc67d26da8b,vid_a098f327a26fe877,person4,Right,Correct,0,0,0,Correct,-1.0282880952648137,True
rep_a9e0a6a7f11f1efc53,a098f327a26fe8774c684ebae4a490737007ec44cf4386fa077d0dc67d26da8b,vid_a098f327a26fe877,person4,Right,Correct,0,0,0,Correct,-0.9685277463726566,True
rep_b652806afe1fe9072b,a098f327a26fe8774c684ebae4a490737007ec44cf4386fa077d0dc67d26da8b,vid_a098f327a26fe877,person4,Left,Correct,0,0,0,Correct,-1.282888401093893,True
rep_36e091bfd9c6523606,c63ebda7f39171bc5a2e686eb158743667393b6c138ec80830dc8b643869caf5,vid_c63ebda7f39171bc,person4,Right,Correct,2,0,0,Correct,-1.443664309565222,True
rep_946de87b024761fafe,c63ebda7f39171bc5a2e686eb158743667393b6c138ec80830dc8b643869caf5,vid_c63ebda7f39171bc,person4,Left,Correct,2,0,0,Correct,-1.3922556724836044,True
rep_35e3d2cee2f75e3e22,c63ebda7f39171bc5a2e686eb158743667393b6c138ec80830dc8b643869caf5,vid_c63ebda7f39171bc,person4,Right,Correct,2,0,0,Correct,-1.2134713280491818,True
rep_2adad38065a30e32ca,c63ebda7f39171bc5a2e686eb158743667393b6c138ec80830dc8b643869caf5,vid_c63ebda7f39171bc,person4,Right,Correct,2,0,0,Correct,-1.1340081222084555,True
rep_ff671892c1724ab31e,c63ebda7f39171bc5a2e686eb158743667393b6c138ec80830dc8b643869caf5,vid_c63ebda7f39171bc,person4,Left,Correct,2,0,0,Correct,-1.4864170370567806,True
rep_bd8591da4c0c8237a0,c63ebda7f39171bc5a2e686eb158743667393b6c138ec80830dc8b643869caf5,vid_c63ebda7f39171bc,person4,Left,Correct,2,0,0,Correct,-1.5796734521966989,True
rep_ad037e7a08fb6f68f3,c63ebda7f39171bc5a2e686eb158743667393b6c138ec80830dc8b643869caf5,vid_c63ebda7f39171bc,person4,Right,Correct,2,0,0,Correct,-0.698279983109824,True
rep_192fcfc43111194ede,c63ebda7f39171bc5a2e686eb158743667393b6c138ec80830dc8b643869caf5,vid_c63ebda7f39171bc,person4,Left,Correct,2,0,0,Correct,-1.3249222216903442,True
rep_41d7f4014c8377557d,c63ebda7f39171bc5a2e686eb158743667393b6c138ec80830dc8b643869caf5,vid_c63ebda7f39171bc,person4,Left,Correct,2,0,0,Correct,-1.519992067332375,True
rep_d5a43d3ea2a3e2ae47,c63ebda7f39171bc5a2e686eb158743667393b6c138ec80830dc8b643869caf5,vid_c63ebda7f39171bc,person4,Right,Correct,2,0,0,Correct,-1.1308651070874913,True
rep_3a308bcf386c6a7ee0,c63ebda7f39171bc5a2e686eb158743667393b6c138ec80830dc8b643869caf5,vid_c63ebda7f39171bc,person4,Left,Correct,2,0,0,Correct,-1.6592736233454386,True
rep_2bca3e223f0ea212b4,c63ebda7f39171bc5a2e686eb158743667393b6c138ec80830dc8b643869caf5,vid_c63ebda7f39171bc,person4,Right,Correct,2,0,0,Correct,-0.7574942778401249,True
rep_6ba25eaa22a69f22ea,4d1daeb09e2c1b0e8d3930e205897ae84d6a3ce8235a0f45b0b791a77cf200c3,vid_4d1daeb09e2c1b0e,person4,Right,Correct,3,0,0,Correct,-1.4271065772710698,True
rep_c47dfb83a60baa7049,4d1daeb09e2c1b0e8d3930e205897ae84d6a3ce8235a0f45b0b791a77cf200c3,vid_4d1daeb09e2c1b0e,person4,Right,Correct,3,0,0,Correct,-1.3502943310665652,True
rep_f6ac69e13453320ef3,4d1daeb09e2c1b0e8d3930e205897ae84d6a3ce8235a0f45b0b791a77cf200c3,vid_4d1daeb09e2c1b0e,person4,Left,Correct,3,0,0,Correct,-1.5755719348646062,True
rep_4fc424027655115822,4d1daeb09e2c1b0e8d3930e205897ae84d6a3ce8235a0f45b0b791a77cf200c3,vid_4d1daeb09e2c1b0e,person4,Right,Correct,3,0,0,Correct,-1.438641440688043,True
rep_11a1d40991198961f0,4d1daeb09e2c1b0e8d3930e205897ae84d6a3ce8235a0f45b0b791a77cf200c3,vid_4d1daeb09e2c1b0e,person4,Right,Correct,3,0,0,Correct,-1.1064927971889227,True
rep_63276acd130a1a16ce,4d1daeb09e2c1b0e8d3930e205897ae84d6a3ce8235a0f45b0b791a77cf200c3,vid_4d1daeb09e2c1b0e,person4,Left,Correct,3,0,0,Correct,-0.6760069076188462,True
rep_b2360b4774599f8408,4d1daeb09e2c1b0e8d3930e205897ae84d6a3ce8235a0f45b0b791a77cf200c3,vid_4d1daeb09e2c1b0e,person4,Left,Correct,3,0,0,Correct,-1.6703249913067646,True
rep_d8f0afe79b91d46b4e,4d1daeb09e2c1b0e8d3930e205897ae84d6a3ce8235a0f45b0b791a77cf200c3,vid_4d1daeb09e2c1b0e,person4,Right,Correct,3,0,0,Correct,-0.7570232474454603,True
rep_0def6e3c339b9e5a3a,4d1daeb09e2c1b0e8d3930e205897ae84d6a3ce8235a0f45b0b791a77cf200c3,vid_4d1daeb09e2c1b0e,person4,Left,Correct,3,0,0,Correct,-0.7852329350313569,True
rep_3b63838c9199bc61e4,4d1daeb09e2c1b0e8d3930e205897ae84d6a3ce8235a0f45b0b791a77cf200c3,vid_4d1daeb09e2c1b0e,person4,Left,Correct,3,0,0,Correct,-1.482157300184991,True
rep_02baf361a41927f7e1,a7e0a74bb2cacc238320858de25d30ce6495e8cd04b46aea3b3d024289aca5db,vid_a7e0a74bb2cacc23,person5,Left,Incorrect,1,1,1,Incorrect,0.18658057766856104,True
rep_443563c8a2fba0febe,a7e0a74bb2cacc238320858de25d30ce6495e8cd04b46aea3b3d024289aca5db,vid_a7e0a74bb2cacc23,person5,Right,Incorrect,1,1,1,Incorrect,0.2542194511504112,True
rep_826841f39e9298f126,a7e0a74bb2cacc238320858de25d30ce6495e8cd04b46aea3b3d024289aca5db,vid_a7e0a74bb2cacc23,person5,Right,Incorrect,1,1,1,Incorrect,0.28018002029193967,True
rep_cd3eab9efb5a4c93d3,a7e0a74bb2cacc238320858de25d30ce6495e8cd04b46aea3b3d024289aca5db,vid_a7e0a74bb2cacc23,person5,Right,Incorrect,1,1,1,Incorrect,0.34529590727247905,True
rep_3138501c806e115527,a7e0a74bb2cacc238320858de25d30ce6495e8cd04b46aea3b3d024289aca5db,vid_a7e0a74bb2cacc23,person5,Right,Incorrect,1,1,1,Incorrect,0.16694374355161995,True
rep_9b8cb4166cbacaada7,a7e0a74bb2cacc238320858de25d30ce6495e8cd04b46aea3b3d024289aca5db,vid_a7e0a74bb2cacc23,person5,Right,Incorrect,1,1,1,Incorrect,0.24815819512586962,True
rep_fd1259ada4de072a01,a7e0a74bb2cacc238320858de25d30ce6495e8cd04b46aea3b3d024289aca5db,vid_a7e0a74bb2cacc23,person5,Left,Incorrect,1,1,1,Incorrect,0.33673330004679786,True
rep_dd74432211f9ffa5e1,a7e0a74bb2cacc238320858de25d30ce6495e8cd04b46aea3b3d024289aca5db,vid_a7e0a74bb2cacc23,person5,Left,Incorrect,1,1,1,Incorrect,0.24816430335457537,True
rep_91609c5df4bead6c69,a7e0a74bb2cacc238320858de25d30ce6495e8cd04b46aea3b3d024289aca5db,vid_a7e0a74bb2cacc23,person5,Left,Incorrect,1,1,1,Incorrect,0.14562053231793862,True
rep_a37330b43adea50a3e,a7e0a74bb2cacc238320858de25d30ce6495e8cd04b46aea3b3d024289aca5db,vid_a7e0a74bb2cacc23,person5,Left,Incorrect,1,1,1,Incorrect,0.18216911274328604,True
rep_4ad73d552251012434,a7e0a74bb2cacc238320858de25d30ce6495e8cd04b46aea3b3d024289aca5db,vid_a7e0a74bb2cacc23,person5,Left,Incorrect,1,1,1,Incorrect,0.32081233947868665,True
rep_fa168bf284d8c96c8f,ac42199741c9c0c13105fcb9fddaa253e6440d9eb036a6fdc179c8b8090134ba,vid_ac42199741c9c0c1,person5,Left,Incorrect,4,1,1,Incorrect,1.0600322602766488,True
rep_acba12d05fb8cb1071,ac42199741c9c0c13105fcb9fddaa253e6440d9eb036a6fdc179c8b8090134ba,vid_ac42199741c9c0c1,person5,Left,Incorrect,4,1,1,Incorrect,0.10150658393733075,True
rep_fa63fb414a09fba399,ac42199741c9c0c13105fcb9fddaa253e6440d9eb036a6fdc179c8b8090134ba,vid_ac42199741c9c0c1,person5,Left,Incorrect,4,1,1,Incorrect,0.46471749969550485,True
rep_8c2b0e419612f75982,ac42199741c9c0c13105fcb9fddaa253e6440d9eb036a6fdc179c8b8090134ba,vid_ac42199741c9c0c1,person5,Left,Incorrect,4,1,1,Incorrect,0.4378285556822823,True
rep_60375464ef15bd70a9,ac42199741c9c0c13105fcb9fddaa253e6440d9eb036a6fdc179c8b8090134ba,vid_ac42199741c9c0c1,person5,Right,Incorrect,4,1,1,Incorrect,0.8249182444477247,True
rep_8e0838c69b44e0e484,ac42199741c9c0c13105fcb9fddaa253e6440d9eb036a6fdc179c8b8090134ba,vid_ac42199741c9c0c1,person5,Right,Incorrect,4,1,1,Incorrect,1.169204133450048,True
rep_a9527922a989ef766d,ac42199741c9c0c13105fcb9fddaa253e6440d9eb036a6fdc179c8b8090134ba,vid_ac42199741c9c0c1,person5,Right,Incorrect,4,1,1,Incorrect,0.6271964398168547,True
rep_7b675a687f7d9e628c,ac42199741c9c0c13105fcb9fddaa253e6440d9eb036a6fdc179c8b8090134ba,vid_ac42199741c9c0c1,person5,Right,Incorrect,4,1,1,Incorrect,0.700857682100094,True
rep_88e19ee5be79751d7e,8c19cbd3c181b15a570e9ee6a8a3ea6e41697c1947c4fede3395219d1cb4954e,vid_8c19cbd3c181b15a,person5,Left,Correct,4,0,0,Correct,-1.1535349191350797,True
rep_e0083818482a4934d7,8c19cbd3c181b15a570e9ee6a8a3ea6e41697c1947c4fede3395219d1cb4954e,vid_8c19cbd3c181b15a,person5,Left,Correct,4,0,0,Correct,-1.5452090145934338,True
rep_a1e37a6d86f9be1dbb,8c19cbd3c181b15a570e9ee6a8a3ea6e41697c1947c4fede3395219d1cb4954e,vid_8c19cbd3c181b15a,person5,Left,Correct,4,0,0,Correct,-1.18057770677468,True
rep_051c9c524e3b73459a,8c19cbd3c181b15a570e9ee6a8a3ea6e41697c1947c4fede3395219d1cb4954e,vid_8c19cbd3c181b15a,person5,Right,Correct,4,0,0,Correct,-1.522974548723497,True
rep_d70a06a71c2b8e94b3,8c19cbd3c181b15a570e9ee6a8a3ea6e41697c1947c4fede3395219d1cb4954e,vid_8c19cbd3c181b15a,person5,Right,Correct,4,0,0,Correct,-1.5491078355582788,True
rep_fd22cdda358387a39d,8c19cbd3c181b15a570e9ee6a8a3ea6e41697c1947c4fede3395219d1cb4954e,vid_8c19cbd3c181b15a,person5,Right,Correct,4,0,0,Correct,-1.7095940381304295,True
rep_7d900f8fa9436f8bcc,8c19cbd3c181b15a570e9ee6a8a3ea6e41697c1947c4fede3395219d1cb4954e,vid_8c19cbd3c181b15a,person5,Right,Correct,4,0,0,Correct,-0.6198652655128346,True
rep_8c67fa02a8495509fc,fd3e2ae78827f6293b40641acd30e299663ba0b53240de5b6740936f2861e952,vid_fd3e2ae78827f629,person5,Left,Correct,3,0,0,Correct,-0.03802645455269493,True
rep_82d242d849eeae0237,fd3e2ae78827f6293b40641acd30e299663ba0b53240de5b6740936f2861e952,vid_fd3e2ae78827f629,person5,Left,Correct,3,0,1,Incorrect,0.013749313303409783,False
rep_010c51d0b4570e895d,fd3e2ae78827f6293b40641acd30e299663ba0b53240de5b6740936f2861e952,vid_fd3e2ae78827f629,person5,Left,Correct,3,0,0,Correct,-0.42172714632788133,True
rep_6d4759beadb7cb7930,fd3e2ae78827f6293b40641acd30e299663ba0b53240de5b6740936f2861e952,vid_fd3e2ae78827f629,person5,Right,Correct,3,0,0,Correct,-1.6348933017337792,True
rep_725cbf72d2ac96e8be,fd3e2ae78827f6293b40641acd30e299663ba0b53240de5b6740936f2861e952,vid_fd3e2ae78827f629,person5,Right,Correct,3,0,0,Correct,-0.8609669646466525,True
rep_b69516d1c1792753ff,fd3e2ae78827f6293b40641acd30e299663ba0b53240de5b6740936f2861e952,vid_fd3e2ae78827f629,person5,Right,Correct,3,0,0,Correct,-1.6329310548364253,True
rep_c64a4599869d796b40,4a4b044fd46cca1000f792aa35bef133cdfd810f8dc903addb3b724ec7c216e3,vid_4a4b044fd46cca10,person5,Left,Correct,3,0,0,Correct,-1.233965989839068,True
rep_dcdc4f2da30a32a6af,4a4b044fd46cca1000f792aa35bef133cdfd810f8dc903addb3b724ec7c216e3,vid_4a4b044fd46cca10,person5,Left,Correct,3,0,0,Correct,-1.0962579975777793,True
rep_a947b4bae2f945e240,4a4b044fd46cca1000f792aa35bef133cdfd810f8dc903addb3b724ec7c216e3,vid_4a4b044fd46cca10,person5,Left,Correct,3,0,0,Correct,-1.2977033931183644,True
rep_e29f489f8bd9080007,4a4b044fd46cca1000f792aa35bef133cdfd810f8dc903addb3b724ec7c216e3,vid_4a4b044fd46cca10,person5,Left,Correct,3,0,0,Correct,-1.4253499618989118,True
rep_7b14ee7f1080746461,4a4b044fd46cca1000f792aa35bef133cdfd810f8dc903addb3b724ec7c216e3,vid_4a4b044fd46cca10,person5,Right,Correct,3,0,0,Correct,-2.011044790850082,True
rep_e8bb0f69d30c556400,4a4b044fd46cca1000f792aa35bef133cdfd810f8dc903addb3b724ec7c216e3,vid_4a4b044fd46cca10,person5,Right,Correct,3,0,0,Correct,-1.3657872635411579,True
rep_c5eb98de0ecf39c224,4a4b044fd46cca1000f792aa35bef133cdfd810f8dc903addb3b724ec7c216e3,vid_4a4b044fd46cca10,person5,Right,Correct,3,0,0,Correct,-1.503684853045212,True
rep_ebc5faa71293b08f88,cccf82e3e7e7a94a53ac45e56881ae02d72c3a271212fd4f19e88e0626012211,vid_cccf82e3e7e7a94a,person1,Right,Correct,2,0,0,Correct,-0.2620827502334626,True
rep_8e15f367084c47cc58,cccf82e3e7e7a94a53ac45e56881ae02d72c3a271212fd4f19e88e0626012211,vid_cccf82e3e7e7a94a,person1,Right,Correct,2,0,0,Correct,-0.8411884571288163,True
rep_d869da055595c4deef,cccf82e3e7e7a94a53ac45e56881ae02d72c3a271212fd4f19e88e0626012211,vid_cccf82e3e7e7a94a,person1,Right,Correct,2,0,0,Correct,-0.42812102951875064,True
rep_d6c78d6a173b7fff30,cccf82e3e7e7a94a53ac45e56881ae02d72c3a271212fd4f19e88e0626012211,vid_cccf82e3e7e7a94a,person1,Right,Correct,2,0,0,Correct,-1.0779821163245176,True
rep_9c84c6e808098ddddd,cccf82e3e7e7a94a53ac45e56881ae02d72c3a271212fd4f19e88e0626012211,vid_cccf82e3e7e7a94a,person1,Right,Correct,2,0,0,Correct,-1.1446758644684003,True
rep_f8dd7411e8827b9d89,cccf82e3e7e7a94a53ac45e56881ae02d72c3a271212fd4f19e88e0626012211,vid_cccf82e3e7e7a94a,person1,Right,Correct,2,0,0,Correct,-0.6882267715486733,True
rep_167d453a980a90ffb1,cccf82e3e7e7a94a53ac45e56881ae02d72c3a271212fd4f19e88e0626012211,vid_cccf82e3e7e7a94a,person1,Right,Correct,2,0,0,Correct,-1.219331058730718,True
rep_0223c41078f59ba0c7,cccf82e3e7e7a94a53ac45e56881ae02d72c3a271212fd4f19e88e0626012211,vid_cccf82e3e7e7a94a,person1,Right,Correct,2,0,0,Correct,-0.9010024693356341,True
rep_6e23e4f49a60e42831,871bc1a5b112709b54bcc14e881b0f944c0e580f2f3b3db8767ecd6da43b1d5b,vid_871bc1a5b112709b,person1,Left,Correct,3,0,0,Correct,-0.9927650205500806,True
rep_e2c3d0e2d2b5678e36,871bc1a5b112709b54bcc14e881b0f944c0e580f2f3b3db8767ecd6da43b1d5b,vid_871bc1a5b112709b,person1,Left,Correct,3,0,0,Correct,-1.1347283329090554,True
rep_d0ff18f99d0f27f12c,871bc1a5b112709b54bcc14e881b0f944c0e580f2f3b3db8767ecd6da43b1d5b,vid_871bc1a5b112709b,person1,Left,Correct,3,0,0,Correct,-0.19261299317556724,True
rep_f90d8c60da13e3f372,871bc1a5b112709b54bcc14e881b0f944c0e580f2f3b3db8767ecd6da43b1d5b,vid_871bc1a5b112709b,person1,Left,Correct,3,0,0,Correct,-0.8901879053533979,True
rep_7a9e2557829a90b7e0,871bc1a5b112709b54bcc14e881b0f944c0e580f2f3b3db8767ecd6da43b1d5b,vid_871bc1a5b112709b,person1,Left,Correct,3,0,0,Correct,-0.3510444899735359,True
rep_d0b67e69c0399de83d,871bc1a5b112709b54bcc14e881b0f944c0e580f2f3b3db8767ecd6da43b1d5b,vid_871bc1a5b112709b,person1,Left,Correct,3,0,0,Correct,-0.6837786377326658,True
rep_9210747dded1234c01,871bc1a5b112709b54bcc14e881b0f944c0e580f2f3b3db8767ecd6da43b1d5b,vid_871bc1a5b112709b,person1,Left,Correct,3,0,0,Correct,-0.6774915287636869,True
rep_c3ae4bbb70cbada492,871bc1a5b112709b54bcc14e881b0f944c0e580f2f3b3db8767ecd6da43b1d5b,vid_871bc1a5b112709b,person1,Left,Correct,3,0,0,Correct,-0.615747089351278,True
rep_f3526932ce290edab5,871bc1a5b112709b54bcc14e881b0f944c0e580f2f3b3db8767ecd6da43b1d5b,vid_871bc1a5b112709b,person1,Left,Correct,3,0,0,Correct,-0.8092397478370903,True
rep_d16b4c22ff4fca8332,871bc1a5b112709b54bcc14e881b0f944c0e580f2f3b3db8767ecd6da43b1d5b,vid_871bc1a5b112709b,person1,Left,Correct,3,0,0,Correct,-1.1334228199209466,True
rep_2a706f670399059ddc,0c264aade3d2362157e8484603caa05154f40187f222e5540272f8f0b1764d2f,vid_0c264aade3d23621,person1,Left,Correct,1,0,0,Correct,-1.1519460516942424,True
rep_d7af2020d057934d50,5ecd6a78f9f6d143ddf980bf4c33c734eff0879442f9a19a8749de04f5f9018d,vid_5ecd6a78f9f6d143,person1,Right,Incorrect,1,1,0,Correct,-0.05687341288224501,False
rep_abd2c8c804430edc55,5ecd6a78f9f6d143ddf980bf4c33c734eff0879442f9a19a8749de04f5f9018d,vid_5ecd6a78f9f6d143,person1,Right,Incorrect,1,1,1,Incorrect,0.04118790156054919,True
rep_9aae73a476f0e1ecb0,5ecd6a78f9f6d143ddf980bf4c33c734eff0879442f9a19a8749de04f5f9018d,vid_5ecd6a78f9f6d143,person1,Right,Incorrect,1,1,1,Incorrect,0.10558414747068451,True
rep_a614111ef20922f016,5ecd6a78f9f6d143ddf980bf4c33c734eff0879442f9a19a8749de04f5f9018d,vid_5ecd6a78f9f6d143,person1,Right,Incorrect,1,1,1,Incorrect,0.4961009685293994,True
rep_c39d5255ec18bcee57,5ecd6a78f9f6d143ddf980bf4c33c734eff0879442f9a19a8749de04f5f9018d,vid_5ecd6a78f9f6d143,person1,Right,Incorrect,1,1,1,Incorrect,0.8998727609691171,True
rep_b5df2f9774dcb2df9c,5ecd6a78f9f6d143ddf980bf4c33c734eff0879442f9a19a8749de04f5f9018d,vid_5ecd6a78f9f6d143,person1,Right,Incorrect,1,1,1,Incorrect,0.5395559826659095,True
rep_723e60d2b4c013afb1,5ecd6a78f9f6d143ddf980bf4c33c734eff0879442f9a19a8749de04f5f9018d,vid_5ecd6a78f9f6d143,person1,Right,Incorrect,1,1,1,Incorrect,0.20764040173043177,True
rep_35b4b0fac466afddb0,5ecd6a78f9f6d143ddf980bf4c33c734eff0879442f9a19a8749de04f5f9018d,vid_5ecd6a78f9f6d143,person1,Right,Incorrect,1,1,1,Incorrect,0.06642081992007759,True
rep_27863e57422bec0cd1,e61ec8fb945f06ad3ef037f07f62253ccfe72e9b2c78303874976ee3e879c5d0,vid_e61ec8fb945f06ad,person1,Left,Incorrect,0,1,1,Incorrect,0.3306813940479063,True
rep_2f16162b29e51e2f78,e61ec8fb945f06ad3ef037f07f62253ccfe72e9b2c78303874976ee3e879c5d0,vid_e61ec8fb945f06ad,person1,Left,Incorrect,0,1,0,Correct,-0.2755648550743678,False
rep_6d7e4cbc3b8ce62f45,e61ec8fb945f06ad3ef037f07f62253ccfe72e9b2c78303874976ee3e879c5d0,vid_e61ec8fb945f06ad,person1,Left,Incorrect,0,1,0,Correct,-0.5306360856577845,False
rep_b1d03d4854933c563f,e61ec8fb945f06ad3ef037f07f62253ccfe72e9b2c78303874976ee3e879c5d0,vid_e61ec8fb945f06ad,person1,Left,Incorrect,0,1,1,Incorrect,0.7715033581045688,True
rep_7501569b908e793d35,e61ec8fb945f06ad3ef037f07f62253ccfe72e9b2c78303874976ee3e879c5d0,vid_e61ec8fb945f06ad,person1,Left,Incorrect,0,1,0,Correct,-0.45295807681368405,False
rep_7e51865d23f0a47ccb,e61ec8fb945f06ad3ef037f07f62253ccfe72e9b2c78303874976ee3e879c5d0,vid_e61ec8fb945f06ad,person1,Left,Incorrect,0,1,1,Incorrect,0.06530256979494836,True
rep_66de1799390f52427b,ffec5a0821a6c480242291313be77238c6457f817bfaf26e097ac25f311be36b,vid_ffec5a0821a6c480,person2,Right,Correct,4,0,0,Correct,-0.8165642422900313,True
rep_553468c167c3d10264,ffec5a0821a6c480242291313be77238c6457f817bfaf26e097ac25f311be36b,vid_ffec5a0821a6c480,person2,Right,Correct,4,0,0,Correct,-1.3809901060967995,True
rep_83421d321828b69e6d,ffec5a0821a6c480242291313be77238c6457f817bfaf26e097ac25f311be36b,vid_ffec5a0821a6c480,person2,Right,Correct,4,0,0,Correct,-0.8805865978885984,True
rep_5e045c199c05e4d1f5,ffec5a0821a6c480242291313be77238c6457f817bfaf26e097ac25f311be36b,vid_ffec5a0821a6c480,person2,Right,Correct,4,0,0,Correct,-1.045435518042721,True
rep_2a229748fc8b8dea38,ffec5a0821a6c480242291313be77238c6457f817bfaf26e097ac25f311be36b,vid_ffec5a0821a6c480,person2,Right,Correct,4,0,0,Correct,-1.0258604613395272,True
rep_ce3bc79cff8137bdbc,ffec5a0821a6c480242291313be77238c6457f817bfaf26e097ac25f311be36b,vid_ffec5a0821a6c480,person2,Right,Correct,4,0,0,Correct,-1.0287600553304195,True
rep_911557ec2316444144,ffec5a0821a6c480242291313be77238c6457f817bfaf26e097ac25f311be36b,vid_ffec5a0821a6c480,person2,Right,Correct,4,0,1,Incorrect,0.10868071035281446,False
rep_ed5503be0ec8ad904f,ffec5a0821a6c480242291313be77238c6457f817bfaf26e097ac25f311be36b,vid_ffec5a0821a6c480,person2,Right,Correct,4,0,1,Incorrect,0.562962983917707,False
rep_058f4e9eb34097e9af,ffec5a0821a6c480242291313be77238c6457f817bfaf26e097ac25f311be36b,vid_ffec5a0821a6c480,person2,Right,Correct,4,0,0,Correct,-0.8450324238713879,True
rep_0950635c9107f00107,ffec5a0821a6c480242291313be77238c6457f817bfaf26e097ac25f311be36b,vid_ffec5a0821a6c480,person2,Right,Correct,4,0,0,Correct,-1.2488876775704827,True
rep_e680b771aee91835f2,ffec5a0821a6c480242291313be77238c6457f817bfaf26e097ac25f311be36b,vid_ffec5a0821a6c480,person2,Right,Correct,4,0,0,Correct,-1.1308040373032955,True
rep_abfde45ee3011ded28,ffec5a0821a6c480242291313be77238c6457f817bfaf26e097ac25f311be36b,vid_ffec5a0821a6c480,person2,Right,Correct,4,0,0,Correct,-0.9630094706112448,True
rep_c9d185afbd34a49b2a,ffec5a0821a6c480242291313be77238c6457f817bfaf26e097ac25f311be36b,vid_ffec5a0821a6c480,person2,Right,Correct,4,0,0,Correct,-1.3514426052357105,True
rep_e69932267095995434,bbc5006a077ac6b1ae0a4687a5948efb8fc2626ea44d5f6a3498211d6038a9be,vid_bbc5006a077ac6b1,person2,Left,Correct,2,0,0,Correct,-1.1185117791918633,True
rep_dbbca0e9e8f0d1f5a2,bbc5006a077ac6b1ae0a4687a5948efb8fc2626ea44d5f6a3498211d6038a9be,vid_bbc5006a077ac6b1,person2,Left,Correct,2,0,0,Correct,-0.6308536753587958,True
rep_75e0f4a0f4886840c9,bbc5006a077ac6b1ae0a4687a5948efb8fc2626ea44d5f6a3498211d6038a9be,vid_bbc5006a077ac6b1,person2,Left,Correct,2,0,0,Correct,-0.41556108675011616,True
rep_84528959491488725c,bbc5006a077ac6b1ae0a4687a5948efb8fc2626ea44d5f6a3498211d6038a9be,vid_bbc5006a077ac6b1,person2,Left,Correct,2,0,0,Correct,-1.3000724303005167,True
rep_b0b26366e45af54e18,bbc5006a077ac6b1ae0a4687a5948efb8fc2626ea44d5f6a3498211d6038a9be,vid_bbc5006a077ac6b1,person2,Left,Correct,2,0,0,Correct,-1.2392095662740332,True
rep_eea76f3ce16712ba34,bbc5006a077ac6b1ae0a4687a5948efb8fc2626ea44d5f6a3498211d6038a9be,vid_bbc5006a077ac6b1,person2,Left,Correct,2,0,0,Correct,-0.9716440696833161,True
rep_6f6457b2c6082aad4b,bbc5006a077ac6b1ae0a4687a5948efb8fc2626ea44d5f6a3498211d6038a9be,vid_bbc5006a077ac6b1,person2,Left,Correct,2,0,0,Correct,-1.229615096520234,True
rep_96e0f2de75f010a545,bbc5006a077ac6b1ae0a4687a5948efb8fc2626ea44d5f6a3498211d6038a9be,vid_bbc5006a077ac6b1,person2,Left,Correct,2,0,0,Correct,-0.7984560759821765,True
rep_d4f184058e742c55a8,bbc5006a077ac6b1ae0a4687a5948efb8fc2626ea44d5f6a3498211d6038a9be,vid_bbc5006a077ac6b1,person2,Left,Correct,2,0,0,Correct,-0.15698194475706795,True
rep_a7b16cdf5f9c7677ca,bbc5006a077ac6b1ae0a4687a5948efb8fc2626ea44d5f6a3498211d6038a9be,vid_bbc5006a077ac6b1,person2,Left,Correct,2,0,0,Correct,-1.2380780376874494,True
rep_aee0a429a21693a253,aa01d8740a74fd7d726fb4246dcbce6ec50b9247f5a92306756e3493cccc1abc,vid_aa01d8740a74fd7d,person2,Right,Incorrect,0,1,0,Correct,-0.6618108048323502,False
rep_4a38d28ad2708bf974,aa01d8740a74fd7d726fb4246dcbce6ec50b9247f5a92306756e3493cccc1abc,vid_aa01d8740a74fd7d,person2,Right,Incorrect,0,1,1,Incorrect,0.8521224343661835,True
rep_1c63cefc535235092e,aa01d8740a74fd7d726fb4246dcbce6ec50b9247f5a92306756e3493cccc1abc,vid_aa01d8740a74fd7d,person2,Right,Incorrect,0,1,1,Incorrect,1.2508310683064092,True
rep_79c5c294b8bda9221b,aa01d8740a74fd7d726fb4246dcbce6ec50b9247f5a92306756e3493cccc1abc,vid_aa01d8740a74fd7d,person2,Right,Incorrect,0,1,1,Incorrect,0.617766269139418,True
rep_cec13eefff34409cdb,aa01d8740a74fd7d726fb4246dcbce6ec50b9247f5a92306756e3493cccc1abc,vid_aa01d8740a74fd7d,person2,Right,Incorrect,0,1,0,Correct,-0.7005144711480892,False
rep_6e34e000e401e92ab6,aa01d8740a74fd7d726fb4246dcbce6ec50b9247f5a92306756e3493cccc1abc,vid_aa01d8740a74fd7d,person2,Right,Incorrect,0,1,0,Correct,-0.5632591057260949,False
rep_865eff11a82c98aff9,aa01d8740a74fd7d726fb4246dcbce6ec50b9247f5a92306756e3493cccc1abc,vid_aa01d8740a74fd7d,person2,Right,Incorrect,0,1,0,Correct,-0.03260118997721012,False
rep_834edc610f0edab7bf,aa01d8740a74fd7d726fb4246dcbce6ec50b9247f5a92306756e3493cccc1abc,vid_aa01d8740a74fd7d,person2,Right,Incorrect,0,1,0,Correct,-0.9586429390985832,False
rep_cddfc02155f1821b8f,33cbe5f84565bf3d8bb4e0c445c46cf78abfc5486aa4d22d79bb160b519c4969,vid_33cbe5f84565bf3d,person2,Left,Incorrect,2,1,0,Correct,-0.2643455603902678,False
rep_ee7d1d18c368991ac9,33cbe5f84565bf3d8bb4e0c445c46cf78abfc5486aa4d22d79bb160b519c4969,vid_33cbe5f84565bf3d,person2,Left,Incorrect,2,1,1,Incorrect,0.5155079995799209,True
rep_d5d4d4a1e507d6b680,33cbe5f84565bf3d8bb4e0c445c46cf78abfc5486aa4d22d79bb160b519c4969,vid_33cbe5f84565bf3d,person2,Left,Incorrect,2,1,1,Incorrect,0.03472581513808892,True
rep_022ebf6bb664f09d61,33cbe5f84565bf3d8bb4e0c445c46cf78abfc5486aa4d22d79bb160b519c4969,vid_33cbe5f84565bf3d,person2,Left,Incorrect,2,1,1,Incorrect,0.9285985503169099,True
rep_1469f4f4fb01f19d72,33cbe5f84565bf3d8bb4e0c445c46cf78abfc5486aa4d22d79bb160b519c4969,vid_33cbe5f84565bf3d,person2,Left,Incorrect,2,1,1,Incorrect,0.40639652460774583,True
rep_19561ede8233796b10,33cbe5f84565bf3d8bb4e0c445c46cf78abfc5486aa4d22d79bb160b519c4969,vid_33cbe5f84565bf3d,person2,Left,Incorrect,2,1,0,Correct,-0.21885254334282211,False
rep_f4b3097cc669548327,33cbe5f84565bf3d8bb4e0c445c46cf78abfc5486aa4d22d79bb160b519c4969,vid_33cbe5f84565bf3d,person2,Left,Incorrect,2,1,0,Correct,-0.536915948997185,False
rep_e1b6add5088147c3ba,33cbe5f84565bf3d8bb4e0c445c46cf78abfc5486aa4d22d79bb160b519c4969,vid_33cbe5f84565bf3d,person2,Left,Incorrect,2,1,1,Incorrect,0.5237821195699954,True
rep_d17ae39eb23db00ffb,33cbe5f84565bf3d8bb4e0c445c46cf78abfc5486aa4d22d79bb160b519c4969,vid_33cbe5f84565bf3d,person2,Left,Incorrect,2,1,1,Incorrect,1.5643531125777739,True
rep_b7b00586fe8bd0f1b6,33cbe5f84565bf3d8bb4e0c445c46cf78abfc5486aa4d22d79bb160b519c4969,vid_33cbe5f84565bf3d,person2,Left,Correct,2,0,0,Correct,-0.1518141438440228,True
rep_ad33ca17f825154427,33cbe5f84565bf3d8bb4e0c445c46cf78abfc5486aa4d22d79bb160b519c4969,vid_33cbe5f84565bf3d,person2,Left,Incorrect,2,1,1,Incorrect,0.08426405979982532,True
rep_44118ed2737a68ce85,33cbe5f84565bf3d8bb4e0c445c46cf78abfc5486aa4d22d79bb160b519c4969,vid_33cbe5f84565bf3d,person2,Left,Correct,2,0,0,Correct,-0.6069579837099507,True
rep_597f9b9e8bf941e18e,33cbe5f84565bf3d8bb4e0c445c46cf78abfc5486aa4d22d79bb160b519c4969,vid_33cbe5f84565bf3d,person2,Left,Incorrect,2,1,1,Incorrect,1.720552530417092,True
rep_adb80c25b2c9d425f3,3e2129fa15608b04610513ebfa1a6857a68032b8fe7b2d5eb4a064fd3f4ebcf1,vid_3e2129fa15608b04,person3,Right,Correct,2,0,0,Correct,-1.5256292750097558,True
rep_554e3ad8208e7b637c,3e2129fa15608b04610513ebfa1a6857a68032b8fe7b2d5eb4a064fd3f4ebcf1,vid_3e2129fa15608b04,person3,Right,Correct,2,0,0,Correct,-0.4139208954124117,True
rep_da2f0010908c6eb032,3e2129fa15608b04610513ebfa1a6857a68032b8fe7b2d5eb4a064fd3f4ebcf1,vid_3e2129fa15608b04,person3,Right,Correct,2,0,0,Correct,-0.8984171776880893,True
rep_0d63cb249dcc0744ef,3e2129fa15608b04610513ebfa1a6857a68032b8fe7b2d5eb4a064fd3f4ebcf1,vid_3e2129fa15608b04,person3,Right,Correct,2,0,0,Correct,-1.2470745947841606,True
rep_4dfea2f3fd5ac8b257,3e2129fa15608b04610513ebfa1a6857a68032b8fe7b2d5eb4a064fd3f4ebcf1,vid_3e2129fa15608b04,person3,Right,Correct,2,0,0,Correct,-0.7977451446019131,True
rep_78a0d12479541b9d88,3e2129fa15608b04610513ebfa1a6857a68032b8fe7b2d5eb4a064fd3f4ebcf1,vid_3e2129fa15608b04,person3,Right,Correct,2,0,0,Correct,-1.1329551683176433,True
rep_b3645da62bbd2d427a,3e2129fa15608b04610513ebfa1a6857a68032b8fe7b2d5eb4a064fd3f4ebcf1,vid_3e2129fa15608b04,person3,Right,Correct,2,0,0,Correct,-1.326163111738746,True
rep_7abe4e1b8bc95b4c35,3e2129fa15608b04610513ebfa1a6857a68032b8fe7b2d5eb4a064fd3f4ebcf1,vid_3e2129fa15608b04,person3,Right,Correct,2,0,0,Correct,-1.4695681013353687,True
rep_6c538cb001cf283488,3e2129fa15608b04610513ebfa1a6857a68032b8fe7b2d5eb4a064fd3f4ebcf1,vid_3e2129fa15608b04,person3,Right,Correct,2,0,0,Correct,-1.6139585847260816,True
rep_86bf49a3e75df22620,3e2129fa15608b04610513ebfa1a6857a68032b8fe7b2d5eb4a064fd3f4ebcf1,vid_3e2129fa15608b04,person3,Right,Correct,2,0,0,Correct,-1.598796632071747,True
rep_4cf117e3f09fd04811,dd4079cefb8f35d359dd29c83372b1c6d83c3d4d3899675e2f40a02a9af5ca45,vid_dd4079cefb8f35d3,person3,Left,Correct,3,0,0,Correct,-1.4782869131496197,True
rep_000b3a49ed66a26cd4,dd4079cefb8f35d359dd29c83372b1c6d83c3d4d3899675e2f40a02a9af5ca45,vid_dd4079cefb8f35d3,person3,Left,Correct,3,0,0,Correct,-1.4927819597469338,True
rep_f7b25824c180b3b99e,dd4079cefb8f35d359dd29c83372b1c6d83c3d4d3899675e2f40a02a9af5ca45,vid_dd4079cefb8f35d3,person3,Left,Correct,3,0,0,Correct,-1.5421081597201858,True
rep_cc4d004af51869c14f,dd4079cefb8f35d359dd29c83372b1c6d83c3d4d3899675e2f40a02a9af5ca45,vid_dd4079cefb8f35d3,person3,Left,Correct,3,0,0,Correct,-1.5977237978060082,True
rep_47c05630bd12f93580,dd4079cefb8f35d359dd29c83372b1c6d83c3d4d3899675e2f40a02a9af5ca45,vid_dd4079cefb8f35d3,person3,Left,Correct,3,0,0,Correct,-1.2361992944388682,True
rep_f0c351e2ed0c752d12,dd4079cefb8f35d359dd29c83372b1c6d83c3d4d3899675e2f40a02a9af5ca45,vid_dd4079cefb8f35d3,person3,Left,Correct,3,0,0,Correct,-1.796373029481415,True
rep_55f1cf4d132e297fa8,dd4079cefb8f35d359dd29c83372b1c6d83c3d4d3899675e2f40a02a9af5ca45,vid_dd4079cefb8f35d3,person3,Left,Correct,3,0,0,Correct,-1.4601485540146522,True
rep_32b7ca8fa017f2f360,dd4079cefb8f35d359dd29c83372b1c6d83c3d4d3899675e2f40a02a9af5ca45,vid_dd4079cefb8f35d3,person3,Left,Correct,3,0,0,Correct,-1.262875825021274,True
rep_64a8bb8f3fdd8ff2de,dd4079cefb8f35d359dd29c83372b1c6d83c3d4d3899675e2f40a02a9af5ca45,vid_dd4079cefb8f35d3,person3,Left,Correct,3,0,0,Correct,-0.8535646495480154,True
rep_a311f440abd3b3b9f6,dd4079cefb8f35d359dd29c83372b1c6d83c3d4d3899675e2f40a02a9af5ca45,vid_dd4079cefb8f35d3,person3,Left,Correct,3,0,0,Correct,-1.108774270023011,True
rep_709aefa59abbdda681,2f993d44fd54187e29f371cb06d363b77ffa82c336c63e5bdf4afaed4141a97a,vid_2f993d44fd54187e,person3,Right,Incorrect,4,1,0,Correct,-1.288220706676804,False
rep_c76e4661561c2feeb0,2f993d44fd54187e29f371cb06d363b77ffa82c336c63e5bdf4afaed4141a97a,vid_2f993d44fd54187e,person3,Right,Incorrect,4,1,0,Correct,-0.30955061221802094,False
rep_215b169aee5b06c4cb,2f993d44fd54187e29f371cb06d363b77ffa82c336c63e5bdf4afaed4141a97a,vid_2f993d44fd54187e,person3,Right,Incorrect,4,1,1,Incorrect,0.012361505582399235,True
rep_e1ba0ca673273d816e,2f993d44fd54187e29f371cb06d363b77ffa82c336c63e5bdf4afaed4141a97a,vid_2f993d44fd54187e,person3,Right,Incorrect,4,1,1,Incorrect,0.1262211644070475,True
rep_ebbc42143c6e49093c,2f993d44fd54187e29f371cb06d363b77ffa82c336c63e5bdf4afaed4141a97a,vid_2f993d44fd54187e,person3,Right,Incorrect,4,1,1,Incorrect,0.6574710885765725,True
rep_195e4e5ecad0f53344,2f993d44fd54187e29f371cb06d363b77ffa82c336c63e5bdf4afaed4141a97a,vid_2f993d44fd54187e,person3,Right,Incorrect,4,1,1,Incorrect,0.27790591708000933,True
rep_aa68b93d455532c686,2f993d44fd54187e29f371cb06d363b77ffa82c336c63e5bdf4afaed4141a97a,vid_2f993d44fd54187e,person3,Right,Incorrect,4,1,1,Incorrect,0.3716722814426723,True
rep_b1d4ed63906ea1bec9,d19791ead4037b9addbb1cab23e26addc64e7a9a6d8d7ee378000e63a3890d1b,vid_d19791ead4037b9a,person3,Left,Incorrect,0,1,1,Incorrect,1.5707981020811221,True
rep_a75ff677dcd98eb2fd,d19791ead4037b9addbb1cab23e26addc64e7a9a6d8d7ee378000e63a3890d1b,vid_d19791ead4037b9a,person3,Left,Incorrect,0,1,1,Incorrect,0.9035830604004043,True
rep_c1831610de7e01f9bd,d19791ead4037b9addbb1cab23e26addc64e7a9a6d8d7ee378000e63a3890d1b,vid_d19791ead4037b9a,person3,Left,Incorrect,0,1,1,Incorrect,1.627032111846693,True
rep_b257c286eaa1bdf653,d19791ead4037b9addbb1cab23e26addc64e7a9a6d8d7ee378000e63a3890d1b,vid_d19791ead4037b9a,person3,Left,Incorrect,0,1,1,Incorrect,1.3214016334849883,True
rep_e49bed2fd11cb67f4e,d19791ead4037b9addbb1cab23e26addc64e7a9a6d8d7ee378000e63a3890d1b,vid_d19791ead4037b9a,person3,Left,Incorrect,0,1,1,Incorrect,1.3764368377964697,True
