video_id,source_sha256,n,accuracy,balanced_accuracy,macro_f1,correct_recall,incorrect_recall,confusion_matrix
vid_03222b4845d8ef2c,03222b4845d8ef2c3f4e08e3875534163998d9d4d2f61daa16335188ceda6f89,10,0.5,,0.3333333333333333,,0.5,"[[0, 0], [5, 5]]"
vid_0c264aade3d23621,0c264aade3d2362157e8484603caa05154f40187f222e5540272f8f0b1764d2f,14,0.9285714285714286,,0.48148148148148145,0.9285714285714286,,"[[13, 1], [0, 0]]"
vid_1334a563691c2170,1334a563691c21703bad8f2fc71670dcb1bbeea7f93665d5d873d7dbb80349d1,12,0.6666666666666666,,0.4,0.6666666666666666,,"[[8, 4], [0, 0]]"
vid_1ac0cd5b45de866a,1ac0cd5b45de866afbfed040696fb5a7ad4876db46a9d228d145e08d8eb87b2d,13,0.8461538461538461,0.8571428571428572,0.8452380952380952,0.7142857142857143,1.0,"[[5, 2], [0, 6]]"
vid_2f993d44fd54187e,2f993d44fd54187e29f371cb06d363b77ffa82c336c63e5bdf4afaed4141a97a,7,0.7142857142857143,,0.4166666666666667,,0.7142857142857143,"[[0, 0], [2, 5]]"
vid_33cbe5f84565bf3d,33cbe5f84565bf3d8bb4e0c445c46cf78abfc5486aa4d22d79bb160b519c4969,13,0.9230769230769231,0.9545454545454546,0.8761904761904762,1.0,0.9090909090909091,"[[2, 0], [1, 10]]"
vid_3e2129fa15608b04,3e2129fa15608b04610513ebfa1a6857a68032b8fe7b2d5eb4a064fd3f4ebcf1,10,1.0,,0.5,1.0,,"[[10, 0], [0, 0]]"
vid_4a4b044fd46cca10,4a4b044fd46cca1000f792aa35bef133cdfd810f8dc903addb3b724ec7c216e3,7,1.0,,0.5,1.0,,"[[7, 0], [0, 0]]"
vid_4d1daeb09e2c1b0e,4d1daeb09e2c1b0e8d3930e205897ae84d6a3ce8235a0f45b0b791a77cf200c3,10,1.0,,0.5,1.0,,"[[10, 0], [0, 0]]"
vid_5ecd6a78f9f6d143,5ecd6a78f9f6d143ddf980bf4c33c734eff0879442f9a19a8749de04f5f9018d,8,0.875,,0.4666666666666667,,0.875,"[[0, 0], [1, 7]]"
vid_6dbe8779159bce47,6dbe8779159bce47abbba2f683d04520514a6f18d7ce789ee88a57ab64cc4b5b,8,1.0,1.0,1.0,1.0,1.0,"[[2, 0], [0, 6]]"
vid_762b204cd565ac52,762b204cd565ac52dfc6deaac7575e22d59eb82b30d82af9880cc5067213a65e,9,1.0,,0.5,1.0,,"[[9, 0], [0, 0]]"
vid_769bc27d1c4abfab,769bc27d1c4abfab17064a24193171b531343a6f96e448af24ab306e6eaa56bd,14,0.7142857142857143,0.7142857142857143,0.7142857142857143,0.7142857142857143,0.7142857142857143,"[[5, 2], [2, 5]]"
vid_871bc1a5b112709b,871bc1a5b112709b54bcc14e881b0f944c0e580f2f3b3db8767ecd6da43b1d5b,10,1.0,,0.5,1.0,,"[[10, 0], [0, 0]]"
vid_8c19cbd3c181b15a,8c19cbd3c181b15a570e9ee6a8a3ea6e41697c1947c4fede3395219d1cb4954e,7,1.0,,0.5,1.0,,"[[7, 0], [0, 0]]"
vid_a098f327a26fe877,a098f327a26fe8774c684ebae4a490737007ec44cf4386fa077d0dc67d26da8b,11,1.0,,0.5,1.0,,"[[11, 0], [0, 0]]"
vid_a7e0a74bb2cacc23,a7e0a74bb2cacc238320858de25d30ce6495e8cd04b46aea3b3d024289aca5db,11,1.0,,0.5,,1.0,"[[0, 0], [0, 11]]"
vid_aa01d8740a74fd7d,aa01d8740a74fd7d726fb4246dcbce6ec50b9247f5a92306756e3493cccc1abc,8,0.5,,0.3333333333333333,,0.5,"[[0, 0], [4, 4]]"
vid_ac42199741c9c0c1,ac42199741c9c0c13105fcb9fddaa253e6440d9eb036a6fdc179c8b8090134ba,8,1.0,,0.5,,1.0,"[[0, 0], [0, 8]]"
vid_bbc5006a077ac6b1,bbc5006a077ac6b1ae0a4687a5948efb8fc2626ea44d5f6a3498211d6038a9be,10,0.9,,0.47368421052631576,0.9,,"[[9, 1], [0, 0]]"
vid_c63ebda7f39171bc,c63ebda7f39171bc5a2e686eb158743667393b6c138ec80830dc8b643869caf5,12,1.0,,0.5,1.0,,"[[12, 0], [0, 0]]"
vid_cccf82e3e7e7a94a,cccf82e3e7e7a94a53ac45e56881ae02d72c3a271212fd4f19e88e0626012211,8,0.875,,0.4666666666666667,0.875,,"[[7, 1], [0, 0]]"
vid_d19791ead4037b9a,d19791ead4037b9addbb1cab23e26addc64e7a9a6d8d7ee378000e63a3890d1b,5,1.0,,0.5,,1.0,"[[0, 0], [0, 5]]"
vid_d5dd3c73ecfdd074,d5dd3c73ecfdd074e9209c7a26abee875b7b134b366aea3d36923562310edd07,12,1.0,,0.5,1.0,,"[[12, 0], [0, 0]]"
vid_dd4079cefb8f35d3,dd4079cefb8f35d359dd29c83372b1c6d83c3d4d3899675e2f40a02a9af5ca45,10,1.0,,0.5,1.0,,"[[10, 0], [0, 0]]"
vid_e2fbdd20b335321f,e2fbdd20b335321fb0ad7d976851d8f2edd53434be2f118544c1084dce97e339,8,0.875,0.875,0.873015873015873,1.0,0.75,"[[4, 0], [1, 3]]"
vid_e61ec8fb945f06ad,e61ec8fb945f06ad3ef037f07f62253ccfe72e9b2c78303874976ee3e879c5d0,6,0.5,,0.3333333333333333,,0.5,"[[0, 0], [3, 3]]"
vid_fd3e2ae78827f629,fd3e2ae78827f6293b40641acd30e299663ba0b53240de5b6740936f2861e952,6,0.6666666666666666,,0.4,0.6666666666666666,,"[[4, 2], [0, 0]]"
vid_ffec5a0821a6c480,ffec5a0821a6c480242291313be77238c6457f817bfaf26e097ac25f311be36b,13,0.8461538461538461,,0.4583333333333333,0.8461538461538461,,"[[11, 2], [0, 0]]"
