repetition_id,source_sha256,y_true,y_pred,incorrect_score
rep_fb0c2f97d90ea5de5a,0c264aade3d2362157e8484603caa05154f40187f222e5540272f8f0b1764d2f,0,1,0.31785563787137106
rep_02cbaaa878991f7eee,0c264aade3d2362157e8484603caa05154f40187f222e5540272f8f0b1764d2f,0,0,-0.11450574747703524
rep_3b3a031e67b667bb2f,0c264aade3d2362157e8484603caa05154f40187f222e5540272f8f0b1764d2f,0,0,-0.019592656156621868
rep_b59965fe88fa0c3f40,0c264aade3d2362157e8484603caa05154f40187f222e5540272f8f0b1764d2f,0,0,-1.0796143765259014
rep_9988a74422e7c505d0,0c264aade3d2362157e8484603caa05154f40187f222e5540272f8f0b1764d2f,0,0,-0.3168486674739799
rep_372c0410acd5099364,0c264aade3d2362157e8484603caa05154f40187f222e5540272f8f0b1764d2f,0,0,-0.6925847658463389
rep_46b03a163715ea8674,0c264aade3d2362157e8484603caa05154f40187f222e5540272f8f0b1764d2f,0,0,-0.6098193090941302
rep_cea1129ae50e36fb30,0c264aade3d2362157e8484603caa05154f40187f222e5540272f8f0b1764d2f,0,0,-0.8509680416429242
rep_20614a58d738f0f71c,0c264aade3d2362157e8484603caa05154f40187f222e5540272f8f0b1764d2f,0,0,-0.5081365146521397
rep_e8c1d21c6f2e4707b3,0c264aade3d2362157e8484603caa05154f40187f222e5540272f8f0b1764d2f,0,0,-0.29130852360206916
rep_5c1dd8ed9aa6c8aa69,0c264aade3d2362157e8484603caa05154f40187f222e5540272f8f0b1764d2f,0,0,-0.3421285878132696
rep_edc2513a7b19ebb4ed,0c264aade3d2362157e8484603caa05154f40187f222e5540272f8f0b1764d2f,0,0,-0.7047627965068088
rep_6be9256acb543f49b8,0c264aade3d2362157e8484603caa05154f40187f222e5540272f8f0b1764d2f,0,0,-0.2141384680952212
rep_1c83a3b866cf4e027c,1ac0cd5b45de866afbfed040696fb5a7ad4876db46a9d228d145e08d8eb87b2d,0,1,0.03744292606617716
rep_0d7eaf4563fd24294a,1ac0cd5b45de866afbfed040696fb5a7ad4876db46a9d228d145e08d8eb87b2d,0,0,-0.40668600223973783
rep_cff3c2f757be354140,1ac0cd5b45de866afbfed040696fb5a7ad4876db46a9d228d145e08d8eb87b2d,1,1,0.4204552815975777
rep_503633f6745e8f6a45,1ac0cd5b45de866afbfed040696fb5a7ad4876db46a9d228d145e08d8eb87b2d,1,1,0.36799196079512453
rep_bb9858d2e8e9c3549c,1ac0cd5b45de866afbfed040696fb5a7ad4876db46a9d228d145e08d8eb87b2d,0,1,0.6702292820253484
rep_9ff0bc77263dfff528,1ac0cd5b45de866afbfed040696fb5a7ad4876db46a9d228d145e08d8eb87b2d,0,1,0.6548009339964584
rep_35e324ed6452359dd2,1ac0cd5b45de866afbfed040696fb5a7ad4876db46a9d228d145e08d8eb87b2d,0,0,-0.5095610727589011
rep_d8ea12c9407f1b8ebe,1ac0cd5b45de866afbfed040696fb5a7ad4876db46a9d228d145e08d8eb87b2d,0,0,-0.35413154033134986
rep_ed4d23c464cf750af7,1ac0cd5b45de866afbfed040696fb5a7ad4876db46a9d228d145e08d8eb87b2d,0,0,-0.33365053635410513
rep_8c17d582de78f254dd,1ac0cd5b45de866afbfed040696fb5a7ad4876db46a9d228d145e08d8eb87b2d,1,1,1.004442659789089
rep_83f806588a8c338f4b,1ac0cd5b45de866afbfed040696fb5a7ad4876db46a9d228d145e08d8eb87b2d,1,1,0.8969332032050137
rep_ef9e190c4981e28593,1ac0cd5b45de866afbfed040696fb5a7ad4876db46a9d228d145e08d8eb87b2d,1,1,0.6087279183864376
rep_5c39730111cd443d20,1ac0cd5b45de866afbfed040696fb5a7ad4876db46a9d228d145e08d8eb87b2d,1,1,0.7758584375776962
rep_b62f14d196952f28be,1334a563691c21703bad8f2fc71670dcb1bbeea7f93665d5d873d7dbb80349d1,0,0,-1.1360500170841725
rep_ebf0037ac696966f6b,1334a563691c21703bad8f2fc71670dcb1bbeea7f93665d5d873d7dbb80349d1,0,0,-0.42388529705914246
rep_3937e4fb3928cf8769,1334a563691c21703bad8f2fc71670dcb1bbeea7f93665d5d873d7dbb80349d1,0,0,-0.3809277401857001
rep_4145f06cb4db15ce3f,1334a563691c21703bad8f2fc71670dcb1bbeea7f93665d5d873d7dbb80349d1,0,1,0.3695180021123711
rep_df6be1b0d78003c9ac,1334a563691c21703bad8f2fc71670dcb1bbeea7f93665d5d873d7dbb80349d1,0,1,0.6116723638419505
rep_4791579acae25fe0bd,1334a563691c21703bad8f2fc71670dcb1bbeea7f93665d5d873d7dbb80349d1,0,0,-0.48221066512101185
rep_ff72086c1823042be9,1334a563691c21703bad8f2fc71670dcb1bbeea7f93665d5d873d7dbb80349d1,0,0,-0.5058372928944759
rep_d348e469e89a781661,1334a563691c21703bad8f2fc71670dcb1bbeea7f93665d5d873d7dbb80349d1,0,0,-0.7615845158118586
rep_e8d9e0d9e521cb4474,1334a563691c21703bad8f2fc71670dcb1bbeea7f93665d5d873d7dbb80349d1,0,0,-0.5802002093780696
rep_496c495105f1f840b1,1334a563691c21703bad8f2fc71670dcb1bbeea7f93665d5d873d7dbb80349d1,0,0,-0.08791124462389743
rep_fbee42bcc84ad72a70,1334a563691c21703bad8f2fc71670dcb1bbeea7f93665d5d873d7dbb80349d1,0,0,-0.6180477202817429
rep_27f29611af9d868d70,1334a563691c21703bad8f2fc71670dcb1bbeea7f93665d5d873d7dbb80349d1,0,1,0.42984353280966114
rep_96581b03de4436e334,769bc27d1c4abfab17064a24193171b531343a6f96e448af24ab306e6eaa56bd,0,0,-1.1740857812411212
rep_f58658b961ff048335,769bc27d1c4abfab17064a24193171b531343a6f96e448af24ab306e6eaa56bd,0,0,-1.0817645028326426
rep_0da66c37aeaee10dba,769bc27d1c4abfab17064a24193171b531343a6f96e448af24ab306e6eaa56bd,0,0,-1.0684204358770686
rep_c4774628dd2fa04641,769bc27d1c4abfab17064a24193171b531343a6f96e448af24ab306e6eaa56bd,0,0,-0.015996506252471926
rep_15de4676677de916d0,769bc27d1c4abfab17064a24193171b531343a6f96e448af24ab306e6eaa56bd,1,0,-0.9978513203127252
rep_506fc27703682724ad,769bc27d1c4abfab17064a24193171b531343a6f96e448af24ab306e6eaa56bd,1,0,-0.12141095926063253
rep_50437be04b9a9a36ed,769bc27d1c4abfab17064a24193171b531343a6f96e448af24ab306e6eaa56bd,1,0,-0.5624370614577855
rep_a8f87271f827579bc4,769bc27d1c4abfab17064a24193171b531343a6f96e448af24ab306e6eaa56bd,1,1,0.473868966462894
rep_3f57d674d3d25f06bc,769bc27d1c4abfab17064a24193171b531343a6f96e448af24ab306e6eaa56bd,0,0,-1.02664548581241
rep_2a80f26013fc49beb7,769bc27d1c4abfab17064a24193171b531343a6f96e448af24ab306e6eaa56bd,0,0,-0.6025485597832555
rep_830e9ff6471c2e6ac0,769bc27d1c4abfab17064a24193171b531343a6f96e448af24ab306e6eaa56bd,1,1,1.0144215287704852
rep_d06e09af4456675bf7,769bc27d1c4abfab17064a24193171b531343a6f96e448af24ab306e6eaa56bd,1,0,-0.4611475654307946
rep_2073ececf0915178cc,769bc27d1c4abfab17064a24193171b531343a6f96e448af24ab306e6eaa56bd,1,0,-0.5483772583598681
rep_b99bfda2386efa860d,769bc27d1c4abfab17064a24193171b531343a6f96e448af24ab306e6eaa56bd,0,0,-1.0964496722064936
rep_ceb27ce1bfcd40e009,d5dd3c73ecfdd074e9209c7a26abee875b7b134b366aea3d36923562310edd07,0,0,-1.508981396354761
rep_ed49f7e3ae23c14632,d5dd3c73ecfdd074e9209c7a26abee875b7b134b366aea3d36923562310edd07,0,0,-1.513007867964135
rep_25ebac40f9fffdcd03,d5dd3c73ecfdd074e9209c7a26abee875b7b134b366aea3d36923562310edd07,0,0,-1.0380929546674
rep_f31c86caa9c9a81254,d5dd3c73ecfdd074e9209c7a26abee875b7b134b366aea3d36923562310edd07,0,0,-0.9474025571779018
rep_374cd3d66f0b6ae7da,d5dd3c73ecfdd074e9209c7a26abee875b7b134b366aea3d36923562310edd07,0,0,-1.327365523513625
rep_9145ce2ee0edd05abc,d5dd3c73ecfdd074e9209c7a26abee875b7b134b366aea3d36923562310edd07,0,0,-1.0213232568120885
rep_0842956941b20f23e2,d5dd3c73ecfdd074e9209c7a26abee875b7b134b366aea3d36923562310edd07,0,0,-0.9556086438219885
rep_bb77b1ff42cedb3170,d5dd3c73ecfdd074e9209c7a26abee875b7b134b366aea3d36923562310edd07,0,0,-1.0322354747760862
rep_99a949701e9d3cb359,d5dd3c73ecfdd074e9209c7a26abee875b7b134b366aea3d36923562310edd07,0,0,-1.4598452821545023
rep_3521755f47891373fb,d5dd3c73ecfdd074e9209c7a26abee875b7b134b366aea3d36923562310edd07,0,0,-0.8737406772037052
rep_74b1650c1e192f8b21,d5dd3c73ecfdd074e9209c7a26abee875b7b134b366aea3d36923562310edd07,0,0,-1.6247814386489094
rep_931a64113a41501185,d5dd3c73ecfdd074e9209c7a26abee875b7b134b366aea3d36923562310edd07,0,0,-1.1260049127203497
rep_6d5a12d97b49f35b0b,6dbe8779159bce47abbba2f683d04520514a6f18d7ce789ee88a57ab64cc4b5b,1,1,0.1757582541799454
rep_c39bf43c73a524fc03,6dbe8779159bce47abbba2f683d04520514a6f18d7ce789ee88a57ab64cc4b5b,0,0,-0.6680831292886367
rep_3e2b0d854af171fe50,6dbe8779159bce47abbba2f683d04520514a6f18d7ce789ee88a57ab64cc4b5b,1,1,0.5768029979770426
rep_f70d7f024f22be7f97,6dbe8779159bce47abbba2f683d04520514a6f18d7ce789ee88a57ab64cc4b5b,0,0,-0.6826540241797106
rep_cde7ca96475dc38287,6dbe8779159bce47abbba2f683d04520514a6f18d7ce789ee88a57ab64cc4b5b,1,1,0.815360648912623
rep_52ea159192f8fc5a18,6dbe8779159bce47abbba2f683d04520514a6f18d7ce789ee88a57ab64cc4b5b,1,0,-0.012826545359441166
rep_ffb088c184f9250a80,6dbe8779159bce47abbba2f683d04520514a6f18d7ce789ee88a57ab64cc4b5b,1,1,0.19050231181605293
rep_ecc384666d3fc61013,6dbe8779159bce47abbba2f683d04520514a6f18d7ce789ee88a57ab64cc4b5b,1,1,0.12818453422083498
rep_1f4a610c3defe53722,03222b4845d8ef2c3f4e08e3875534163998d9d4d2f61daa16335188ceda6f89,1,0,-0.47720841940271497
rep_3175004fbb9db3a0f3,03222b4845d8ef2c3f4e08e3875534163998d9d4d2f61daa16335188ceda6f89,1,1,0.4318041295105108
rep_52a2c5c414944694f1,03222b4845d8ef2c3f4e08e3875534163998d9d4d2f61daa16335188ceda6f89,1,0,-0.3864026056549523
rep_6d548704cfd01f491a,03222b4845d8ef2c3f4e08e3875534163998d9d4d2f61daa16335188ceda6f89,1,1,0.660469028490832
rep_ac1e97d62d5c2b56a0,03222b4845d8ef2c3f4e08e3875534163998d9d4d2f61daa16335188ceda6f89,1,0,-0.48217420837736347
rep_29323d0780eb56b21d,03222b4845d8ef2c3f4e08e3875534163998d9d4d2f61daa16335188ceda6f89,1,1,0.1965023338783681
rep_59893c3e996fee9c34,03222b4845d8ef2c3f4e08e3875534163998d9d4d2f61daa16335188ceda6f89,1,0,-0.3739967204255692
rep_2b168be9071d57530d,03222b4845d8ef2c3f4e08e3875534163998d9d4d2f61daa16335188ceda6f89,1,0,-0.7485679180991942
rep_6ccabad19ce4f7ab3f,03222b4845d8ef2c3f4e08e3875534163998d9d4d2f61daa16335188ceda6f89,1,0,-0.37041054434946596
rep_db11ea7c1113500c85,03222b4845d8ef2c3f4e08e3875534163998d9d4d2f61daa16335188ceda6f89,1,1,0.5868832012346833
rep_07b241628c6745b2c2,762b204cd565ac52dfc6deaac7575e22d59eb82b30d82af9880cc5067213a65e,0,0,-0.9157894033896495
rep_45d0e83c2ac0045b55,762b204cd565ac52dfc6deaac7575e22d59eb82b30d82af9880cc5067213a65e,0,0,-0.7228557414068624
rep_74c3a7e79d3520b0b8,762b204cd565ac52dfc6deaac7575e22d59eb82b30d82af9880cc5067213a65e,0,0,-0.5490566061572457
rep_497a451e0b4ab0dff3,762b204cd565ac52dfc6deaac7575e22d59eb82b30d82af9880cc5067213a65e,0,0,-0.2613532107565721
rep_210c60fdf8d5448ec9,762b204cd565ac52dfc6deaac7575e22d59eb82b30d82af9880cc5067213a65e,0,0,-0.7487504530118314
rep_7600ddc1c7518532b0,762b204cd565ac52dfc6deaac7575e22d59eb82b30d82af9880cc5067213a65e,0,0,-0.6631136842688595
rep_2b1b56fcdf686f87e9,762b204cd565ac52dfc6deaac7575e22d59eb82b30d82af9880cc5067213a65e,0,0,-0.48296146502584003
rep_5fefb43622c2eda5a6,762b204cd565ac52dfc6deaac7575e22d59eb82b30d82af9880cc5067213a65e,0,0,-0.8094176896505746
rep_3bd69e41cd57266903,762b204cd565ac52dfc6deaac7575e22d59eb82b30d82af9880cc5067213a65e,0,0,-1.298012193678888
rep_36e091bfd9c6523606,c63ebda7f39171bc5a2e686eb158743667393b6c138ec80830dc8b643869caf5,0,0,-1.1993100068358813
rep_946de87b024761fafe,c63ebda7f39171bc5a2e686eb158743667393b6c138ec80830dc8b643869caf5,0,0,-0.9219669456351041
rep_35e3d2cee2f75e3e22,c63ebda7f39171bc5a2e686eb158743667393b6c138ec80830dc8b643869caf5,0,0,-1.2254368105989077
rep_2adad38065a30e32ca,c63ebda7f39171bc5a2e686eb158743667393b6c138ec80830dc8b643869caf5,0,0,-0.8380510684294386
rep_ff671892c1724ab31e,c63ebda7f39171bc5a2e686eb158743667393b6c138ec80830dc8b643869caf5,0,0,-0.9991125271662559
rep_bd8591da4c0c8237a0,c63ebda7f39171bc5a2e686eb158743667393b6c138ec80830dc8b643869caf5,0,0,-1.1594014499668668
rep_ad037e7a08fb6f68f3,c63ebda7f39171bc5a2e686eb158743667393b6c138ec80830dc8b643869caf5,0,0,-0.6856681399098105
rep_192fcfc43111194ede,c63ebda7f39171bc5a2e686eb158743667393b6c138ec80830dc8b643869caf5,0,0,-0.694085975637373
rep_41d7f4014c8377557d,c63ebda7f39171bc5a2e686eb158743667393b6c138ec80830dc8b643869caf5,0,0,-0.9986740040034228
rep_d5a43d3ea2a3e2ae47,c63ebda7f39171bc5a2e686eb158743667393b6c138ec80830dc8b643869caf5,0,0,-0.8247079032200438
rep_3a308bcf386c6a7ee0,c63ebda7f39171bc5a2e686eb158743667393b6c138ec80830dc8b643869caf5,0,0,-1.3026439712897466
rep_2bca3e223f0ea212b4,c63ebda7f39171bc5a2e686eb158743667393b6c138ec80830dc8b643869caf5,0,0,-0.620877571180666
rep_6ba25eaa22a69f22ea,4d1daeb09e2c1b0e8d3930e205897ae84d6a3ce8235a0f45b0b791a77cf200c3,0,0,-1.479006058080669
rep_c47dfb83a60baa7049,4d1daeb09e2c1b0e8d3930e205897ae84d6a3ce8235a0f45b0b791a77cf200c3,0,0,-1.1016250390919897
rep_f6ac69e13453320ef3,4d1daeb09e2c1b0e8d3930e205897ae84d6a3ce8235a0f45b0b791a77cf200c3,0,0,-1.4227793238575082
rep_4fc424027655115822,4d1daeb09e2c1b0e8d3930e205897ae84d6a3ce8235a0f45b0b791a77cf200c3,0,0,-1.1999610465240935
rep_11a1d40991198961f0,4d1daeb09e2c1b0e8d3930e205897ae84d6a3ce8235a0f45b0b791a77cf200c3,0,0,-0.983808626698811
rep_63276acd130a1a16ce,4d1daeb09e2c1b0e8d3930e205897ae84d6a3ce8235a0f45b0b791a77cf200c3,0,0,-0.6824468090014876
rep_b2360b4774599f8408,4d1daeb09e2c1b0e8d3930e205897ae84d6a3ce8235a0f45b0b791a77cf200c3,0,0,-1.3389042257246457
rep_d8f0afe79b91d46b4e,4d1daeb09e2c1b0e8d3930e205897ae84d6a3ce8235a0f45b0b791a77cf200c3,0,0,-0.9737701583531678
rep_0def6e3c339b9e5a3a,4d1daeb09e2c1b0e8d3930e205897ae84d6a3ce8235a0f45b0b791a77cf200c3,0,0,-0.8759957419294467
rep_3b63838c9199bc61e4,4d1daeb09e2c1b0e8d3930e205897ae84d6a3ce8235a0f45b0b791a77cf200c3,0,0,-1.3464213939297023
rep_02baf361a41927f7e1,a7e0a74bb2cacc238320858de25d30ce6495e8cd04b46aea3b3d024289aca5db,1,0,-0.1651861503561841
rep_443563c8a2fba0febe,a7e0a74bb2cacc238320858de25d30ce6495e8cd04b46aea3b3d024289aca5db,1,0,-0.1064996184757578
rep_826841f39e9298f126,a7e0a74bb2cacc238320858de25d30ce6495e8cd04b46aea3b3d024289aca5db,1,0,-0.1240969684141021
rep_cd3eab9efb5a4c93d3,a7e0a74bb2cacc238320858de25d30ce6495e8cd04b46aea3b3d024289aca5db,1,0,-0.10615299610813964
rep_3138501c806e115527,a7e0a74bb2cacc238320858de25d30ce6495e8cd04b46aea3b3d024289aca5db,1,0,-0.1397482566726426
rep_9b8cb4166cbacaada7,a7e0a74bb2cacc238320858de25d30ce6495e8cd04b46aea3b3d024289aca5db,1,0,-0.1192766266230936
rep_fd1259ada4de072a01,a7e0a74bb2cacc238320858de25d30ce6495e8cd04b46aea3b3d024289aca5db,1,0,-0.0830807961009854
rep_dd74432211f9ffa5e1,a7e0a74bb2cacc238320858de25d30ce6495e8cd04b46aea3b3d024289aca5db,1,0,-0.1579226289393445
rep_91609c5df4bead6c69,a7e0a74bb2cacc238320858de25d30ce6495e8cd04b46aea3b3d024289aca5db,1,0,-0.18425916394898859
rep_a37330b43adea50a3e,a7e0a74bb2cacc238320858de25d30ce6495e8cd04b46aea3b3d024289aca5db,1,0,-0.2073271282132066
rep_4ad73d552251012434,a7e0a74bb2cacc238320858de25d30ce6495e8cd04b46aea3b3d024289aca5db,1,0,-0.1007359180677904
rep_fa168bf284d8c96c8f,ac42199741c9c0c13105fcb9fddaa253e6440d9eb036a6fdc179c8b8090134ba,1,1,0.04909637570285591
rep_acba12d05fb8cb1071,ac42199741c9c0c13105fcb9fddaa253e6440d9eb036a6fdc179c8b8090134ba,1,0,-0.13466224424385828
rep_fa63fb414a09fba399,ac42199741c9c0c13105fcb9fddaa253e6440d9eb036a6fdc179c8b8090134ba,1,0,-0.10482584179192425
rep_8c2b0e419612f75982,ac42199741c9c0c13105fcb9fddaa253e6440d9eb036a6fdc179c8b8090134ba,1,0,-0.2732052211790071
rep_60375464ef15bd70a9,ac42199741c9c0c13105fcb9fddaa253e6440d9eb036a6fdc179c8b8090134ba,1,1,0.11662114364323353
rep_8e0838c69b44e0e484,ac42199741c9c0c13105fcb9fddaa253e6440d9eb036a6fdc179c8b8090134ba,1,1,0.44652973944510765
rep_a9527922a989ef766d,ac42199741c9c0c13105fcb9fddaa253e6440d9eb036a6fdc179c8b8090134ba,1,1,0.32996038258420884
rep_7b675a687f7d9e628c,ac42199741c9c0c13105fcb9fddaa253e6440d9eb036a6fdc179c8b8090134ba,1,1,0.3828757998735053
rep_88e19ee5be79751d7e,8c19cbd3c181b15a570e9ee6a8a3ea6e41697c1947c4fede3395219d1cb4954e,0,0,-0.9965180603400837
rep_e0083818482a4934d7,8c19cbd3c181b15a570e9ee6a8a3ea6e41697c1947c4fede3395219d1cb4954e,0,0,-0.9909734730011847
rep_a1e37a6d86f9be1dbb,8c19cbd3c181b15a570e9ee6a8a3ea6e41697c1947c4fede3395219d1cb4954e,0,0,-0.8672622668606441
rep_051c9c524e3b73459a,8c19cbd3c181b15a570e9ee6a8a3ea6e41697c1947c4fede3395219d1cb4954e,0,0,-1.2127872427507123
rep_d70a06a71c2b8e94b3,8c19cbd3c181b15a570e9ee6a8a3ea6e41697c1947c4fede3395219d1cb4954e,0,0,-1.175984222925185
rep_fd22cdda358387a39d,8c19cbd3c181b15a570e9ee6a8a3ea6e41697c1947c4fede3395219d1cb4954e,0,0,-1.2382929194329644
rep_7d900f8fa9436f8bcc,8c19cbd3c181b15a570e9ee6a8a3ea6e41697c1947c4fede3395219d1cb4954e,0,0,-0.43677130852692114
rep_8c67fa02a8495509fc,fd3e2ae78827f6293b40641acd30e299663ba0b53240de5b6740936f2861e952,0,0,-0.5393856821023084
rep_82d242d849eeae0237,fd3e2ae78827f6293b40641acd30e299663ba0b53240de5b6740936f2861e952,0,0,-0.274077213579336
rep_010c51d0b4570e895d,fd3e2ae78827f6293b40641acd30e299663ba0b53240de5b6740936f2861e952,0,0,-0.4904520549989477
rep_6d4759beadb7cb7930,fd3e2ae78827f6293b40641acd30e299663ba0b53240de5b6740936f2861e952,0,0,-1.2978057522865925
rep_725cbf72d2ac96e8be,fd3e2ae78827f6293b40641acd30e299663ba0b53240de5b6740936f2861e952,0,0,-0.8412352127145363
rep_b69516d1c1792753ff,fd3e2ae78827f6293b40641acd30e299663ba0b53240de5b6740936f2861e952,0,0,-1.3200547499091546
rep_c64a4599869d796b40,4a4b044fd46cca1000f792aa35bef133cdfd810f8dc903addb3b724ec7c216e3,0,0,-1.218023199508899
rep_dcdc4f2da30a32a6af,4a4b044fd46cca1000f792aa35bef133cdfd810f8dc903addb3b724ec7c216e3,0,0,-1.0714467581957192
rep_a947b4bae2f945e240,4a4b044fd46cca1000f792aa35bef133cdfd810f8dc903addb3b724ec7c216e3,0,0,-1.284504710577498
rep_e29f489f8bd9080007,4a4b044fd46cca1000f792aa35bef133cdfd810f8dc903addb3b724ec7c216e3,0,0,-1.3176273923505035
rep_7b14ee7f1080746461,4a4b044fd46cca1000f792aa35bef133cdfd810f8dc903addb3b724ec7c216e3,0,0,-1.6565529261663334
rep_e8bb0f69d30c556400,4a4b044fd46cca1000f792aa35bef133cdfd810f8dc903addb3b724ec7c216e3,0,0,-1.0429775494021876
rep_c5eb98de0ecf39c224,4a4b044fd46cca1000f792aa35bef133cdfd810f8dc903addb3b724ec7c216e3,0,0,-1.0793367496645943
rep_ebc5faa71293b08f88,cccf82e3e7e7a94a53ac45e56881ae02d72c3a271212fd4f19e88e0626012211,0,0,-0.3128264977315248
rep_8e15f367084c47cc58,cccf82e3e7e7a94a53ac45e56881ae02d72c3a271212fd4f19e88e0626012211,0,0,-0.8991965914904442
rep_d869da055595c4deef,cccf82e3e7e7a94a53ac45e56881ae02d72c3a271212fd4f19e88e0626012211,0,0,-0.31523968987187856
rep_d6c78d6a173b7fff30,cccf82e3e7e7a94a53ac45e56881ae02d72c3a271212fd4f19e88e0626012211,0,0,-0.8559057511905571
rep_9c84c6e808098ddddd,cccf82e3e7e7a94a53ac45e56881ae02d72c3a271212fd4f19e88e0626012211,0,0,-1.019954599826523
rep_f8dd7411e8827b9d89,cccf82e3e7e7a94a53ac45e56881ae02d72c3a271212fd4f19e88e0626012211,0,0,-0.503959746456038
rep_167d453a980a90ffb1,cccf82e3e7e7a94a53ac45e56881ae02d72c3a271212fd4f19e88e0626012211,0,0,-1.0360535649399356
rep_0223c41078f59ba0c7,cccf82e3e7e7a94a53ac45e56881ae02d72c3a271212fd4f19e88e0626012211,0,0,-0.6014099729998504
rep_6e23e4f49a60e42831,871bc1a5b112709b54bcc14e881b0f944c0e580f2f3b3db8767ecd6da43b1d5b,0,0,-0.47048333811070786
rep_e2c3d0e2d2b5678e36,871bc1a5b112709b54bcc14e881b0f944c0e580f2f3b3db8767ecd6da43b1d5b,0,0,-0.8314514473145487
rep_d0ff18f99d0f27f12c,871bc1a5b112709b54bcc14e881b0f944c0e580f2f3b3db8767ecd6da43b1d5b,0,0,-0.3285558486241511
rep_f90d8c60da13e3f372,871bc1a5b112709b54bcc14e881b0f944c0e580f2f3b3db8767ecd6da43b1d5b,0,0,-0.24632056308343198
rep_7a9e2557829a90b7e0,871bc1a5b112709b54bcc14e881b0f944c0e580f2f3b3db8767ecd6da43b1d5b,0,1,0.08655169102655236
rep_d0b67e69c0399de83d,871bc1a5b112709b54bcc14e881b0f944c0e580f2f3b3db8767ecd6da43b1d5b,0,0,-0.2982957811860665
rep_9210747dded1234c01,871bc1a5b112709b54bcc14e881b0f944c0e580f2f3b3db8767ecd6da43b1d5b,0,0,-0.12187340355920517
rep_c3ae4bbb70cbada492,871bc1a5b112709b54bcc14e881b0f944c0e580f2f3b3db8767ecd6da43b1d5b,0,0,-0.20630289388574496
rep_f3526932ce290edab5,871bc1a5b112709b54bcc14e881b0f944c0e580f2f3b3db8767ecd6da43b1d5b,0,0,-0.3320630195021561
rep_d16b4c22ff4fca8332,871bc1a5b112709b54bcc14e881b0f944c0e580f2f3b3db8767ecd6da43b1d5b,0,0,-0.6415877353347907
rep_2a706f670399059ddc,0c264aade3d2362157e8484603caa05154f40187f222e5540272f8f0b1764d2f,0,0,-0.6985735146451366
rep_d7af2020d057934d50,5ecd6a78f9f6d143ddf980bf4c33c734eff0879442f9a19a8749de04f5f9018d,1,0,-0.5071302483522464
rep_abd2c8c804430edc55,5ecd6a78f9f6d143ddf980bf4c33c734eff0879442f9a19a8749de04f5f9018d,1,0,-0.545029637504246
rep_9aae73a476f0e1ecb0,5ecd6a78f9f6d143ddf980bf4c33c734eff0879442f9a19a8749de04f5f9018d,1,0,-0.4461969027871745
rep_a614111ef20922f016,5ecd6a78f9f6d143ddf980bf4c33c734eff0879442f9a19a8749de04f5f9018d,1,0,-0.18852442355874108
rep_c39d5255ec18bcee57,5ecd6a78f9f6d143ddf980bf4c33c734eff0879442f9a19a8749de04f5f9018d,1,1,0.5910088014990559
rep_b5df2f9774dcb2df9c,5ecd6a78f9f6d143ddf980bf4c33c734eff0879442f9a19a8749de04f5f9018d,1,0,-0.20230545222226867
rep_723e60d2b4c013afb1,5ecd6a78f9f6d143ddf980bf4c33c734eff0879442f9a19a8749de04f5f9018d,1,0,-0.16709484223487403
rep_35b4b0fac466afddb0,5ecd6a78f9f6d143ddf980bf4c33c734eff0879442f9a19a8749de04f5f9018d,1,0,-0.1913443832342204
rep_66de1799390f52427b,ffec5a0821a6c480242291313be77238c6457f817bfaf26e097ac25f311be36b,0,0,-0.7446965910661298
rep_553468c167c3d10264,ffec5a0821a6c480242291313be77238c6457f817bfaf26e097ac25f311be36b,0,0,-1.3990364058923215
rep_83421d321828b69e6d,ffec5a0821a6c480242291313be77238c6457f817bfaf26e097ac25f311be36b,0,0,-0.3957472141755831
rep_5e045c199c05e4d1f5,ffec5a0821a6c480242291313be77238c6457f817bfaf26e097ac25f311be36b,0,0,-1.1514109325569086
rep_2a229748fc8b8dea38,ffec5a0821a6c480242291313be77238c6457f817bfaf26e097ac25f311be36b,0,0,-1.1732449286702749
rep_ce3bc79cff8137bdbc,ffec5a0821a6c480242291313be77238c6457f817bfaf26e097ac25f311be36b,0,0,-0.9009188150495944
rep_911557ec2316444144,ffec5a0821a6c480242291313be77238c6457f817bfaf26e097ac25f311be36b,0,1,0.412260235462523
rep_ed5503be0ec8ad904f,ffec5a0821a6c480242291313be77238c6457f817bfaf26e097ac25f311be36b,0,1,0.6547564720501662
rep_058f4e9eb34097e9af,ffec5a0821a6c480242291313be77238c6457f817bfaf26e097ac25f311be36b,0,0,-0.9464632103083641
rep_0950635c9107f00107,ffec5a0821a6c480242291313be77238c6457f817bfaf26e097ac25f311be36b,0,0,-1.1904061102856167
rep_e680b771aee91835f2,ffec5a0821a6c480242291313be77238c6457f817bfaf26e097ac25f311be36b,0,0,-1.1482125343190006
rep_abfde45ee3011ded28,ffec5a0821a6c480242291313be77238c6457f817bfaf26e097ac25f311be36b,0,0,-1.0777879141790083
rep_c9d185afbd34a49b2a,ffec5a0821a6c480242291313be77238c6457f817bfaf26e097ac25f311be36b,0,0,-1.336565902819891
rep_e69932267095995434,bbc5006a077ac6b1ae0a4687a5948efb8fc2626ea44d5f6a3498211d6038a9be,0,0,-1.2540169674870567
rep_dbbca0e9e8f0d1f5a2,bbc5006a077ac6b1ae0a4687a5948efb8fc2626ea44d5f6a3498211d6038a9be,0,0,-0.7490751887287448
rep_75e0f4a0f4886840c9,bbc5006a077ac6b1ae0a4687a5948efb8fc2626ea44d5f6a3498211d6038a9be,0,0,-0.8215700953873154
rep_84528959491488725c,bbc5006a077ac6b1ae0a4687a5948efb8fc2626ea44d5f6a3498211d6038a9be,0,0,-1.3983116668617765
rep_b0b26366e45af54e18,bbc5006a077ac6b1ae0a4687a5948efb8fc2626ea44d5f6a3498211d6038a9be,0,0,-1.3991687043446341
rep_eea76f3ce16712ba34,bbc5006a077ac6b1ae0a4687a5948efb8fc2626ea44d5f6a3498211d6038a9be,0,0,-1.186937753749136
rep_6f6457b2c6082aad4b,bbc5006a077ac6b1ae0a4687a5948efb8fc2626ea44d5f6a3498211d6038a9be,0,0,-1.3050936484487496
rep_96e0f2de75f010a545,bbc5006a077ac6b1ae0a4687a5948efb8fc2626ea44d5f6a3498211d6038a9be,0,0,-0.9493338109512368
rep_d4f184058e742c55a8,bbc5006a077ac6b1ae0a4687a5948efb8fc2626ea44d5f6a3498211d6038a9be,0,0,-0.43772701629497257
rep_a7b16cdf5f9c7677ca,bbc5006a077ac6b1ae0a4687a5948efb8fc2626ea44d5f6a3498211d6038a9be,0,0,-1.3318552875937768
rep_cddfc02155f1821b8f,33cbe5f84565bf3d8bb4e0c445c46cf78abfc5486aa4d22d79bb160b519c4969,1,0,-0.3741654687556027
rep_ee7d1d18c368991ac9,33cbe5f84565bf3d8bb4e0c445c46cf78abfc5486aa4d22d79bb160b519c4969,1,1,0.1197474502105823
rep_d5d4d4a1e507d6b680,33cbe5f84565bf3d8bb4e0c445c46cf78abfc5486aa4d22d79bb160b519c4969,1,0,-0.3720650509079209
rep_022ebf6bb664f09d61,33cbe5f84565bf3d8bb4e0c445c46cf78abfc5486aa4d22d79bb160b519c4969,1,1,0.3431093594732497
rep_1469f4f4fb01f19d72,33cbe5f84565bf3d8bb4e0c445c46cf78abfc5486aa4d22d79bb160b519c4969,1,0,-0.31819338377306217
rep_19561ede8233796b10,33cbe5f84565bf3d8bb4e0c445c46cf78abfc5486aa4d22d79bb160b519c4969,1,0,-0.4125541027521612
rep_f4b3097cc669548327,33cbe5f84565bf3d8bb4e0c445c46cf78abfc5486aa4d22d79bb160b519c4969,1,0,-0.6262507856716902
rep_e1b6add5088147c3ba,33cbe5f84565bf3d8bb4e0c445c46cf78abfc5486aa4d22d79bb160b519c4969,1,0,-0.18242637416716334
rep_d17ae39eb23db00ffb,33cbe5f84565bf3d8bb4e0c445c46cf78abfc5486aa4d22d79bb160b519c4969,1,1,0.8104373028290459
rep_b7b00586fe8bd0f1b6,33cbe5f84565bf3d8bb4e0c445c46cf78abfc5486aa4d22d79bb160b519c4969,0,0,-0.7077406511811557
rep_ad33ca17f825154427,33cbe5f84565bf3d8bb4e0c445c46cf78abfc5486aa4d22d79bb160b519c4969,1,0,-0.19379445552126845
rep_44118ed2737a68ce85,33cbe5f84565bf3d8bb4e0c445c46cf78abfc5486aa4d22d79bb160b519c4969,0,0,-0.801169031156088
rep_597f9b9e8bf941e18e,33cbe5f84565bf3d8bb4e0c445c46cf78abfc5486aa4d22d79bb160b519c4969,1,1,0.796021294652399
rep_adb80c25b2c9d425f3,3e2129fa15608b04610513ebfa1a6857a68032b8fe7b2d5eb4a064fd3f4ebcf1,0,0,-1.164901807568035
rep_554e3ad8208e7b637c,3e2129fa15608b04610513ebfa1a6857a68032b8fe7b2d5eb4a064fd3f4ebcf1,0,0,-0.30110114496281826
rep_da2f0010908c6eb032,3e2129fa15608b04610513ebfa1a6857a68032b8fe7b2d5eb4a064fd3f4ebcf1,0,0,-0.7729220598234294
rep_0d63cb249dcc0744ef,3e2129fa15608b04610513ebfa1a6857a68032b8fe7b2d5eb4a064fd3f4ebcf1,0,0,-0.9838565140189652
rep_4dfea2f3fd5ac8b257,3e2129fa15608b04610513ebfa1a6857a68032b8fe7b2d5eb4a064fd3f4ebcf1,0,0,-0.8164622666682402
rep_78a0d12479541b9d88,3e2129fa15608b04610513ebfa1a6857a68032b8fe7b2d5eb4a064fd3f4ebcf1,0,0,-0.8064240176911046
rep_b3645da62bbd2d427a,3e2129fa15608b04610513ebfa1a6857a68032b8fe7b2d5eb4a064fd3f4ebcf1,0,0,-0.9719173613051966
rep_7abe4e1b8bc95b4c35,3e2129fa15608b04610513ebfa1a6857a68032b8fe7b2d5eb4a064fd3f4ebcf1,0,0,-1.180751215421246
rep_6c538cb001cf283488,3e2129fa15608b04610513ebfa1a6857a68032b8fe7b2d5eb4a064fd3f4ebcf1,0,0,-1.274594607464801
rep_86bf49a3e75df22620,3e2129fa15608b04610513ebfa1a6857a68032b8fe7b2d5eb4a064fd3f4ebcf1,0,0,-1.2518568375671932
rep_4cf117e3f09fd04811,dd4079cefb8f35d359dd29c83372b1c6d83c3d4d3899675e2f40a02a9af5ca45,0,0,-1.2019570626513159
rep_000b3a49ed66a26cd4,dd4079cefb8f35d359dd29c83372b1c6d83c3d4d3899675e2f40a02a9af5ca45,0,0,-0.9826990315569066
rep_f7b25824c180b3b99e,dd4079cefb8f35d359dd29c83372b1c6d83c3d4d3899675e2f40a02a9af5ca45,0,0,-1.127101260477892
rep_cc4d004af51869c14f,dd4079cefb8f35d359dd29c83372b1c6d83c3d4d3899675e2f40a02a9af5ca45,0,0,-1.0054748957325095
rep_47c05630bd12f93580,dd4079cefb8f35d359dd29c83372b1c6d83c3d4d3899675e2f40a02a9af5ca45,0,0,-0.780967424404811
rep_f0c351e2ed0c752d12,dd4079cefb8f35d359dd29c83372b1c6d83c3d4d3899675e2f40a02a9af5ca45,0,0,-1.2731386739008288
rep_55f1cf4d132e297fa8,dd4079cefb8f35d359dd29c83372b1c6d83c3d4d3899675e2f40a02a9af5ca45,0,0,-1.0054062733224431
rep_32b7ca8fa017f2f360,dd4079cefb8f35d359dd29c83372b1c6d83c3d4d3899675e2f40a02a9af5ca45,0,0,-0.8253780724218476
rep_64a8bb8f3fdd8ff2de,dd4079cefb8f35d359dd29c83372b1c6d83c3d4d3899675e2f40a02a9af5ca45,0,0,-0.341229272844377
rep_a311f440abd3b3b9f6,dd4079cefb8f35d359dd29c83372b1c6d83c3d4d3899675e2f40a02a9af5ca45,0,0,-0.645838514865088
rep_709aefa59abbdda681,2f993d44fd54187e29f371cb06d363b77ffa82c336c63e5bdf4afaed4141a97a,1,0,-1.4366077200736147
rep_c76e4661561c2feeb0,2f993d44fd54187e29f371cb06d363b77ffa82c336c63e5bdf4afaed4141a97a,1,0,-0.7065729045204042
rep_215b169aee5b06c4cb,2f993d44fd54187e29f371cb06d363b77ffa82c336c63e5bdf4afaed4141a97a,1,0,-0.32141099748683266
rep_e1ba0ca673273d816e,2f993d44fd54187e29f371cb06d363b77ffa82c336c63e5bdf4afaed4141a97a,1,0,-0.18371577850259838
rep_ebbc42143c6e49093c,2f993d44fd54187e29f371cb06d363b77ffa82c336c63e5bdf4afaed4141a97a,1,1,0.4044489922269703
rep_195e4e5ecad0f53344,2f993d44fd54187e29f371cb06d363b77ffa82c336c63e5bdf4afaed4141a97a,1,1,0.030210493628990948
rep_aa68b93d455532c686,2f993d44fd54187e29f371cb06d363b77ffa82c336c63e5bdf4afaed4141a97a,1,1,0.17225557140869652
