Model,fold,n,accuracy,balanced_accuracy,macro_f1,correct_recall,incorrect_recall,confusion_matrix
LogisticRegression,0,38,71.05,76.09,70.87,100.00,52.17,"[[15, 0], [11, 12]]"
LogisticRegression,1,67,80.60,78.86,79.09,85.71,72.00,"[[36, 6], [7, 18]]"
LogisticRegression,2,61,98.36,97.06,97.92,100.00,94.12,"[[44, 0], [1, 16]]"
LogisticRegression,3,53,86.79,65.00,69.31,100.00,30.00,"[[43, 0], [7, 3]]"
LogisticRegression,4,61,85.25,82.52,83.47,92.31,72.73,"[[36, 3], [6, 16]]"
RandomForest,0,38,81.58,84.78,81.57,100.00,69.57,"[[15, 0], [7, 16]]"
RandomForest,1,67,74.63,74.10,73.47,76.19,72.00,"[[32, 10], [7, 18]]"
RandomForest,2,61,93.44,88.24,91.16,100.00,76.47,"[[44, 0], [4, 13]]"
RandomForest,3,53,88.68,73.84,77.92,97.67,50.00,"[[42, 1], [5, 5]]"
RandomForest,4,61,85.25,80.54,82.54,97.44,63.64,"[[38, 1], [8, 14]]"
HistGradientBoosting,0,38,78.95,82.61,78.95,100.00,65.22,"[[15, 0], [8, 15]]"
HistGradientBoosting,1,67,80.60,79.67,79.42,83.33,76.00,"[[35, 7], [6, 19]]"
HistGradientBoosting,2,61,90.16,89.57,88.18,90.91,88.24,"[[40, 4], [2, 15]]"
HistGradientBoosting,3,53,84.91,63.84,67.08,97.67,30.00,"[[42, 1], [7, 3]]"
HistGradientBoosting,4,61,81.97,76.98,78.66,94.87,59.09,"[[37, 2], [9, 13]]"
SVM,0,38,76.32,80.43,76.30,100.00,60.87,"[[15, 0], [9, 14]]"
SVM,1,67,89.55,90.86,89.21,85.71,96.00,"[[36, 6], [1, 24]]"
SVM,2,61,93.44,88.24,91.16,100.00,76.47,"[[44, 0], [4, 13]]"
SVM,3,53,84.91,63.84,67.08,97.67,30.00,"[[42, 1], [7, 3]]"
SVM,4,61,86.89,84.79,85.48,92.31,77.27,"[[36, 3], [5, 17]]"
UniLSTM,0,38,68.42,72.75,68.33,93.33,52.17,"[[14, 1], [11, 12]]"
UniLSTM,1,67,47.76,44.57,44.60,57.14,32.00,"[[24, 18], [17, 8]]"
UniLSTM,2,61,72.13,69.85,67.96,75.00,64.71,"[[33, 11], [6, 11]]"
UniLSTM,3,53,69.81,62.21,59.23,74.42,50.00,"[[32, 11], [5, 5]]"
UniLSTM,4,61,67.21,60.49,60.59,84.62,36.36,"[[33, 6], [14, 8]]"
