repetition_id,source_sha256,video_id,subject_id,hand,label,fold,y_true,y_pred,predicted_label,incorrect_score,is_correct,raw_missing_fraction,repaired_values,phase_minimum_at_endpoint
rep_fb0c2f97d90ea5de5a,0c264aade3d2362157e8484603caa05154f40187f222e5540272f8f0b1764d2f,vid_0c264aade3d23621,person1,Right,Correct,1,0,1,Incorrect,0.0622266855182446,False,0.0,0,False
rep_bb9858d2e8e9c3549c,1ac0cd5b45de866afbfed040696fb5a7ad4876db46a9d228d145e08d8eb87b2d,vid_1ac0cd5b45de866a,person1,Right,Correct,1,0,1,Incorrect,0.4376456263978902,False,0.0,0,False
rep_9ff0bc77263dfff528,1ac0cd5b45de866afbfed040696fb5a7ad4876db46a9d228d145e08d8eb87b2d,vid_1ac0cd5b45de866a,person1,Right,Correct,1,0,1,Incorrect,0.3485192390167909,False,0.0,0,False
rep_df6be1b0d78003c9ac,1334a563691c21703bad8f2fc71670dcb1bbeea7f93665d5d873d7dbb80349d1,vid_1334a563691c2170,person2,Right,Correct,1,0,1,Incorrect,0.4206261845092409,False,0.0,0,False
rep_496c495105f1f840b1,1334a563691c21703bad8f2fc71670dcb1bbeea7f93665d5d873d7dbb80349d1,vid_1334a563691c2170,person2,Right,Correct,1,0,1,Incorrect,0.0877617274010377,False,0.0279720279720279,24,False
rep_27f29611af9d868d70,1334a563691c21703bad8f2fc71670dcb1bbeea7f93665d5d873d7dbb80349d1,vid_1334a563691c2170,person2,Right,Correct,1,0,1,Incorrect,0.0871918808554452,False,0.001010101010101,1,False
rep_c4774628dd2fa04641,769bc27d1c4abfab17064a24193171b531343a6f96e448af24ab306e6eaa56bd,vid_769bc27d1c4abfab,person2,Right,Correct,4,0,1,Incorrect,0.3746185046794218,False,0.006908462867012,8,False
rep_15de4676677de916d0,769bc27d1c4abfab17064a24193171b531343a6f96e448af24ab306e6eaa56bd,vid_769bc27d1c4abfab,person2,Right,Incorrect,4,1,0,Correct,-0.6670164066384509,False,0.0,0,False
rep_50437be04b9a9a36ed,769bc27d1c4abfab17064a24193171b531343a6f96e448af24ab306e6eaa56bd,vid_769bc27d1c4abfab,person2,Left,Incorrect,4,1,0,Correct,-0.2939595969992736,False,0.0,0,False
rep_2073ececf0915178cc,769bc27d1c4abfab17064a24193171b531343a6f96e448af24ab306e6eaa56bd,vid_769bc27d1c4abfab,person2,Left,Incorrect,4,1,0,Correct,-0.0448558724374289,False,0.0,0,False
rep_4401202746b68b5331,e2fbdd20b335321fb0ad7d976851d8f2edd53434be2f118544c1084dce97e339,vid_e2fbdd20b335321f,person3,Right,Incorrect,0,1,0,Correct,-0.6049626954121573,False,0.0,0,False
rep_52ea159192f8fc5a18,6dbe8779159bce47abbba2f683d04520514a6f18d7ce789ee88a57ab64cc4b5b,vid_6dbe8779159bce47,person4,Left,Incorrect,2,1,0,Correct,-0.0559866129250883,False,0.0,0,False
rep_1f4a610c3defe53722,03222b4845d8ef2c3f4e08e3875534163998d9d4d2f61daa16335188ceda6f89,vid_03222b4845d8ef2c,person4,Left,Incorrect,3,1,0,Correct,-0.3567060111284786,False,0.0,0,False
rep_52a2c5c414944694f1,03222b4845d8ef2c3f4e08e3875534163998d9d4d2f61daa16335188ceda6f89,vid_03222b4845d8ef2c,person4,Left,Incorrect,3,1,0,Correct,-0.2321394004118226,False,0.0,0,False
rep_ac1e97d62d5c2b56a0,03222b4845d8ef2c3f4e08e3875534163998d9d4d2f61daa16335188ceda6f89,vid_03222b4845d8ef2c,person4,Left,Incorrect,3,1,0,Correct,-0.2658228861883686,False,0.0,0,False
rep_29323d0780eb56b21d,03222b4845d8ef2c3f4e08e3875534163998d9d4d2f61daa16335188ceda6f89,vid_03222b4845d8ef2c,person4,Right,Incorrect,3,1,0,Correct,-0.2824015711789589,False,0.0,0,False
rep_59893c3e996fee9c34,03222b4845d8ef2c3f4e08e3875534163998d9d4d2f61daa16335188ceda6f89,vid_03222b4845d8ef2c,person4,Left,Incorrect,3,1,0,Correct,-0.1319655033038944,False,0.0,0,False
rep_2b168be9071d57530d,03222b4845d8ef2c3f4e08e3875534163998d9d4d2f61daa16335188ceda6f89,vid_03222b4845d8ef2c,person4,Left,Incorrect,3,1,0,Correct,-0.6725517822670362,False,0.0,0,False
rep_6ccabad19ce4f7ab3f,03222b4845d8ef2c3f4e08e3875534163998d9d4d2f61daa16335188ceda6f89,vid_03222b4845d8ef2c,person4,Left,Incorrect,3,1,0,Correct,-0.2362364800516229,False,0.0,0,False
rep_82d242d849eeae0237,fd3e2ae78827f6293b40641acd30e299663ba0b53240de5b6740936f2861e952,vid_fd3e2ae78827f629,person5,Left,Correct,3,0,1,Incorrect,0.0137493133034097,False,0.0,0,False
rep_d7af2020d057934d50,5ecd6a78f9f6d143ddf980bf4c33c734eff0879442f9a19a8749de04f5f9018d,vid_5ecd6a78f9f6d143,person1,Right,Incorrect,1,1,0,Correct,-0.056873412882245,False,0.0,0,False
rep_2f16162b29e51e2f78,e61ec8fb945f06ad3ef037f07f62253ccfe72e9b2c78303874976ee3e879c5d0,vid_e61ec8fb945f06ad,person1,Left,Incorrect,0,1,0,Correct,-0.2755648550743678,False,0.0,0,False
rep_6d7e4cbc3b8ce62f45,e61ec8fb945f06ad3ef037f07f62253ccfe72e9b2c78303874976ee3e879c5d0,vid_e61ec8fb945f06ad,person1,Left,Incorrect,0,1,0,Correct,-0.5306360856577845,False,0.0,0,False
rep_7501569b908e793d35,e61ec8fb945f06ad3ef037f07f62253ccfe72e9b2c78303874976ee3e879c5d0,vid_e61ec8fb945f06ad,person1,Left,Incorrect,0,1,0,Correct,-0.452958076813684,False,0.0,0,False
rep_911557ec2316444144,ffec5a0821a6c480242291313be77238c6457f817bfaf26e097ac25f311be36b,vid_ffec5a0821a6c480,person2,Right,Correct,4,0,1,Incorrect,0.1086807103528144,False,0.0,0,False
rep_ed5503be0ec8ad904f,ffec5a0821a6c480242291313be77238c6457f817bfaf26e097ac25f311be36b,vid_ffec5a0821a6c480,person2,Right,Correct,4,0,1,Incorrect,0.562962983917707,False,0.0157068062827225,18,False
rep_aee0a429a21693a253,aa01d8740a74fd7d726fb4246dcbce6ec50b9247f5a92306756e3493cccc1abc,vid_aa01d8740a74fd7d,person2,Right,Incorrect,0,1,0,Correct,-0.6618108048323502,False,0.0,0,False
rep_cec13eefff34409cdb,aa01d8740a74fd7d726fb4246dcbce6ec50b9247f5a92306756e3493cccc1abc,vid_aa01d8740a74fd7d,person2,Right,Incorrect,0,1,0,Correct,-0.7005144711480892,False,0.0,0,False
rep_6e34e000e401e92ab6,aa01d8740a74fd7d726fb4246dcbce6ec50b9247f5a92306756e3493cccc1abc,vid_aa01d8740a74fd7d,person2,Right,Incorrect,0,1,0,Correct,-0.5632591057260949,False,0.0,0,False
rep_865eff11a82c98aff9,aa01d8740a74fd7d726fb4246dcbce6ec50b9247f5a92306756e3493cccc1abc,vid_aa01d8740a74fd7d,person2,Right,Incorrect,0,1,0,Correct,-0.0326011899772101,False,0.0,0,False
rep_834edc610f0edab7bf,aa01d8740a74fd7d726fb4246dcbce6ec50b9247f5a92306756e3493cccc1abc,vid_aa01d8740a74fd7d,person2,Right,Incorrect,0,1,0,Correct,-0.9586429390985832,False,0.0,0,False
rep_cddfc02155f1821b8f,33cbe5f84565bf3d8bb4e0c445c46cf78abfc5486aa4d22d79bb160b519c4969,vid_33cbe5f84565bf3d,person2,Left,Incorrect,2,1,0,Correct,-0.2643455603902678,False,0.0,0,False
rep_19561ede8233796b10,33cbe5f84565bf3d8bb4e0c445c46cf78abfc5486aa4d22d79bb160b519c4969,vid_33cbe5f84565bf3d,person2,Left,Incorrect,2,1,0,Correct,-0.2188525433428221,False,0.0,0,False
rep_f4b3097cc669548327,33cbe5f84565bf3d8bb4e0c445c46cf78abfc5486aa4d22d79bb160b519c4969,vid_33cbe5f84565bf3d,person2,Left,Incorrect,2,1,0,Correct,-0.536915948997185,False,0.0,0,False
rep_709aefa59abbdda681,2f993d44fd54187e29f371cb06d363b77ffa82c336c63e5bdf4afaed4141a97a,vid_2f993d44fd54187e,person3,Right,Incorrect,4,1,0,Correct,-1.288220706676804,False,0.0,0,False
rep_c76e4661561c2feeb0,2f993d44fd54187e29f371cb06d363b77ffa82c336c63e5bdf4afaed4141a97a,vid_2f993d44fd54187e,person3,Right,Incorrect,4,1,0,Correct,-0.3095506122180209,False,0.0,0,False
