repetition_id,session_id,participant_id,hand,human_label,failure_type,failure_category,explanation,manual_duration_sec,segmented_duration_sec,manual_rom_deg,segmented_rom_deg,iou,feature_distance,decision_score
rep_c47dfb83a60baa7049,session_09_bilateral_clean,participant_P08,Right,Correct,classifier_misclassification,true_classifier_error,Frozen SVM predicted Incorrect (score 0.935) for human label Correct.,2.7822,2.332334,58.34,35.938560485839844,0.07368421052631578,,0.9354703395432564
rep_11a1d40991198961f0,session_09_bilateral_clean,participant_P08,Right,Correct,segmentation_miss,missed_onset,Causal segmenter failed to detect flexion onset departure from baseline.,1.9159,,51.55,,0.0,,
rep_d8f0afe79b91d46b4e,session_09_bilateral_clean,participant_P08,Right,Correct,segmentation_miss,missed_onset,Causal segmenter failed to detect flexion onset departure from baseline.,1.9825,,48.69,,0.0,,
rep_3e2b0d854af171fe50,session_11_mixed_cadence_bilateral,participant_P10,Right,Incorrect,segmentation_miss,missed_onset,Causal segmenter failed to detect flexion onset departure from baseline.,2.2824,,29.79,,0.0,,
rep_cde7ca96475dc38287,session_11_mixed_cadence_bilateral,participant_P10,Right,Incorrect,segmentation_miss,missed_onset,Causal segmenter failed to detect flexion onset departure from baseline.,2.349,,34.46,,0.0,,
rep_ecc384666d3fc61013,session_11_mixed_cadence_bilateral,participant_P10,Left,Incorrect,segmentation_miss,missed_onset,Causal segmenter failed to detect flexion onset departure from baseline.,1.8825,,47.24,,0.0,,
rep_acba12d05fb8cb1071,session_12_bilateral_contracture,participant_P11,Left,Incorrect,segmentation_miss,missed_onset,Causal segmenter failed to detect flexion onset departure from baseline.,2.4157,,50.28,,0.0,,
rep_8c2b0e419612f75982,session_12_bilateral_contracture,participant_P11,Left,Incorrect,segmentation_fragmentation,fragmentation,Multiple emitted segments with low primary IoU (0.489).,2.9487,1.432722,40.94,34.98951721191406,0.48863636363636365,,
rep_a9527922a989ef766d,session_12_bilateral_contracture,participant_P11,Right,Incorrect,segmentation_fragmentation,fragmentation,Multiple emitted segments with low primary IoU (0.435).,2.0824,4.414788999999999,38.72,46.47588348388672,0.4354243542435424,,
