repetition_id,session_id,video_id,participant_id,hand,human_label,manual_start_frame,manual_end_frame,manual_start_time,manual_end_time,manual_duration_sec,manual_rom_deg,manual_min_angle_deg,manual_start_angle_deg,manual_end_angle_deg,lock_status
rep_6ba25eaa22a69f22ea,session_09_bilateral_clean,vid_4d1daeb09e2c1b0e,participant_P08,Right,Correct,42,200,0.6997,3.3486,2.6489,72.33,85.9,158.23,138.34,PERMANENTLY_LOCKED_BEFORE_EVALUATION
rep_c47dfb83a60baa7049,session_09_bilateral_clean,vid_4d1daeb09e2c1b0e,participant_P08,Right,Correct,306,472,5.0978,7.88,2.7822,58.34,91.85,114.48,143.56,PERMANENTLY_LOCKED_BEFORE_EVALUATION
rep_f6ac69e13453320ef3,session_09_bilateral_clean,vid_4d1daeb09e2c1b0e,participant_P08,Left,Correct,472,642,7.8633,10.7121,2.8488,64.24,86.42,148.55,147.16,PERMANENTLY_LOCKED_BEFORE_EVALUATION
rep_4fc424027655115822,session_09_bilateral_clean,vid_4d1daeb09e2c1b0e,participant_P08,Right,Correct,642,765,10.6954,12.7612,2.0658,55.75,89.74,143.12,139.3,PERMANENTLY_LOCKED_BEFORE_EVALUATION
rep_11a1d40991198961f0,session_09_bilateral_clean,vid_4d1daeb09e2c1b0e,participant_P08,Right,Correct,900,1014,14.9936,16.9095,1.9159,51.55,94.52,146.07,144.94,PERMANENTLY_LOCKED_BEFORE_EVALUATION
rep_63276acd130a1a16ce,session_09_bilateral_clean,vid_4d1daeb09e2c1b0e,participant_P08,Left,Correct,1014,1140,16.8928,19.0086,2.1158,53.88,95.47,147.78,147.77,PERMANENTLY_LOCKED_BEFORE_EVALUATION
rep_b2360b4774599f8408,session_09_bilateral_clean,vid_4d1daeb09e2c1b0e,participant_P08,Left,Correct,1308,1434,21.7907,23.9065,2.1158,70.14,82.16,151.42,148.72,PERMANENTLY_LOCKED_BEFORE_EVALUATION
rep_d8f0afe79b91d46b4e,session_09_bilateral_clean,vid_4d1daeb09e2c1b0e,participant_P08,Right,Correct,1434,1552,23.8898,25.8723,1.9825,48.69,93.39,141.49,141.55,PERMANENTLY_LOCKED_BEFORE_EVALUATION
rep_0def6e3c339b9e5a3a,session_09_bilateral_clean,vid_4d1daeb09e2c1b0e,participant_P08,Left,Correct,1552,1700,25.8556,28.3379,2.4823,59.73,91.82,150.32,145.78,PERMANENTLY_LOCKED_BEFORE_EVALUATION
rep_3b63838c9199bc61e4,session_09_bilateral_clean,vid_4d1daeb09e2c1b0e,participant_P08,Left,Correct,1836,2012,30.587,33.5357,2.9487,69.41,84.75,153.31,143.73,PERMANENTLY_LOCKED_BEFORE_EVALUATION
rep_cddfc02155f1821b8f,session_10_pathological_limited_rom,vid_33cbe5f84565bf3d,participant_P09,Left,Incorrect,150,312,2.4989,5.2144,2.7155,87.82,87.92,168.41,171.74,PERMANENTLY_LOCKED_BEFORE_EVALUATION
rep_ee7d1d18c368991ac9,session_10_pathological_limited_rom,vid_33cbe5f84565bf3d,participant_P09,Left,Incorrect,312,458,5.1978,7.6467,2.449,79.06,92.68,171.74,154.08,PERMANENTLY_LOCKED_BEFORE_EVALUATION
rep_d5d4d4a1e507d6b680,session_10_pathological_limited_rom,vid_33cbe5f84565bf3d,participant_P09,Left,Incorrect,458,602,7.6301,10.0457,2.4156,77.85,81.95,154.08,157.64,PERMANENTLY_LOCKED_BEFORE_EVALUATION
rep_022ebf6bb664f09d61,session_10_pathological_limited_rom,vid_33cbe5f84565bf3d,participant_P09,Left,Incorrect,602,732,10.0291,12.2115,2.1824,64.97,96.18,157.64,161.15,PERMANENTLY_LOCKED_BEFORE_EVALUATION
rep_1469f4f4fb01f19d72,session_10_pathological_limited_rom,vid_33cbe5f84565bf3d,participant_P09,Left,Incorrect,732,884,12.1948,14.7437,2.5489,72.45,90.65,161.15,160.82,PERMANENTLY_LOCKED_BEFORE_EVALUATION
rep_19561ede8233796b10,session_10_pathological_limited_rom,vid_33cbe5f84565bf3d,participant_P09,Left,Incorrect,884,1048,14.7271,17.4759,2.7488,67.79,93.03,160.82,155.63,PERMANENTLY_LOCKED_BEFORE_EVALUATION
rep_f4b3097cc669548327,session_10_pathological_limited_rom,vid_33cbe5f84565bf3d,participant_P09,Left,Incorrect,1048,1192,17.4592,19.8749,2.4156,71.62,86.41,155.63,155.56,PERMANENTLY_LOCKED_BEFORE_EVALUATION
rep_e1b6add5088147c3ba,session_10_pathological_limited_rom,vid_33cbe5f84565bf3d,participant_P09,Left,Incorrect,1192,1376,19.8582,22.9402,3.082,61.51,96.9,155.56,155.55,PERMANENTLY_LOCKED_BEFORE_EVALUATION
rep_d17ae39eb23db00ffb,session_10_pathological_limited_rom,vid_33cbe5f84565bf3d,participant_P09,Left,Incorrect,1376,1524,22.9236,25.4058,2.4823,57.6,102.33,155.55,159.45,PERMANENTLY_LOCKED_BEFORE_EVALUATION
rep_b7b00586fe8bd0f1b6,session_10_pathological_limited_rom,vid_33cbe5f84565bf3d,participant_P09,Left,Correct,1524,1714,25.3892,28.5712,3.182,69.32,90.13,159.45,154.76,PERMANENTLY_LOCKED_BEFORE_EVALUATION
rep_ad33ca17f825154427,session_10_pathological_limited_rom,vid_33cbe5f84565bf3d,participant_P09,Left,Incorrect,1714,1868,28.5545,31.1367,2.5822,67.87,97.27,154.76,163.61,PERMANENTLY_LOCKED_BEFORE_EVALUATION
rep_44118ed2737a68ce85,session_10_pathological_limited_rom,vid_33cbe5f84565bf3d,participant_P09,Left,Correct,1868,2042,31.1201,34.0355,2.9154,82.07,83.87,163.61,152.54,PERMANENTLY_LOCKED_BEFORE_EVALUATION
rep_597f9b9e8bf941e18e,session_10_pathological_limited_rom,vid_33cbe5f84565bf3d,participant_P09,Left,Incorrect,2042,2208,34.0188,36.801,2.7821,51.41,107.21,152.54,158.62,PERMANENTLY_LOCKED_BEFORE_EVALUATION
rep_6d5a12d97b49f35b0b,session_11_mixed_cadence_bilateral,vid_6dbe8779159bce47,participant_P10,Right,Incorrect,56,258,0.9329,4.3148,3.3819,40.56,107.06,147.61,127.94,PERMANENTLY_LOCKED_BEFORE_EVALUATION
rep_c39bf43c73a524fc03,session_11_mixed_cadence_bilateral,vid_6dbe8779159bce47,participant_P10,Left,Correct,258,400,4.2982,6.6805,2.3823,57.81,90.63,141.99,148.44,PERMANENTLY_LOCKED_BEFORE_EVALUATION
rep_3e2b0d854af171fe50,session_11_mixed_cadence_bilateral,vid_6dbe8779159bce47,participant_P10,Right,Incorrect,400,534,6.6638,8.9462,2.2824,29.79,106.02,133.44,132.4,PERMANENTLY_LOCKED_BEFORE_EVALUATION
rep_f70d7f024f22be7f97,session_11_mixed_cadence_bilateral,vid_6dbe8779159bce47,participant_P10,Left,Correct,534,700,8.9295,11.7117,2.7821,59.05,91.42,147.05,147.73,PERMANENTLY_LOCKED_BEFORE_EVALUATION
rep_cde7ca96475dc38287,session_11_mixed_cadence_bilateral,vid_6dbe8779159bce47,participant_P10,Right,Incorrect,700,840,11.695,14.044,2.349,34.46,108.01,141.83,118.59,PERMANENTLY_LOCKED_BEFORE_EVALUATION
rep_52ea159192f8fc5a18,session_11_mixed_cadence_bilateral,vid_6dbe8779159bce47,participant_P10,Left,Incorrect,1632,1796,27.2217,29.9706,2.7488,56.94,94.2,144.07,150.42,PERMANENTLY_LOCKED_BEFORE_EVALUATION
rep_ffb088c184f9250a80,session_11_mixed_cadence_bilateral,vid_6dbe8779159bce47,participant_P10,Left,Incorrect,1796,1948,29.9539,32.5028,2.5489,54.18,96.24,150.42,143.0,PERMANENTLY_LOCKED_BEFORE_EVALUATION
rep_ecc384666d3fc61013,session_11_mixed_cadence_bilateral,vid_6dbe8779159bce47,participant_P10,Left,Incorrect,1948,2060,32.4862,34.3687,1.8825,47.24,96.28,143.0,138.85,PERMANENTLY_LOCKED_BEFORE_EVALUATION
rep_fa168bf284d8c96c8f,session_12_bilateral_contracture,vid_ac42199741c9c0c1,participant_P11,Left,Incorrect,10,120,0.1666,2.0158,1.8492,58.5,96.33,153.57,146.57,PERMANENTLY_LOCKED_BEFORE_EVALUATION
rep_acba12d05fb8cb1071,session_12_bilateral_contracture,vid_ac42199741c9c0c1,participant_P11,Left,Incorrect,120,264,1.9991,4.4148,2.4157,50.28,104.94,146.57,145.93,PERMANENTLY_LOCKED_BEFORE_EVALUATION
rep_fa63fb414a09fba399,session_12_bilateral_contracture,vid_ac42199741c9c0c1,participant_P11,Left,Incorrect,264,416,4.3981,6.947,2.5489,47.42,102.82,145.93,143.31,PERMANENTLY_LOCKED_BEFORE_EVALUATION
rep_8c2b0e419612f75982,session_12_bilateral_contracture,vid_ac42199741c9c0c1,participant_P11,Left,Incorrect,416,592,6.9304,9.8791,2.9487,40.94,104.9,143.31,142.92,PERMANENTLY_LOCKED_BEFORE_EVALUATION
rep_60375464ef15bd70a9,session_12_bilateral_contracture,vid_ac42199741c9c0c1,participant_P11,Right,Incorrect,700,850,11.6617,14.1773,2.5156,34.1,104.99,127.32,138.98,PERMANENTLY_LOCKED_BEFORE_EVALUATION
rep_8e0838c69b44e0e484,session_12_bilateral_contracture,vid_ac42199741c9c0c1,participant_P11,Right,Incorrect,844,976,14.0607,16.2764,2.2157,26.51,112.64,138.38,133.85,PERMANENTLY_LOCKED_BEFORE_EVALUATION
rep_a9527922a989ef766d,session_12_bilateral_contracture,vid_ac42199741c9c0c1,participant_P11,Right,Incorrect,976,1100,16.2597,18.3422,2.0824,38.72,95.45,133.85,128.33,PERMANENTLY_LOCKED_BEFORE_EVALUATION
rep_7b675a687f7d9e628c,session_12_bilateral_contracture,vid_ac42199741c9c0c1,participant_P11,Right,Incorrect,1238,1392,20.6245,23.2068,2.5822,36.18,108.01,141.92,142.02,PERMANENTLY_LOCKED_BEFORE_EVALUATION
rep_36e091bfd9c6523606,session_13_extended_settling_bilateral,vid_c63ebda7f39171bc,participant_P12,Right,Correct,18,200,0.2999,3.3486,3.0487,69.6,88.8,158.39,144.03,PERMANENTLY_LOCKED_BEFORE_EVALUATION
rep_946de87b024761fafe,session_13_extended_settling_bilateral,vid_c63ebda7f39171bc,participant_P12,Left,Correct,200,330,3.3319,5.5143,2.1824,61.61,86.92,148.53,144.98,PERMANENTLY_LOCKED_BEFORE_EVALUATION
rep_35e3d2cee2f75e3e22,session_13_extended_settling_bilateral,vid_c63ebda7f39171bc,participant_P12,Right,Correct,330,480,5.4977,8.0132,2.5156,59.73,89.01,143.67,145.83,PERMANENTLY_LOCKED_BEFORE_EVALUATION
rep_2adad38065a30e32ca,session_13_extended_settling_bilateral,vid_c63ebda7f39171bc,participant_P12,Right,Correct,626,770,10.4289,12.8445,2.4156,65.47,82.93,145.85,127.04,PERMANENTLY_LOCKED_BEFORE_EVALUATION
rep_ff671892c1724ab31e,session_13_extended_settling_bilateral,vid_c63ebda7f39171bc,participant_P12,Left,Correct,770,880,12.8279,14.6771,1.8492,67.87,80.18,141.19,145.19,PERMANENTLY_LOCKED_BEFORE_EVALUATION
rep_bd8591da4c0c8237a0,session_13_extended_settling_bilateral,vid_c63ebda7f39171bc,participant_P12,Left,Correct,1000,1150,16.6596,19.1752,2.5156,67.62,84.29,151.91,150.14,PERMANENTLY_LOCKED_BEFORE_EVALUATION
rep_ad037e7a08fb6f68f3,session_13_extended_settling_bilateral,vid_c63ebda7f39171bc,participant_P12,Right,Correct,1150,1284,19.1585,21.4075,2.249,54.97,87.18,141.15,134.03,PERMANENTLY_LOCKED_BEFORE_EVALUATION
rep_192fcfc43111194ede,session_13_extended_settling_bilateral,vid_c63ebda7f39171bc,participant_P12,Left,Correct,1284,1420,21.3909,23.6733,2.2824,58.23,84.34,142.57,142.05,PERMANENTLY_LOCKED_BEFORE_EVALUATION
rep_41d7f4014c8377557d,session_13_extended_settling_bilateral,vid_c63ebda7f39171bc,participant_P12,Left,Correct,1554,1700,25.889,28.3379,2.449,67.77,82.68,150.02,142.97,PERMANENTLY_LOCKED_BEFORE_EVALUATION
rep_d5a43d3ea2a3e2ae47,session_13_extended_settling_bilateral,vid_c63ebda7f39171bc,participant_P12,Right,Correct,1700,1858,28.3213,30.9701,2.6489,53.03,90.95,137.99,141.26,PERMANENTLY_LOCKED_BEFORE_EVALUATION
rep_3a308bcf386c6a7ee0,session_13_extended_settling_bilateral,vid_c63ebda7f39171bc,participant_P12,Left,Correct,1858,2022,30.9535,33.7023,2.7488,61.59,86.79,144.64,147.89,PERMANENTLY_LOCKED_BEFORE_EVALUATION
rep_2bca3e223f0ea212b4,session_13_extended_settling_bilateral,vid_c63ebda7f39171bc,participant_P12,Right,Correct,2022,2150,33.6856,35.8347,2.1491,46.23,95.29,137.56,137.5,PERMANENTLY_LOCKED_BEFORE_EVALUATION
