video_id,source_type,directory,file_name,sha256,duration_sec,frame_count,in_canonical_manifest,in_phase3_training_set,evaluated_in_phases,eligibility_status,ineligibility_reason
vid_03222b4845d8ef2c,continuous_session_mp4,processed_data/assisted_elbow_flexion_v2/review_media,vid_03222b4845d8ef2c.mp4,d4963e96cc1617649c01540612768a6603d1ea5837c6bf0796129c6c8ee8a3ba,42.4,2545.0,True,True,Phase6/7/7.1/7.2 (Sessions 1-7),INELIGIBLE,Source video provided training repetitions for the frozen Phase 3 BalancedSVM in canonical human280 dataset.
vid_0c264aade3d23621,continuous_session_mp4,processed_data/assisted_elbow_flexion_v2/review_media,vid_0c264aade3d23621.mp4,d4892d1db2f4aab0c63cd0797c35a3299059df10a7a519d635a1e0274f5aad15,58.15,3490.0,True,True,Phase6/7/7.1/7.2 (Sessions 1-7),INELIGIBLE,Source video provided training repetitions for the frozen Phase 3 BalancedSVM in canonical human280 dataset.
vid_1334a563691c2170,continuous_session_mp4,processed_data/assisted_elbow_flexion_v2/review_media,vid_1334a563691c2170.mp4,2a8abfc83a90baa94afe9faa88b8121a4eff7f45a596a6e16ce4947840fd5fdb,35.05,2104.0,True,True,Phase6/7/7.1/7.2 (Sessions 1-7),INELIGIBLE,Source video provided training repetitions for the frozen Phase 3 BalancedSVM in canonical human280 dataset.
vid_1ac0cd5b45de866a,continuous_session_mp4,processed_data/assisted_elbow_flexion_v2/review_media,vid_1ac0cd5b45de866a.mp4,05bc74abc659df2853ec7d5912ecf21ce47c48cb8bc6620288282e06bfd3ff3e,57.87,3473.0,True,True,Phase6/7/7.1/7.2 (Sessions 1-7),INELIGIBLE,Source video provided training repetitions for the frozen Phase 3 BalancedSVM in canonical human280 dataset.
vid_2f993d44fd54187e,continuous_session_mp4,processed_data/assisted_elbow_flexion_v2/review_media,vid_2f993d44fd54187e.mp4,d91369e0e9249341ab3dbfa3a94a7eabb5e75aab3b2a76d2590f64e200b3dcc4,26.0,780.0,True,True,Unused in segmentation replay,INELIGIBLE,Source video provided training repetitions for the frozen Phase 3 BalancedSVM in canonical human280 dataset.
vid_33cbe5f84565bf3d,continuous_session_mp4,processed_data/assisted_elbow_flexion_v2/review_media,vid_33cbe5f84565bf3d.mp4,b89398aa85d83df4a7bf91f778efa5039cd8f36660b7a636223062ec1c2b516c,38.0,2281.0,True,True,Phase8 (Sessions 9-13),INELIGIBLE,Source video provided training repetitions for the frozen Phase 3 BalancedSVM in canonical human280 dataset.
vid_3e2129fa15608b04,continuous_session_mp4,processed_data/assisted_elbow_flexion_v2/review_media,vid_3e2129fa15608b04.mp4,f549f011e2492004f8697db4ce98ad86c83d3ed367411194a8fd242d9fb70f62,31.77,953.0,True,True,Unused in segmentation replay,INELIGIBLE,Source video provided training repetitions for the frozen Phase 3 BalancedSVM in canonical human280 dataset.
vid_4a4b044fd46cca10,continuous_session_mp4,processed_data/assisted_elbow_flexion_v2/review_media,vid_4a4b044fd46cca10.mp4,bb08ec226ce13acecd48c82a3d089fb62bbd72312cfa903089870703ebda9c5a,24.72,1484.0,True,True,Unused in segmentation replay,INELIGIBLE,Source video provided training repetitions for the frozen Phase 3 BalancedSVM in canonical human280 dataset.
vid_4d1daeb09e2c1b0e,continuous_session_mp4,processed_data/assisted_elbow_flexion_v2/review_media,vid_4d1daeb09e2c1b0e.mp4,426932808793f6e4899fac914755f4b4cf6350f2667f6ba593cd4be31f881c25,33.83,2031.0,True,True,Phase8 (Sessions 9-13),INELIGIBLE,Source video provided training repetitions for the frozen Phase 3 BalancedSVM in canonical human280 dataset.
vid_5ecd6a78f9f6d143,continuous_session_mp4,processed_data/assisted_elbow_flexion_v2/review_media,vid_5ecd6a78f9f6d143.mp4,6c2ef99be9e3f4d31b2fbb1481be54eb153445994f9aa8f07f11287aba518e5a,45.75,2746.0,True,True,Unused in segmentation replay,INELIGIBLE,Source video provided training repetitions for the frozen Phase 3 BalancedSVM in canonical human280 dataset.
vid_6dbe8779159bce47,continuous_session_mp4,processed_data/assisted_elbow_flexion_v2/review_media,vid_6dbe8779159bce47.mp4,2f68bbad2a43e8efb92d3ffb79538d0e9e191b36aa3481ec9718ca65eb5b4d3d,35.25,2114.0,True,True,Phase8 (Sessions 9-13),INELIGIBLE,Source video provided training repetitions for the frozen Phase 3 BalancedSVM in canonical human280 dataset.
vid_762b204cd565ac52,continuous_session_mp4,processed_data/assisted_elbow_flexion_v2/review_media,vid_762b204cd565ac52.mp4,133be468ce4842f740bfca1683643bc30630e7e2fc6518a7cd33e32721164dba,40.5,2431.0,True,True,Unused in segmentation replay,INELIGIBLE,Source video provided training repetitions for the frozen Phase 3 BalancedSVM in canonical human280 dataset.
vid_769bc27d1c4abfab,continuous_session_mp4,processed_data/assisted_elbow_flexion_v2/review_media,vid_769bc27d1c4abfab.mp4,0bdefe45c349b4af7101a881878d0e8ab33d7a41db23887cb3cf6d22b093b1a0,44.38,2664.0,True,True,Phase6/7/7.1/7.2 (Sessions 1-7),INELIGIBLE,Source video provided training repetitions for the frozen Phase 3 BalancedSVM in canonical human280 dataset.
vid_871bc1a5b112709b,continuous_session_mp4,processed_data/assisted_elbow_flexion_v2/review_media,vid_871bc1a5b112709b.mp4,0e436e7037961900b1f4ee83d7cb5a5e77135d0d17768c3af20ef2cdd1903492,42.27,2537.0,True,True,Unused in segmentation replay,INELIGIBLE,Source video provided training repetitions for the frozen Phase 3 BalancedSVM in canonical human280 dataset.
vid_8c19cbd3c181b15a,continuous_session_mp4,processed_data/assisted_elbow_flexion_v2/review_media,vid_8c19cbd3c181b15a.mp4,d1602eebe622ed4acf8edb645edceea02f3f08057e272e3b92c112501b64336c,22.6,1357.0,True,True,Unused in segmentation replay,INELIGIBLE,Source video provided training repetitions for the frozen Phase 3 BalancedSVM in canonical human280 dataset.
vid_a098f327a26fe877,continuous_session_mp4,processed_data/assisted_elbow_flexion_v2/review_media,vid_a098f327a26fe877.mp4,e7875b85a509204ea54f0d605ed0c9eae1513051e50d50f6a380be2264921067,37.15,2230.0,True,True,Unused in segmentation replay,INELIGIBLE,Source video provided training repetitions for the frozen Phase 3 BalancedSVM in canonical human280 dataset.
vid_a7e0a74bb2cacc23,continuous_session_mp4,processed_data/assisted_elbow_flexion_v2/review_media,vid_a7e0a74bb2cacc23.mp4,c89df42060a9d78197fd10d243e1501e6064277da8003c2fab98ecd2beb2d430,35.52,2132.0,True,True,Phase6/7/7.1/7.2 (Sessions 1-7),INELIGIBLE,Source video provided training repetitions for the frozen Phase 3 BalancedSVM in canonical human280 dataset.
vid_aa01d8740a74fd7d,continuous_session_mp4,processed_data/assisted_elbow_flexion_v2/review_media,vid_aa01d8740a74fd7d.mp4,757c6b52fcd5489420ae7d0ff20516b146aac89a3cd5acbd949280d83493a8ff,25.55,1534.0,True,True,Unused in segmentation replay,INELIGIBLE,Source video provided training repetitions for the frozen Phase 3 BalancedSVM in canonical human280 dataset.
vid_ac42199741c9c0c1,continuous_session_mp4,processed_data/assisted_elbow_flexion_v2/review_media,vid_ac42199741c9c0c1.mp4,4a58a03bbcb3a341049f9e47e6e2ad4dcad97b6575bc33057d195f16a45493f6,24.13,1449.0,True,True,Phase8 (Sessions 9-13),INELIGIBLE,Source video provided training repetitions for the frozen Phase 3 BalancedSVM in canonical human280 dataset.
vid_bbc5006a077ac6b1,continuous_session_mp4,processed_data/assisted_elbow_flexion_v2/review_media,vid_bbc5006a077ac6b1.mp4,dafe8ca483949c04779a7222bb9c06ca9ca9c105a21dfcba643000400994873f,31.85,1912.0,True,True,Unused in segmentation replay,INELIGIBLE,Source video provided training repetitions for the frozen Phase 3 BalancedSVM in canonical human280 dataset.
vid_c63ebda7f39171bc,continuous_session_mp4,processed_data/assisted_elbow_flexion_v2/review_media,vid_c63ebda7f39171bc.mp4,e5e4aa9fd1852dc6198613e909aa7f6f0f17154b5121af2f893a431bec29c4f9,39.65,2380.0,True,True,Phase8 (Sessions 9-13),INELIGIBLE,Source video provided training repetitions for the frozen Phase 3 BalancedSVM in canonical human280 dataset.
vid_cccf82e3e7e7a94a,continuous_session_mp4,processed_data/assisted_elbow_flexion_v2/review_media,vid_cccf82e3e7e7a94a.mp4,1d3c31bb29e32f6da41e0ffd76c459115d71523769369df049df97f24edc4093,46.03,2763.0,True,True,Unused in segmentation replay,INELIGIBLE,Source video provided training repetitions for the frozen Phase 3 BalancedSVM in canonical human280 dataset.
vid_d19791ead4037b9a,continuous_session_mp4,processed_data/assisted_elbow_flexion_v2/review_media,vid_d19791ead4037b9a.mp4,d3443daaf51fbf69dc87eac529d0dd484bfe4ef6912547604a8fe18daf418f61,22.13,664.0,True,True,Unused in segmentation replay,INELIGIBLE,Source video provided training repetitions for the frozen Phase 3 BalancedSVM in canonical human280 dataset.
vid_d5dd3c73ecfdd074,continuous_session_mp4,processed_data/assisted_elbow_flexion_v2/review_media,vid_d5dd3c73ecfdd074.mp4,f0f97a66da11cae9df3325ebf50ba0782644a0cce8acd7b2f96bda87b5ffe0cc,39.2,1176.0,True,True,Unused in segmentation replay,INELIGIBLE,Source video provided training repetitions for the frozen Phase 3 BalancedSVM in canonical human280 dataset.
vid_dd4079cefb8f35d3,continuous_session_mp4,processed_data/assisted_elbow_flexion_v2/review_media,vid_dd4079cefb8f35d3.mp4,fcf1c88e051981346217a257646bc713e67816b12976a2ed89918ffadd554306,29.4,882.0,True,True,Unused in segmentation replay,INELIGIBLE,Source video provided training repetitions for the frozen Phase 3 BalancedSVM in canonical human280 dataset.
vid_e2fbdd20b335321f,continuous_session_mp4,processed_data/assisted_elbow_flexion_v2/review_media,vid_e2fbdd20b335321f.mp4,91cd54fe30c08ab1ece91f7f123d0a9f5d9fc7192d4f878a5382a7cda04e8a5f,29.93,898.0,True,True,Phase6/7/7.1/7.2 (Sessions 1-7),INELIGIBLE,Source video provided training repetitions for the frozen Phase 3 BalancedSVM in canonical human280 dataset.
vid_e61ec8fb945f06ad,continuous_session_mp4,processed_data/assisted_elbow_flexion_v2/review_media,vid_e61ec8fb945f06ad.mp4,74dfec5b0a5c62f6d9ee0d21b3f48e2ba077b4a30f9a49ddfa522632fe08fe4b,47.57,2855.0,True,True,Unused in segmentation replay,INELIGIBLE,Source video provided training repetitions for the frozen Phase 3 BalancedSVM in canonical human280 dataset.
vid_fd3e2ae78827f629,continuous_session_mp4,processed_data/assisted_elbow_flexion_v2/review_media,vid_fd3e2ae78827f629.mp4,b0deca7a2eedbb89b215078902f49ef82c8102bf595251e61733d0618e593bd8,21.73,1305.0,True,True,Unused in segmentation replay,INELIGIBLE,Source video provided training repetitions for the frozen Phase 3 BalancedSVM in canonical human280 dataset.
vid_ffec5a0821a6c480,continuous_session_mp4,processed_data/assisted_elbow_flexion_v2/review_media,vid_ffec5a0821a6c480.mp4,a4934413e02206846f8ec006f223173f4365c7795005af9e746aaa23994c5f80,40.8,2449.0,True,True,Unused in segmentation replay,INELIGIBLE,Source video provided training repetitions for the frozen Phase 3 BalancedSVM in canonical human280 dataset.
20260825_120703_rep_01,historical_v1_isolated_clip,processed_data/assisted_elbow_flexion/clips,20260825_120703_rep_01.mp4,2e5a24e271b1bebd13452ec725094cb1faf39977c2f2187389b5bf409d940a68,,,False,False,V1_historical_legacy_only,INELIGIBLE,"Historical V1 single-repetition clip (August 2026). Invariant violation: historical arrays/clips are prohibited for validation. Clips lack continuous multi-repetition context, pauses, and arm switching."
20260825_120703_rep_02,historical_v1_isolated_clip,processed_data/assisted_elbow_flexion/clips,20260825_120703_rep_02.mp4,39ac9b5d23566e77ae98b9f950d0b3c917c3140373392619d7a7c7062543beff,,,False,False,V1_historical_legacy_only,INELIGIBLE,"Historical V1 single-repetition clip (August 2026). Invariant violation: historical arrays/clips are prohibited for validation. Clips lack continuous multi-repetition context, pauses, and arm switching."
20260825_120703_rep_03,historical_v1_isolated_clip,processed_data/assisted_elbow_flexion/clips,20260825_120703_rep_03.mp4,631b8361a08eeca22e36c0ffcccbb3b8fc8fe5e2939776474885a175d9b3d7eb,,,False,False,V1_historical_legacy_only,INELIGIBLE,"Historical V1 single-repetition clip (August 2026). Invariant violation: historical arrays/clips are prohibited for validation. Clips lack continuous multi-repetition context, pauses, and arm switching."
20260825_120703_rep_04,historical_v1_isolated_clip,processed_data/assisted_elbow_flexion/clips,20260825_120703_rep_04.mp4,bc36a0b917c2d54e32f8c87a0620be2cb3119a50e8ac01bd165d533a5b4c8c9e,,,False,False,V1_historical_legacy_only,INELIGIBLE,"Historical V1 single-repetition clip (August 2026). Invariant violation: historical arrays/clips are prohibited for validation. Clips lack continuous multi-repetition context, pauses, and arm switching."
20260825_120703_rep_05,historical_v1_isolated_clip,processed_data/assisted_elbow_flexion/clips,20260825_120703_rep_05.mp4,8ec3509187d5c6fdacb72dbb8868eeb7e2cd7f2c9443cf75fbf8c02ea27331b4,,,False,False,V1_historical_legacy_only,INELIGIBLE,"Historical V1 single-repetition clip (August 2026). Invariant violation: historical arrays/clips are prohibited for validation. Clips lack continuous multi-repetition context, pauses, and arm switching."
20260825_120703_rep_06,historical_v1_isolated_clip,processed_data/assisted_elbow_flexion/clips,20260825_120703_rep_06.mp4,d6753f99132c175df5cd23a51126b01befffdb9a610539f14ff6a7e835975894,,,False,False,V1_historical_legacy_only,INELIGIBLE,"Historical V1 single-repetition clip (August 2026). Invariant violation: historical arrays/clips are prohibited for validation. Clips lack continuous multi-repetition context, pauses, and arm switching."
20260825_120703_rep_07,historical_v1_isolated_clip,processed_data/assisted_elbow_flexion/clips,20260825_120703_rep_07.mp4,0643d2dbcab7075f732b50c48d5bc4d0edfc18685b12df59aefb3b8b89aff951,,,False,False,V1_historical_legacy_only,INELIGIBLE,"Historical V1 single-repetition clip (August 2026). Invariant violation: historical arrays/clips are prohibited for validation. Clips lack continuous multi-repetition context, pauses, and arm switching."
20260825_120703_rep_08,historical_v1_isolated_clip,processed_data/assisted_elbow_flexion/clips,20260825_120703_rep_08.mp4,aca279d41b48fa77b5ba547dcf6db01411f697a454734358ba04d04b16c6fab8,,,False,False,V1_historical_legacy_only,INELIGIBLE,"Historical V1 single-repetition clip (August 2026). Invariant violation: historical arrays/clips are prohibited for validation. Clips lack continuous multi-repetition context, pauses, and arm switching."
20260825_120703_rep_09,historical_v1_isolated_clip,processed_data/assisted_elbow_flexion/clips,20260825_120703_rep_09.mp4,ffcadf936de2e46780a647d61f3f4ba14888a9850539d264aa9181ee80dad3e9,,,False,False,V1_historical_legacy_only,INELIGIBLE,"Historical V1 single-repetition clip (August 2026). Invariant violation: historical arrays/clips are prohibited for validation. Clips lack continuous multi-repetition context, pauses, and arm switching."
20260825_120703_rep_10,historical_v1_isolated_clip,processed_data/assisted_elbow_flexion/clips,20260825_120703_rep_10.mp4,c3e59e78372f776e31f4dda7b8c17044d18f9ae1516bc66f8fc655f2c3cdfa51,,,False,False,V1_historical_legacy_only,INELIGIBLE,"Historical V1 single-repetition clip (August 2026). Invariant violation: historical arrays/clips are prohibited for validation. Clips lack continuous multi-repetition context, pauses, and arm switching."
20260825_120703_rep_11,historical_v1_isolated_clip,processed_data/assisted_elbow_flexion/clips,20260825_120703_rep_11.mp4,d17c323138ae5942b37a31d6605c6e99b1e3908ce754a09890add28845a6e722,,,False,False,V1_historical_legacy_only,INELIGIBLE,"Historical V1 single-repetition clip (August 2026). Invariant violation: historical arrays/clips are prohibited for validation. Clips lack continuous multi-repetition context, pauses, and arm switching."
20260825_120703_rep_12,historical_v1_isolated_clip,processed_data/assisted_elbow_flexion/clips,20260825_120703_rep_12.mp4,69901a74063b6e11057b995c8fa679e049b1a686c8fca16fad17bcc6bc99245b,,,False,False,V1_historical_legacy_only,INELIGIBLE,"Historical V1 single-repetition clip (August 2026). Invariant violation: historical arrays/clips are prohibited for validation. Clips lack continuous multi-repetition context, pauses, and arm switching."
20260825_120754_rep_01,historical_v1_isolated_clip,processed_data/assisted_elbow_flexion/clips,20260825_120754_rep_01.mp4,7049d7fe1af43065533c1fe80a72fa1ab5da920c2e8ad6aa80bb2be60481ae47,,,False,False,V1_historical_legacy_only,INELIGIBLE,"Historical V1 single-repetition clip (August 2026). Invariant violation: historical arrays/clips are prohibited for validation. Clips lack continuous multi-repetition context, pauses, and arm switching."
20260825_120754_rep_02,historical_v1_isolated_clip,processed_data/assisted_elbow_flexion/clips,20260825_120754_rep_02.mp4,d902367f917cf37926c54381103c96e76ae4bed5ebcdff71ef9a5f723ef2f4fc,,,False,False,V1_historical_legacy_only,INELIGIBLE,"Historical V1 single-repetition clip (August 2026). Invariant violation: historical arrays/clips are prohibited for validation. Clips lack continuous multi-repetition context, pauses, and arm switching."
20260825_120754_rep_03,historical_v1_isolated_clip,processed_data/assisted_elbow_flexion/clips,20260825_120754_rep_03.mp4,f47bb97b53bab14b39e64d9e188b1b5ce9db24ce7b363eeef2fda9dc90be27ff,,,False,False,V1_historical_legacy_only,INELIGIBLE,"Historical V1 single-repetition clip (August 2026). Invariant violation: historical arrays/clips are prohibited for validation. Clips lack continuous multi-repetition context, pauses, and arm switching."
20260825_120754_rep_04,historical_v1_isolated_clip,processed_data/assisted_elbow_flexion/clips,20260825_120754_rep_04.mp4,c82eba581f481637d826ed25c46834721820014a41a461be7fc0aa007639a263,,,False,False,V1_historical_legacy_only,INELIGIBLE,"Historical V1 single-repetition clip (August 2026). Invariant violation: historical arrays/clips are prohibited for validation. Clips lack continuous multi-repetition context, pauses, and arm switching."
20260825_120754_rep_05,historical_v1_isolated_clip,processed_data/assisted_elbow_flexion/clips,20260825_120754_rep_05.mp4,5208bb64aa03da0565e6309b3a7e52f4b3ae07745cbce3b126cb8b382f1cec56,,,False,False,V1_historical_legacy_only,INELIGIBLE,"Historical V1 single-repetition clip (August 2026). Invariant violation: historical arrays/clips are prohibited for validation. Clips lack continuous multi-repetition context, pauses, and arm switching."
20260825_120754_rep_06,historical_v1_isolated_clip,processed_data/assisted_elbow_flexion/clips,20260825_120754_rep_06.mp4,71f1b19641208522b429f61f9a8654fbccbc2ad253477e55c7a9806839d7a581,,,False,False,V1_historical_legacy_only,INELIGIBLE,"Historical V1 single-repetition clip (August 2026). Invariant violation: historical arrays/clips are prohibited for validation. Clips lack continuous multi-repetition context, pauses, and arm switching."
20260825_120754_rep_07,historical_v1_isolated_clip,processed_data/assisted_elbow_flexion/clips,20260825_120754_rep_07.mp4,230f4b358f129aae57998624a8a1c07f2687918df2633db35eebb5798a959638,,,False,False,V1_historical_legacy_only,INELIGIBLE,"Historical V1 single-repetition clip (August 2026). Invariant violation: historical arrays/clips are prohibited for validation. Clips lack continuous multi-repetition context, pauses, and arm switching."
20260825_120754_rep_08,historical_v1_isolated_clip,processed_data/assisted_elbow_flexion/clips,20260825_120754_rep_08.mp4,6d508ac1938301815c64884bd60fac900960ac34896f0caa4791bfd9c3cc4d26,,,False,False,V1_historical_legacy_only,INELIGIBLE,"Historical V1 single-repetition clip (August 2026). Invariant violation: historical arrays/clips are prohibited for validation. Clips lack continuous multi-repetition context, pauses, and arm switching."
20260825_120754_rep_09,historical_v1_isolated_clip,processed_data/assisted_elbow_flexion/clips,20260825_120754_rep_09.mp4,669193b3d8da77b9e27f2a0294d194124e60ec7e03157c8df52dcc2f44f20899,,,False,False,V1_historical_legacy_only,INELIGIBLE,"Historical V1 single-repetition clip (August 2026). Invariant violation: historical arrays/clips are prohibited for validation. Clips lack continuous multi-repetition context, pauses, and arm switching."
20260825_120754_rep_10,historical_v1_isolated_clip,processed_data/assisted_elbow_flexion/clips,20260825_120754_rep_10.mp4,ceba0799fa08bf055a3218c2f7989abcc1df88749d1a635a957011db176c9a97,,,False,False,V1_historical_legacy_only,INELIGIBLE,"Historical V1 single-repetition clip (August 2026). Invariant violation: historical arrays/clips are prohibited for validation. Clips lack continuous multi-repetition context, pauses, and arm switching."
20260825_120853_rep_01,historical_v1_isolated_clip,processed_data/assisted_elbow_flexion/clips,20260825_120853_rep_01.mp4,b56e6bee63acbd587dc254abc1df4be241d5a5b6c6e8f48ff3196c1e193e92f5,,,False,False,V1_historical_legacy_only,INELIGIBLE,"Historical V1 single-repetition clip (August 2026). Invariant violation: historical arrays/clips are prohibited for validation. Clips lack continuous multi-repetition context, pauses, and arm switching."
20260825_120853_rep_02,historical_v1_isolated_clip,processed_data/assisted_elbow_flexion/clips,20260825_120853_rep_02.mp4,85a86c4b79aa68fd0829e24e11904ecb0c2c0fa47b00b2b28eb784672326a993,,,False,False,V1_historical_legacy_only,INELIGIBLE,"Historical V1 single-repetition clip (August 2026). Invariant violation: historical arrays/clips are prohibited for validation. Clips lack continuous multi-repetition context, pauses, and arm switching."
20260825_120853_rep_03,historical_v1_isolated_clip,processed_data/assisted_elbow_flexion/clips,20260825_120853_rep_03.mp4,8cbd15338bd7d2baa8944297f2859276326d5c92fff94407bfadec87b1443225,,,False,False,V1_historical_legacy_only,INELIGIBLE,"Historical V1 single-repetition clip (August 2026). Invariant violation: historical arrays/clips are prohibited for validation. Clips lack continuous multi-repetition context, pauses, and arm switching."
20260825_120853_rep_04,historical_v1_isolated_clip,processed_data/assisted_elbow_flexion/clips,20260825_120853_rep_04.mp4,01454988f8ce14b7d75c1aa246a86b2a47f5423e5c99f496c75c58bfe9e57d3d,,,False,False,V1_historical_legacy_only,INELIGIBLE,"Historical V1 single-repetition clip (August 2026). Invariant violation: historical arrays/clips are prohibited for validation. Clips lack continuous multi-repetition context, pauses, and arm switching."
20260825_120853_rep_05,historical_v1_isolated_clip,processed_data/assisted_elbow_flexion/clips,20260825_120853_rep_05.mp4,11f0887fa90633193af137707fcff4083071e214a614bbd5645de97318b45efd,,,False,False,V1_historical_legacy_only,INELIGIBLE,"Historical V1 single-repetition clip (August 2026). Invariant violation: historical arrays/clips are prohibited for validation. Clips lack continuous multi-repetition context, pauses, and arm switching."
20260825_120853_rep_06,historical_v1_isolated_clip,processed_data/assisted_elbow_flexion/clips,20260825_120853_rep_06.mp4,ce0db47614bb5cce936d04e92341d217e1bce2b279178cf815f2ccd4ad276020,,,False,False,V1_historical_legacy_only,INELIGIBLE,"Historical V1 single-repetition clip (August 2026). Invariant violation: historical arrays/clips are prohibited for validation. Clips lack continuous multi-repetition context, pauses, and arm switching."
20260825_120853_rep_07,historical_v1_isolated_clip,processed_data/assisted_elbow_flexion/clips,20260825_120853_rep_07.mp4,3940369cf9c4fd94b3cbeeee7e6394806aa4aad5f4a559a223b5856ddd8fcf2a,,,False,False,V1_historical_legacy_only,INELIGIBLE,"Historical V1 single-repetition clip (August 2026). Invariant violation: historical arrays/clips are prohibited for validation. Clips lack continuous multi-repetition context, pauses, and arm switching."
20260825_120853_rep_08,historical_v1_isolated_clip,processed_data/assisted_elbow_flexion/clips,20260825_120853_rep_08.mp4,8e3b795b791bfbb1fdf365ee19d22a780c77d42875ef185f6da406c384e2d46d,,,False,False,V1_historical_legacy_only,INELIGIBLE,"Historical V1 single-repetition clip (August 2026). Invariant violation: historical arrays/clips are prohibited for validation. Clips lack continuous multi-repetition context, pauses, and arm switching."
20260825_120853_rep_09,historical_v1_isolated_clip,processed_data/assisted_elbow_flexion/clips,20260825_120853_rep_09.mp4,341fd94bc5e9eaf620b4ab7868c872a96b185d9d4093b3053ef516faee1a4c4f,,,False,False,V1_historical_legacy_only,INELIGIBLE,"Historical V1 single-repetition clip (August 2026). Invariant violation: historical arrays/clips are prohibited for validation. Clips lack continuous multi-repetition context, pauses, and arm switching."
20260825_120853_rep_10,historical_v1_isolated_clip,processed_data/assisted_elbow_flexion/clips,20260825_120853_rep_10.mp4,36aca3d738fae721e89d09863681563827394be47f843d893788edd5fe7c783a,,,False,False,V1_historical_legacy_only,INELIGIBLE,"Historical V1 single-repetition clip (August 2026). Invariant violation: historical arrays/clips are prohibited for validation. Clips lack continuous multi-repetition context, pauses, and arm switching."
20260825_120853_rep_11,historical_v1_isolated_clip,processed_data/assisted_elbow_flexion/clips,20260825_120853_rep_11.mp4,52fda8be3fea189628045fc9e2c872a73df95d5c5fbc07eb2a3c8f12a962bd06,,,False,False,V1_historical_legacy_only,INELIGIBLE,"Historical V1 single-repetition clip (August 2026). Invariant violation: historical arrays/clips are prohibited for validation. Clips lack continuous multi-repetition context, pauses, and arm switching."
20260825_120853_rep_12,historical_v1_isolated_clip,processed_data/assisted_elbow_flexion/clips,20260825_120853_rep_12.mp4,81377de46f542dc209cb3074e957db6bd8e1d1fd27c10624877c167e0bff6db3,,,False,False,V1_historical_legacy_only,INELIGIBLE,"Historical V1 single-repetition clip (August 2026). Invariant violation: historical arrays/clips are prohibited for validation. Clips lack continuous multi-repetition context, pauses, and arm switching."
20260825_120853_rep_13,historical_v1_isolated_clip,processed_data/assisted_elbow_flexion/clips,20260825_120853_rep_13.mp4,5628e36d0b689dff5eebc94357dfffdda52c3b37dca0bd7181e304e648e937c1,,,False,False,V1_historical_legacy_only,INELIGIBLE,"Historical V1 single-repetition clip (August 2026). Invariant violation: historical arrays/clips are prohibited for validation. Clips lack continuous multi-repetition context, pauses, and arm switching."
20260825_120853_rep_14,historical_v1_isolated_clip,processed_data/assisted_elbow_flexion/clips,20260825_120853_rep_14.mp4,a08b700f77d9a7d145b65e8c4c6417a7136cd294dad4234c5c125c42521602da,,,False,False,V1_historical_legacy_only,INELIGIBLE,"Historical V1 single-repetition clip (August 2026). Invariant violation: historical arrays/clips are prohibited for validation. Clips lack continuous multi-repetition context, pauses, and arm switching."
20260825_121007_rep_01,historical_v1_isolated_clip,processed_data/assisted_elbow_flexion/clips,20260825_121007_rep_01.mp4,2101c105cd30b9ad3f66e25b32577f1d6227558bd1d134882e23d9cc52597cec,,,False,False,V1_historical_legacy_only,INELIGIBLE,"Historical V1 single-repetition clip (August 2026). Invariant violation: historical arrays/clips are prohibited for validation. Clips lack continuous multi-repetition context, pauses, and arm switching."
20260825_121007_rep_02,historical_v1_isolated_clip,processed_data/assisted_elbow_flexion/clips,20260825_121007_rep_02.mp4,2e24e363abceda76feb12ebfe2267bec76b506a1e09b2463fa49f0eb74675abd,,,False,False,V1_historical_legacy_only,INELIGIBLE,"Historical V1 single-repetition clip (August 2026). Invariant violation: historical arrays/clips are prohibited for validation. Clips lack continuous multi-repetition context, pauses, and arm switching."
20260825_121007_rep_03,historical_v1_isolated_clip,processed_data/assisted_elbow_flexion/clips,20260825_121007_rep_03.mp4,3a289dc9965c4bf959b8e082effd658444d473f276069f1ce1a7ebce6a109d92,,,False,False,V1_historical_legacy_only,INELIGIBLE,"Historical V1 single-repetition clip (August 2026). Invariant violation: historical arrays/clips are prohibited for validation. Clips lack continuous multi-repetition context, pauses, and arm switching."
20260825_121007_rep_04,historical_v1_isolated_clip,processed_data/assisted_elbow_flexion/clips,20260825_121007_rep_04.mp4,3f2b30d4761320805786739ea2cebac9ef439c1a3039d320d4b1d31ff9469e64,,,False,False,V1_historical_legacy_only,INELIGIBLE,"Historical V1 single-repetition clip (August 2026). Invariant violation: historical arrays/clips are prohibited for validation. Clips lack continuous multi-repetition context, pauses, and arm switching."
20260825_121007_rep_05,historical_v1_isolated_clip,processed_data/assisted_elbow_flexion/clips,20260825_121007_rep_05.mp4,dde8492103d08e53593bf63b420703fa09b3b5a26a1907ecc8a790ef9833e29c,,,False,False,V1_historical_legacy_only,INELIGIBLE,"Historical V1 single-repetition clip (August 2026). Invariant violation: historical arrays/clips are prohibited for validation. Clips lack continuous multi-repetition context, pauses, and arm switching."
20260825_121007_rep_06,historical_v1_isolated_clip,processed_data/assisted_elbow_flexion/clips,20260825_121007_rep_06.mp4,d352ccba99e2afb2331c011da20178f386d6a1790aab4e51a169350d35607b25,,,False,False,V1_historical_legacy_only,INELIGIBLE,"Historical V1 single-repetition clip (August 2026). Invariant violation: historical arrays/clips are prohibited for validation. Clips lack continuous multi-repetition context, pauses, and arm switching."
20260825_121007_rep_07,historical_v1_isolated_clip,processed_data/assisted_elbow_flexion/clips,20260825_121007_rep_07.mp4,fcad9b47936a9bef8be6d7a3191ad9b51946c7fcfafd53e9864a7513bdb2d3d8,,,False,False,V1_historical_legacy_only,INELIGIBLE,"Historical V1 single-repetition clip (August 2026). Invariant violation: historical arrays/clips are prohibited for validation. Clips lack continuous multi-repetition context, pauses, and arm switching."
20260825_121007_rep_08,historical_v1_isolated_clip,processed_data/assisted_elbow_flexion/clips,20260825_121007_rep_08.mp4,d4e04cdeb46a0f668a9eedb3fc4f74b520a650a2249e5e455273151c0f75cae2,,,False,False,V1_historical_legacy_only,INELIGIBLE,"Historical V1 single-repetition clip (August 2026). Invariant violation: historical arrays/clips are prohibited for validation. Clips lack continuous multi-repetition context, pauses, and arm switching."
20260825_121007_rep_09,historical_v1_isolated_clip,processed_data/assisted_elbow_flexion/clips,20260825_121007_rep_09.mp4,19936438e670605849ca7f8181d3ef30b7caf6a7a4b2c1eb2679ae25b1330bf2,,,False,False,V1_historical_legacy_only,INELIGIBLE,"Historical V1 single-repetition clip (August 2026). Invariant violation: historical arrays/clips are prohibited for validation. Clips lack continuous multi-repetition context, pauses, and arm switching."
20260825_121007_rep_10,historical_v1_isolated_clip,processed_data/assisted_elbow_flexion/clips,20260825_121007_rep_10.mp4,b568ed2b1e946c85babf53824655488b7202381d7949d051f59381d4c071eba9,,,False,False,V1_historical_legacy_only,INELIGIBLE,"Historical V1 single-repetition clip (August 2026). Invariant violation: historical arrays/clips are prohibited for validation. Clips lack continuous multi-repetition context, pauses, and arm switching."
20260825_121007_rep_11,historical_v1_isolated_clip,processed_data/assisted_elbow_flexion/clips,20260825_121007_rep_11.mp4,2c0508c4d8a4c46291c2f5039f2cb3b7dbd6106fcf0f54333d43261f5c27fde3,,,False,False,V1_historical_legacy_only,INELIGIBLE,"Historical V1 single-repetition clip (August 2026). Invariant violation: historical arrays/clips are prohibited for validation. Clips lack continuous multi-repetition context, pauses, and arm switching."
20260825_121007_rep_12,historical_v1_isolated_clip,processed_data/assisted_elbow_flexion/clips,20260825_121007_rep_12.mp4,b04269104f730f3b00e9d4df021c389c2b759fda9b120119552c7f22e017b85f,,,False,False,V1_historical_legacy_only,INELIGIBLE,"Historical V1 single-repetition clip (August 2026). Invariant violation: historical arrays/clips are prohibited for validation. Clips lack continuous multi-repetition context, pauses, and arm switching."
20260825_121007_rep_13,historical_v1_isolated_clip,processed_data/assisted_elbow_flexion/clips,20260825_121007_rep_13.mp4,54c4068c7b9998a012bcbdacb8512d053386634572313b56edde9ffa9b0aa20b,,,False,False,V1_historical_legacy_only,INELIGIBLE,"Historical V1 single-repetition clip (August 2026). Invariant violation: historical arrays/clips are prohibited for validation. Clips lack continuous multi-repetition context, pauses, and arm switching."
20260825_121007_rep_14,historical_v1_isolated_clip,processed_data/assisted_elbow_flexion/clips,20260825_121007_rep_14.mp4,5d064156538448f6a16dbe1cbd3105abae1786f3acecdc6d836aecb85fbb851d,,,False,False,V1_historical_legacy_only,INELIGIBLE,"Historical V1 single-repetition clip (August 2026). Invariant violation: historical arrays/clips are prohibited for validation. Clips lack continuous multi-repetition context, pauses, and arm switching."
20260825_121007_rep_15,historical_v1_isolated_clip,processed_data/assisted_elbow_flexion/clips,20260825_121007_rep_15.mp4,0e83be7ac3a728dfec4e0458395ef78a2391021066771b1fd56910a01923c040,,,False,False,V1_historical_legacy_only,INELIGIBLE,"Historical V1 single-repetition clip (August 2026). Invariant violation: historical arrays/clips are prohibited for validation. Clips lack continuous multi-repetition context, pauses, and arm switching."
20260825_121007_rep_16,historical_v1_isolated_clip,processed_data/assisted_elbow_flexion/clips,20260825_121007_rep_16.mp4,7ec42b10f74c65796a647194b7df3c289700af5e4b862979901622816b52a09f,,,False,False,V1_historical_legacy_only,INELIGIBLE,"Historical V1 single-repetition clip (August 2026). Invariant violation: historical arrays/clips are prohibited for validation. Clips lack continuous multi-repetition context, pauses, and arm switching."
20260825_121059_rep_01,historical_v1_isolated_clip,processed_data/assisted_elbow_flexion/clips,20260825_121059_rep_01.mp4,0504dc3737c5aa5ff4652e6cfb32c58c3998525b933e02fe8b5dda7fedc7fc38,,,False,False,V1_historical_legacy_only,INELIGIBLE,"Historical V1 single-repetition clip (August 2026). Invariant violation: historical arrays/clips are prohibited for validation. Clips lack continuous multi-repetition context, pauses, and arm switching."
20260825_121059_rep_02,historical_v1_isolated_clip,processed_data/assisted_elbow_flexion/clips,20260825_121059_rep_02.mp4,f2e4bbd518efa073d74a6bf5a1e76f05986ea4ac0b9443c76e9dfca8e5983026,,,False,False,V1_historical_legacy_only,INELIGIBLE,"Historical V1 single-repetition clip (August 2026). Invariant violation: historical arrays/clips are prohibited for validation. Clips lack continuous multi-repetition context, pauses, and arm switching."
20260825_121059_rep_03,historical_v1_isolated_clip,processed_data/assisted_elbow_flexion/clips,20260825_121059_rep_03.mp4,6a1c46ff9d1b29e722d93ec6a4b6a83a96be19af44981198f938fe1b09e0efd7,,,False,False,V1_historical_legacy_only,INELIGIBLE,"Historical V1 single-repetition clip (August 2026). Invariant violation: historical arrays/clips are prohibited for validation. Clips lack continuous multi-repetition context, pauses, and arm switching."
20260825_121059_rep_04,historical_v1_isolated_clip,processed_data/assisted_elbow_flexion/clips,20260825_121059_rep_04.mp4,27e46301685cf32904fd58bc0007759c7df8f415fac89865f7119309046c4324,,,False,False,V1_historical_legacy_only,INELIGIBLE,"Historical V1 single-repetition clip (August 2026). Invariant violation: historical arrays/clips are prohibited for validation. Clips lack continuous multi-repetition context, pauses, and arm switching."
20260825_121059_rep_05,historical_v1_isolated_clip,processed_data/assisted_elbow_flexion/clips,20260825_121059_rep_05.mp4,90d60e68aad0c4f4f07026c1c68e44b3ae4d821f13cfe952783a5e3009080033,,,False,False,V1_historical_legacy_only,INELIGIBLE,"Historical V1 single-repetition clip (August 2026). Invariant violation: historical arrays/clips are prohibited for validation. Clips lack continuous multi-repetition context, pauses, and arm switching."
20260825_121059_rep_06,historical_v1_isolated_clip,processed_data/assisted_elbow_flexion/clips,20260825_121059_rep_06.mp4,33eb5bde9e65a58e5c6b7d25c767aebe886fdc19758b818d5ae56df242793380,,,False,False,V1_historical_legacy_only,INELIGIBLE,"Historical V1 single-repetition clip (August 2026). Invariant violation: historical arrays/clips are prohibited for validation. Clips lack continuous multi-repetition context, pauses, and arm switching."
20260825_121059_rep_07,historical_v1_isolated_clip,processed_data/assisted_elbow_flexion/clips,20260825_121059_rep_07.mp4,5af4aa09bdb24254641c72b29061cea03de4f274ecd435d948147ab02d1c0402,,,False,False,V1_historical_legacy_only,INELIGIBLE,"Historical V1 single-repetition clip (August 2026). Invariant violation: historical arrays/clips are prohibited for validation. Clips lack continuous multi-repetition context, pauses, and arm switching."
20260825_121059_rep_08,historical_v1_isolated_clip,processed_data/assisted_elbow_flexion/clips,20260825_121059_rep_08.mp4,0e74b5012703b1bf5d1c5980beff40f80f6d5161fc978de194cd1be25eb110f2,,,False,False,V1_historical_legacy_only,INELIGIBLE,"Historical V1 single-repetition clip (August 2026). Invariant violation: historical arrays/clips are prohibited for validation. Clips lack continuous multi-repetition context, pauses, and arm switching."
20260825_121059_rep_09,historical_v1_isolated_clip,processed_data/assisted_elbow_flexion/clips,20260825_121059_rep_09.mp4,1166f84183976ed747450b67828d09e8317fd67bb0f60eb472138e26c688ff37,,,False,False,V1_historical_legacy_only,INELIGIBLE,"Historical V1 single-repetition clip (August 2026). Invariant violation: historical arrays/clips are prohibited for validation. Clips lack continuous multi-repetition context, pauses, and arm switching."
20260825_121059_rep_10,historical_v1_isolated_clip,processed_data/assisted_elbow_flexion/clips,20260825_121059_rep_10.mp4,94c3800a9de9b78083a5ddd0f7be4e6b773851da2177afafb5ec08638521004e,,,False,False,V1_historical_legacy_only,INELIGIBLE,"Historical V1 single-repetition clip (August 2026). Invariant violation: historical arrays/clips are prohibited for validation. Clips lack continuous multi-repetition context, pauses, and arm switching."
20260825_135423_rep_01,historical_v1_isolated_clip,processed_data/assisted_elbow_flexion/clips,20260825_135423_rep_01.mp4,fb67da5d7374517ec371426c13a3a6bacf0f15fdf484a58841956b41ac0fa860,,,False,False,V1_historical_legacy_only,INELIGIBLE,"Historical V1 single-repetition clip (August 2026). Invariant violation: historical arrays/clips are prohibited for validation. Clips lack continuous multi-repetition context, pauses, and arm switching."
20260825_135423_rep_02,historical_v1_isolated_clip,processed_data/assisted_elbow_flexion/clips,20260825_135423_rep_02.mp4,5a4c62a23c2b9c5e1f8b11006cc39100713c04154ce2c3474e226a8ef2d01941,,,False,False,V1_historical_legacy_only,INELIGIBLE,"Historical V1 single-repetition clip (August 2026). Invariant violation: historical arrays/clips are prohibited for validation. Clips lack continuous multi-repetition context, pauses, and arm switching."
20260825_135423_rep_03,historical_v1_isolated_clip,processed_data/assisted_elbow_flexion/clips,20260825_135423_rep_03.mp4,a731404c048f14054a672ad876f1b691b900f7fd142a1b0e1bf2bbe5381f0c59,,,False,False,V1_historical_legacy_only,INELIGIBLE,"Historical V1 single-repetition clip (August 2026). Invariant violation: historical arrays/clips are prohibited for validation. Clips lack continuous multi-repetition context, pauses, and arm switching."
20260825_135423_rep_04,historical_v1_isolated_clip,processed_data/assisted_elbow_flexion/clips,20260825_135423_rep_04.mp4,eebf34cc7c410890343d86e3f2de82af6a9758afa2e0a48465d958f785553d82,,,False,False,V1_historical_legacy_only,INELIGIBLE,"Historical V1 single-repetition clip (August 2026). Invariant violation: historical arrays/clips are prohibited for validation. Clips lack continuous multi-repetition context, pauses, and arm switching."
20260825_135423_rep_05,historical_v1_isolated_clip,processed_data/assisted_elbow_flexion/clips,20260825_135423_rep_05.mp4,59512b5d3be112d062cb4e5d563f8c6517f1364a64ba20d45af1662e0895d21f,,,False,False,V1_historical_legacy_only,INELIGIBLE,"Historical V1 single-repetition clip (August 2026). Invariant violation: historical arrays/clips are prohibited for validation. Clips lack continuous multi-repetition context, pauses, and arm switching."
20260825_135423_rep_06,historical_v1_isolated_clip,processed_data/assisted_elbow_flexion/clips,20260825_135423_rep_06.mp4,306af1c8c3bff274331e7b4436f26a770354207edfcbcb113abd292602b68256,,,False,False,V1_historical_legacy_only,INELIGIBLE,"Historical V1 single-repetition clip (August 2026). Invariant violation: historical arrays/clips are prohibited for validation. Clips lack continuous multi-repetition context, pauses, and arm switching."
20260825_135423_rep_07,historical_v1_isolated_clip,processed_data/assisted_elbow_flexion/clips,20260825_135423_rep_07.mp4,3041c6ec3aca0ffb550666c0452c879008c681881dc09d9f35d55c429e10add5,,,False,False,V1_historical_legacy_only,INELIGIBLE,"Historical V1 single-repetition clip (August 2026). Invariant violation: historical arrays/clips are prohibited for validation. Clips lack continuous multi-repetition context, pauses, and arm switching."
20260825_135423_rep_08,historical_v1_isolated_clip,processed_data/assisted_elbow_flexion/clips,20260825_135423_rep_08.mp4,a328955cd1aebe96e1f59f5aa441d2755d1c0b5525392c2560d222ffd3a935d4,,,False,False,V1_historical_legacy_only,INELIGIBLE,"Historical V1 single-repetition clip (August 2026). Invariant violation: historical arrays/clips are prohibited for validation. Clips lack continuous multi-repetition context, pauses, and arm switching."
20260825_135423_rep_09,historical_v1_isolated_clip,processed_data/assisted_elbow_flexion/clips,20260825_135423_rep_09.mp4,cbd4be7318f709e81292297da12b5db9972c31d26378765c763860a806be0af4,,,False,False,V1_historical_legacy_only,INELIGIBLE,"Historical V1 single-repetition clip (August 2026). Invariant violation: historical arrays/clips are prohibited for validation. Clips lack continuous multi-repetition context, pauses, and arm switching."
20260825_135423_rep_10,historical_v1_isolated_clip,processed_data/assisted_elbow_flexion/clips,20260825_135423_rep_10.mp4,ffba685d8b34c4a92d2e4878ebdeaa318333a8960da4bc083ac5aa6c36b1c6fe,,,False,False,V1_historical_legacy_only,INELIGIBLE,"Historical V1 single-repetition clip (August 2026). Invariant violation: historical arrays/clips are prohibited for validation. Clips lack continuous multi-repetition context, pauses, and arm switching."
20260825_135423_rep_11,historical_v1_isolated_clip,processed_data/assisted_elbow_flexion/clips,20260825_135423_rep_11.mp4,20bc25d83c42ca5c653a9cce4ca447e3e848fc6822f4cdc45fbcc057f4545551,,,False,False,V1_historical_legacy_only,INELIGIBLE,"Historical V1 single-repetition clip (August 2026). Invariant violation: historical arrays/clips are prohibited for validation. Clips lack continuous multi-repetition context, pauses, and arm switching."
20260825_135423_rep_12,historical_v1_isolated_clip,processed_data/assisted_elbow_flexion/clips,20260825_135423_rep_12.mp4,b8c6868e32d1d6250914a75f55b8205bb5e2bc822354e05127e342da06b2384b,,,False,False,V1_historical_legacy_only,INELIGIBLE,"Historical V1 single-repetition clip (August 2026). Invariant violation: historical arrays/clips are prohibited for validation. Clips lack continuous multi-repetition context, pauses, and arm switching."
20260825_135423_rep_13,historical_v1_isolated_clip,processed_data/assisted_elbow_flexion/clips,20260825_135423_rep_13.mp4,533b7f416014d295609abccfe4bc6caa74dbf78b4bb91cc85676bc859a113bd8,,,False,False,V1_historical_legacy_only,INELIGIBLE,"Historical V1 single-repetition clip (August 2026). Invariant violation: historical arrays/clips are prohibited for validation. Clips lack continuous multi-repetition context, pauses, and arm switching."
20260825_135508_rep_01,historical_v1_isolated_clip,processed_data/assisted_elbow_flexion/clips,20260825_135508_rep_01.mp4,37b2b43ca0f7d175dc52f480b2ee75b01129cc10b558fdcd168bd432a4f0d467,,,False,False,V1_historical_legacy_only,INELIGIBLE,"Historical V1 single-repetition clip (August 2026). Invariant violation: historical arrays/clips are prohibited for validation. Clips lack continuous multi-repetition context, pauses, and arm switching."
20260825_135508_rep_02,historical_v1_isolated_clip,processed_data/assisted_elbow_flexion/clips,20260825_135508_rep_02.mp4,9d74ae2223efe07ed7d4539ef5f0365c60e9de5acfd33847f1e21e34d55b45ac,,,False,False,V1_historical_legacy_only,INELIGIBLE,"Historical V1 single-repetition clip (August 2026). Invariant violation: historical arrays/clips are prohibited for validation. Clips lack continuous multi-repetition context, pauses, and arm switching."
20260825_135508_rep_03,historical_v1_isolated_clip,processed_data/assisted_elbow_flexion/clips,20260825_135508_rep_03.mp4,cdaf3e9a45c0c99d71754dbae88af41af9a8ce621bdd733cd710f9729682c59d,,,False,False,V1_historical_legacy_only,INELIGIBLE,"Historical V1 single-repetition clip (August 2026). Invariant violation: historical arrays/clips are prohibited for validation. Clips lack continuous multi-repetition context, pauses, and arm switching."
20260825_135508_rep_04,historical_v1_isolated_clip,processed_data/assisted_elbow_flexion/clips,20260825_135508_rep_04.mp4,d7ddb856cf21b2aaf6171bdd151ec605449245f7518506af3c71c71d22819166,,,False,False,V1_historical_legacy_only,INELIGIBLE,"Historical V1 single-repetition clip (August 2026). Invariant violation: historical arrays/clips are prohibited for validation. Clips lack continuous multi-repetition context, pauses, and arm switching."
20260825_135508_rep_05,historical_v1_isolated_clip,processed_data/assisted_elbow_flexion/clips,20260825_135508_rep_05.mp4,eb798e8e62bd702813a70accbc97c25856b49c502701e745dd8fc6c5326a8bf7,,,False,False,V1_historical_legacy_only,INELIGIBLE,"Historical V1 single-repetition clip (August 2026). Invariant violation: historical arrays/clips are prohibited for validation. Clips lack continuous multi-repetition context, pauses, and arm switching."
20260825_135508_rep_06,historical_v1_isolated_clip,processed_data/assisted_elbow_flexion/clips,20260825_135508_rep_06.mp4,f673c41580c8baad80c41df6b0b609b3ce289accbc713596d4273b116583619d,,,False,False,V1_historical_legacy_only,INELIGIBLE,"Historical V1 single-repetition clip (August 2026). Invariant violation: historical arrays/clips are prohibited for validation. Clips lack continuous multi-repetition context, pauses, and arm switching."
20260825_135508_rep_07,historical_v1_isolated_clip,processed_data/assisted_elbow_flexion/clips,20260825_135508_rep_07.mp4,3369d68cca2689c06882b1f3cc99815f673205585b0f4d405539a68ad177b12f,,,False,False,V1_historical_legacy_only,INELIGIBLE,"Historical V1 single-repetition clip (August 2026). Invariant violation: historical arrays/clips are prohibited for validation. Clips lack continuous multi-repetition context, pauses, and arm switching."
20260825_135508_rep_08,historical_v1_isolated_clip,processed_data/assisted_elbow_flexion/clips,20260825_135508_rep_08.mp4,78b8f97a745afa95d528b05685b81a2a7fe832978fe2ea56df91990099c6c5c7,,,False,False,V1_historical_legacy_only,INELIGIBLE,"Historical V1 single-repetition clip (August 2026). Invariant violation: historical arrays/clips are prohibited for validation. Clips lack continuous multi-repetition context, pauses, and arm switching."
20260825_135508_rep_09,historical_v1_isolated_clip,processed_data/assisted_elbow_flexion/clips,20260825_135508_rep_09.mp4,ad539e233524f5e35e5d826644ba9440c4b3654a5c093ea68afe50e5dc773354,,,False,False,V1_historical_legacy_only,INELIGIBLE,"Historical V1 single-repetition clip (August 2026). Invariant violation: historical arrays/clips are prohibited for validation. Clips lack continuous multi-repetition context, pauses, and arm switching."
20260825_135508_rep_10,historical_v1_isolated_clip,processed_data/assisted_elbow_flexion/clips,20260825_135508_rep_10.mp4,2623c58f7a16127ad8e4264c4be1e0674bf9c85807d98f3481b6ac926782cd60,,,False,False,V1_historical_legacy_only,INELIGIBLE,"Historical V1 single-repetition clip (August 2026). Invariant violation: historical arrays/clips are prohibited for validation. Clips lack continuous multi-repetition context, pauses, and arm switching."
20260825_135545_rep_01,historical_v1_isolated_clip,processed_data/assisted_elbow_flexion/clips,20260825_135545_rep_01.mp4,bf7a317a9bd9a49c9e579faf52ba0856693c462d92a17155d7d5b0a369756400,,,False,False,V1_historical_legacy_only,INELIGIBLE,"Historical V1 single-repetition clip (August 2026). Invariant violation: historical arrays/clips are prohibited for validation. Clips lack continuous multi-repetition context, pauses, and arm switching."
20260825_135545_rep_02,historical_v1_isolated_clip,processed_data/assisted_elbow_flexion/clips,20260825_135545_rep_02.mp4,0fe7809097bd415c83874cd9c06036ce7be6e7292a02e7d35b54a12b41be1585,,,False,False,V1_historical_legacy_only,INELIGIBLE,"Historical V1 single-repetition clip (August 2026). Invariant violation: historical arrays/clips are prohibited for validation. Clips lack continuous multi-repetition context, pauses, and arm switching."
20260825_135545_rep_03,historical_v1_isolated_clip,processed_data/assisted_elbow_flexion/clips,20260825_135545_rep_03.mp4,ec34d1678706c208f44567ce1db1b97f6b1e902196c34451a67c7ce7d8a04183,,,False,False,V1_historical_legacy_only,INELIGIBLE,"Historical V1 single-repetition clip (August 2026). Invariant violation: historical arrays/clips are prohibited for validation. Clips lack continuous multi-repetition context, pauses, and arm switching."
20260825_135545_rep_04,historical_v1_isolated_clip,processed_data/assisted_elbow_flexion/clips,20260825_135545_rep_04.mp4,1967febfff6daeecc6d550b250f7c23ac69eaffe8978f9e5b9d4f02f67cbada8,,,False,False,V1_historical_legacy_only,INELIGIBLE,"Historical V1 single-repetition clip (August 2026). Invariant violation: historical arrays/clips are prohibited for validation. Clips lack continuous multi-repetition context, pauses, and arm switching."
20260825_135545_rep_05,historical_v1_isolated_clip,processed_data/assisted_elbow_flexion/clips,20260825_135545_rep_05.mp4,b68b7d066b5941c2e9e0534f5fc721f7a820b2a7d489b6be475abc788b7864b1,,,False,False,V1_historical_legacy_only,INELIGIBLE,"Historical V1 single-repetition clip (August 2026). Invariant violation: historical arrays/clips are prohibited for validation. Clips lack continuous multi-repetition context, pauses, and arm switching."
20260825_135545_rep_06,historical_v1_isolated_clip,processed_data/assisted_elbow_flexion/clips,20260825_135545_rep_06.mp4,935479693f83f4aa1b9afc0dc2b6be8a1799721ab69d0e936ba6a818c5968453,,,False,False,V1_historical_legacy_only,INELIGIBLE,"Historical V1 single-repetition clip (August 2026). Invariant violation: historical arrays/clips are prohibited for validation. Clips lack continuous multi-repetition context, pauses, and arm switching."
20260825_135545_rep_07,historical_v1_isolated_clip,processed_data/assisted_elbow_flexion/clips,20260825_135545_rep_07.mp4,ad61315bc8ae3226b455da884cce83829bb39e5978b3e6ab7dfdb4fc94752191,,,False,False,V1_historical_legacy_only,INELIGIBLE,"Historical V1 single-repetition clip (August 2026). Invariant violation: historical arrays/clips are prohibited for validation. Clips lack continuous multi-repetition context, pauses, and arm switching."
20260825_135545_rep_08,historical_v1_isolated_clip,processed_data/assisted_elbow_flexion/clips,20260825_135545_rep_08.mp4,189b6be41013ab110793ddd371a66c1fbfec3005b0e28d9d2289dd36109a8a66,,,False,False,V1_historical_legacy_only,INELIGIBLE,"Historical V1 single-repetition clip (August 2026). Invariant violation: historical arrays/clips are prohibited for validation. Clips lack continuous multi-repetition context, pauses, and arm switching."
20260825_135545_rep_09,historical_v1_isolated_clip,processed_data/assisted_elbow_flexion/clips,20260825_135545_rep_09.mp4,9bc900b9c3e8d960cc755643d59a6a28ae64adac794718c7ab3ad3ed5922a83e,,,False,False,V1_historical_legacy_only,INELIGIBLE,"Historical V1 single-repetition clip (August 2026). Invariant violation: historical arrays/clips are prohibited for validation. Clips lack continuous multi-repetition context, pauses, and arm switching."
20260825_135545_rep_10,historical_v1_isolated_clip,processed_data/assisted_elbow_flexion/clips,20260825_135545_rep_10.mp4,9e33018bc0e0228a4ee6b7dd0abb93dfa8cf178b6b509cae97736d9019802750,,,False,False,V1_historical_legacy_only,INELIGIBLE,"Historical V1 single-repetition clip (August 2026). Invariant violation: historical arrays/clips are prohibited for validation. Clips lack continuous multi-repetition context, pauses, and arm switching."
20260825_135545_rep_11,historical_v1_isolated_clip,processed_data/assisted_elbow_flexion/clips,20260825_135545_rep_11.mp4,3d3f5b40581d3b637ec5c0c7c8526ca8ffe01b8bfa0d8e4cb8a38b21423561d3,,,False,False,V1_historical_legacy_only,INELIGIBLE,"Historical V1 single-repetition clip (August 2026). Invariant violation: historical arrays/clips are prohibited for validation. Clips lack continuous multi-repetition context, pauses, and arm switching."
20260825_135545_rep_12,historical_v1_isolated_clip,processed_data/assisted_elbow_flexion/clips,20260825_135545_rep_12.mp4,d06a4d143f87496b648418c13cfae366b03315df35576479b81f82be0d1da4bb,,,False,False,V1_historical_legacy_only,INELIGIBLE,"Historical V1 single-repetition clip (August 2026). Invariant violation: historical arrays/clips are prohibited for validation. Clips lack continuous multi-repetition context, pauses, and arm switching."
20260825_135633_rep_01,historical_v1_isolated_clip,processed_data/assisted_elbow_flexion/clips,20260825_135633_rep_01.mp4,a5419b8e349f588d0e9f3fd5980c41b48a3f6a753a4538dc2ffb6e3949bbcc8b,,,False,False,V1_historical_legacy_only,INELIGIBLE,"Historical V1 single-repetition clip (August 2026). Invariant violation: historical arrays/clips are prohibited for validation. Clips lack continuous multi-repetition context, pauses, and arm switching."
20260825_135633_rep_02,historical_v1_isolated_clip,processed_data/assisted_elbow_flexion/clips,20260825_135633_rep_02.mp4,c6e8d2d1ea924e7ff14a9b3786bfc4c6c4e9695babdc85345ab836fd8200ea54,,,False,False,V1_historical_legacy_only,INELIGIBLE,"Historical V1 single-repetition clip (August 2026). Invariant violation: historical arrays/clips are prohibited for validation. Clips lack continuous multi-repetition context, pauses, and arm switching."
20260825_135633_rep_03,historical_v1_isolated_clip,processed_data/assisted_elbow_flexion/clips,20260825_135633_rep_03.mp4,f4c0a6ca50e58c946495616b78bf3c4e8e55ed5bbe97a3bc3c8f4d5da667c4fc,,,False,False,V1_historical_legacy_only,INELIGIBLE,"Historical V1 single-repetition clip (August 2026). Invariant violation: historical arrays/clips are prohibited for validation. Clips lack continuous multi-repetition context, pauses, and arm switching."
20260825_135633_rep_04,historical_v1_isolated_clip,processed_data/assisted_elbow_flexion/clips,20260825_135633_rep_04.mp4,eb5d555e436c18328af5668c7bbc4d6a5f200487215b0b027ff6b6c0b18f218e,,,False,False,V1_historical_legacy_only,INELIGIBLE,"Historical V1 single-repetition clip (August 2026). Invariant violation: historical arrays/clips are prohibited for validation. Clips lack continuous multi-repetition context, pauses, and arm switching."
20260825_135633_rep_05,historical_v1_isolated_clip,processed_data/assisted_elbow_flexion/clips,20260825_135633_rep_05.mp4,8395d3a3cb6f2fcf9d9be7fd064fc6400c490f579798461fa7263f1399357825,,,False,False,V1_historical_legacy_only,INELIGIBLE,"Historical V1 single-repetition clip (August 2026). Invariant violation: historical arrays/clips are prohibited for validation. Clips lack continuous multi-repetition context, pauses, and arm switching."
20260825_135633_rep_06,historical_v1_isolated_clip,processed_data/assisted_elbow_flexion/clips,20260825_135633_rep_06.mp4,1244ee6419f7770d6cd8d4acd305265008201d9a21768b9db88a70d02b6bb317,,,False,False,V1_historical_legacy_only,INELIGIBLE,"Historical V1 single-repetition clip (August 2026). Invariant violation: historical arrays/clips are prohibited for validation. Clips lack continuous multi-repetition context, pauses, and arm switching."
20260825_135633_rep_07,historical_v1_isolated_clip,processed_data/assisted_elbow_flexion/clips,20260825_135633_rep_07.mp4,b4ae50b3ffeae809158cd2437c4703574fc6e50fe348649652df8db95b383517,,,False,False,V1_historical_legacy_only,INELIGIBLE,"Historical V1 single-repetition clip (August 2026). Invariant violation: historical arrays/clips are prohibited for validation. Clips lack continuous multi-repetition context, pauses, and arm switching."
20260825_135633_rep_08,historical_v1_isolated_clip,processed_data/assisted_elbow_flexion/clips,20260825_135633_rep_08.mp4,618f5c53891e204af7898a51a4a60b2b1902364c0911c2c07a08e8ea480c0fe3,,,False,False,V1_historical_legacy_only,INELIGIBLE,"Historical V1 single-repetition clip (August 2026). Invariant violation: historical arrays/clips are prohibited for validation. Clips lack continuous multi-repetition context, pauses, and arm switching."
20260825_135701_rep_01,historical_v1_isolated_clip,processed_data/assisted_elbow_flexion/clips,20260825_135701_rep_01.mp4,79746ada0909eb1cc9d01f5c69a2b24eb5e7d450b8ff9dc21e87270f591bfe91,,,False,False,V1_historical_legacy_only,INELIGIBLE,"Historical V1 single-repetition clip (August 2026). Invariant violation: historical arrays/clips are prohibited for validation. Clips lack continuous multi-repetition context, pauses, and arm switching."
20260825_135701_rep_02,historical_v1_isolated_clip,processed_data/assisted_elbow_flexion/clips,20260825_135701_rep_02.mp4,cb90c2278e16757dace9ed13686f7d899f183534078275ff2ee291fadf1c3f5c,,,False,False,V1_historical_legacy_only,INELIGIBLE,"Historical V1 single-repetition clip (August 2026). Invariant violation: historical arrays/clips are prohibited for validation. Clips lack continuous multi-repetition context, pauses, and arm switching."
20260825_135701_rep_03,historical_v1_isolated_clip,processed_data/assisted_elbow_flexion/clips,20260825_135701_rep_03.mp4,fbfa2f3f54c832c3db5f87b4d6c9404a2b4c18eeb4ae19840faa714b0cea5a47,,,False,False,V1_historical_legacy_only,INELIGIBLE,"Historical V1 single-repetition clip (August 2026). Invariant violation: historical arrays/clips are prohibited for validation. Clips lack continuous multi-repetition context, pauses, and arm switching."
20260825_135701_rep_04,historical_v1_isolated_clip,processed_data/assisted_elbow_flexion/clips,20260825_135701_rep_04.mp4,e438679e3a8064261fc671180e89410784917397cdf98152b28d84e690283389,,,False,False,V1_historical_legacy_only,INELIGIBLE,"Historical V1 single-repetition clip (August 2026). Invariant violation: historical arrays/clips are prohibited for validation. Clips lack continuous multi-repetition context, pauses, and arm switching."
20260825_135701_rep_05,historical_v1_isolated_clip,processed_data/assisted_elbow_flexion/clips,20260825_135701_rep_05.mp4,1abd0cb760751bbc473689c2de92feaad87aa695c2b06064613e5700d3ca822b,,,False,False,V1_historical_legacy_only,INELIGIBLE,"Historical V1 single-repetition clip (August 2026). Invariant violation: historical arrays/clips are prohibited for validation. Clips lack continuous multi-repetition context, pauses, and arm switching."
20260825_135701_rep_06,historical_v1_isolated_clip,processed_data/assisted_elbow_flexion/clips,20260825_135701_rep_06.mp4,7617584e47daf93bd69a99fbcb0151904be61ec5a7e8a5c8be8744d4a23aa8f9,,,False,False,V1_historical_legacy_only,INELIGIBLE,"Historical V1 single-repetition clip (August 2026). Invariant violation: historical arrays/clips are prohibited for validation. Clips lack continuous multi-repetition context, pauses, and arm switching."
20260825_135701_rep_07,historical_v1_isolated_clip,processed_data/assisted_elbow_flexion/clips,20260825_135701_rep_07.mp4,562801ee8b983e0623322c5efbf5887d94fdae7cd8fe35c7baedc318765f52cd,,,False,False,V1_historical_legacy_only,INELIGIBLE,"Historical V1 single-repetition clip (August 2026). Invariant violation: historical arrays/clips are prohibited for validation. Clips lack continuous multi-repetition context, pauses, and arm switching."
20260825_135701_rep_08,historical_v1_isolated_clip,processed_data/assisted_elbow_flexion/clips,20260825_135701_rep_08.mp4,b1025f51aa0ee20322e2325da44a126e0d24a622a86d3414c2db3a2bf819ceb7,,,False,False,V1_historical_legacy_only,INELIGIBLE,"Historical V1 single-repetition clip (August 2026). Invariant violation: historical arrays/clips are prohibited for validation. Clips lack continuous multi-repetition context, pauses, and arm switching."
20260825_135701_rep_09,historical_v1_isolated_clip,processed_data/assisted_elbow_flexion/clips,20260825_135701_rep_09.mp4,4a3859dd0158be500a2057effbb5ff823b626f15c704c91d5d4406c339e923b1,,,False,False,V1_historical_legacy_only,INELIGIBLE,"Historical V1 single-repetition clip (August 2026). Invariant violation: historical arrays/clips are prohibited for validation. Clips lack continuous multi-repetition context, pauses, and arm switching."
20260825_135701_rep_10,historical_v1_isolated_clip,processed_data/assisted_elbow_flexion/clips,20260825_135701_rep_10.mp4,ec3ba4ade4a4faaa210305c651fad9c72497f1b369dd124356f25d3ac047549b,,,False,False,V1_historical_legacy_only,INELIGIBLE,"Historical V1 single-repetition clip (August 2026). Invariant violation: historical arrays/clips are prohibited for validation. Clips lack continuous multi-repetition context, pauses, and arm switching."
20260825_135701_rep_11,historical_v1_isolated_clip,processed_data/assisted_elbow_flexion/clips,20260825_135701_rep_11.mp4,4e67645165443881e84a7c59615ede498518a9429b7b6f4e1460ae62611903d2,,,False,False,V1_historical_legacy_only,INELIGIBLE,"Historical V1 single-repetition clip (August 2026). Invariant violation: historical arrays/clips are prohibited for validation. Clips lack continuous multi-repetition context, pauses, and arm switching."
20260825_135701_rep_12,historical_v1_isolated_clip,processed_data/assisted_elbow_flexion/clips,20260825_135701_rep_12.mp4,2a878eb5ba0a11e52a49fc6be2833fa8425d92fac4c25b14660ef502c230323e,,,False,False,V1_historical_legacy_only,INELIGIBLE,"Historical V1 single-repetition clip (August 2026). Invariant violation: historical arrays/clips are prohibited for validation. Clips lack continuous multi-repetition context, pauses, and arm switching."
20260825_135701_rep_13,historical_v1_isolated_clip,processed_data/assisted_elbow_flexion/clips,20260825_135701_rep_13.mp4,ad998f9fa6a896aa38a6780060865488e8881fcb16a977db7aabd0bb9bc1d69c,,,False,False,V1_historical_legacy_only,INELIGIBLE,"Historical V1 single-repetition clip (August 2026). Invariant violation: historical arrays/clips are prohibited for validation. Clips lack continuous multi-repetition context, pauses, and arm switching."
test_rep_01,historical_v1_isolated_clip,processed_data/assisted_elbow_flexion/clips,test_rep_01.mp4,9a3c5922a42e539f1d1c49b8f06bf70ab444099c4eb71d00d34dca5a6457415c,,,False,False,V1_historical_legacy_only,INELIGIBLE,"Historical V1 single-repetition clip (August 2026). Invariant violation: historical arrays/clips are prohibited for validation. Clips lack continuous multi-repetition context, pauses, and arm switching."
VID20260825125257_rep_01,historical_v1_isolated_clip,processed_data/assisted_elbow_flexion/clips,VID20260825125257_rep_01.mp4,c7459a9988cb2c94afa08236f60f17b1ac1b1ad15e3dadf6dbd7129d1506ffd8,,,False,False,V1_historical_legacy_only,INELIGIBLE,"Historical V1 single-repetition clip (August 2026). Invariant violation: historical arrays/clips are prohibited for validation. Clips lack continuous multi-repetition context, pauses, and arm switching."
VID20260825125257_rep_02,historical_v1_isolated_clip,processed_data/assisted_elbow_flexion/clips,VID20260825125257_rep_02.mp4,472257b1c5ce3e91d968536fd9306f7a99bc24df904486962d3faa0c3d51524a,,,False,False,V1_historical_legacy_only,INELIGIBLE,"Historical V1 single-repetition clip (August 2026). Invariant violation: historical arrays/clips are prohibited for validation. Clips lack continuous multi-repetition context, pauses, and arm switching."
VID20260825125257_rep_03,historical_v1_isolated_clip,processed_data/assisted_elbow_flexion/clips,VID20260825125257_rep_03.mp4,cdce1196da2c55b39c6317e0a87ce83d3a2670f8cd435eca049862260249591e,,,False,False,V1_historical_legacy_only,INELIGIBLE,"Historical V1 single-repetition clip (August 2026). Invariant violation: historical arrays/clips are prohibited for validation. Clips lack continuous multi-repetition context, pauses, and arm switching."
VID20260825125257_rep_04,historical_v1_isolated_clip,processed_data/assisted_elbow_flexion/clips,VID20260825125257_rep_04.mp4,99c11954cc44ef19e741882f9987903741255f09142a000bace516b9abb60665,,,False,False,V1_historical_legacy_only,INELIGIBLE,"Historical V1 single-repetition clip (August 2026). Invariant violation: historical arrays/clips are prohibited for validation. Clips lack continuous multi-repetition context, pauses, and arm switching."
VID20260825125257_rep_05,historical_v1_isolated_clip,processed_data/assisted_elbow_flexion/clips,VID20260825125257_rep_05.mp4,5c4c9806faf616f0910b4ac846b67de8451cb484eb6751bda1d1037c3eadd118,,,False,False,V1_historical_legacy_only,INELIGIBLE,"Historical V1 single-repetition clip (August 2026). Invariant violation: historical arrays/clips are prohibited for validation. Clips lack continuous multi-repetition context, pauses, and arm switching."
VID20260825125257_rep_06,historical_v1_isolated_clip,processed_data/assisted_elbow_flexion/clips,VID20260825125257_rep_06.mp4,37b4439c5e2b9b2ec2c31839b5dcf0aa46b3511e4b5f4207e0b9e99ff4c14698,,,False,False,V1_historical_legacy_only,INELIGIBLE,"Historical V1 single-repetition clip (August 2026). Invariant violation: historical arrays/clips are prohibited for validation. Clips lack continuous multi-repetition context, pauses, and arm switching."
VID20260825125257_rep_07,historical_v1_isolated_clip,processed_data/assisted_elbow_flexion/clips,VID20260825125257_rep_07.mp4,2e096c4e863d4d3091ed288287e2502ae58977af5825948131ae3770f903e8c7,,,False,False,V1_historical_legacy_only,INELIGIBLE,"Historical V1 single-repetition clip (August 2026). Invariant violation: historical arrays/clips are prohibited for validation. Clips lack continuous multi-repetition context, pauses, and arm switching."
VID20260825125257_rep_08,historical_v1_isolated_clip,processed_data/assisted_elbow_flexion/clips,VID20260825125257_rep_08.mp4,ad3a3327928c3dbbd9b587e9607bee0453b77d8a085486a713be8d5a80c2e615,,,False,False,V1_historical_legacy_only,INELIGIBLE,"Historical V1 single-repetition clip (August 2026). Invariant violation: historical arrays/clips are prohibited for validation. Clips lack continuous multi-repetition context, pauses, and arm switching."
VID20260825125257_rep_09,historical_v1_isolated_clip,processed_data/assisted_elbow_flexion/clips,VID20260825125257_rep_09.mp4,840973c85435fbd314e01e0761c3055d73b5884cc645828693313d4fd28c8ecb,,,False,False,V1_historical_legacy_only,INELIGIBLE,"Historical V1 single-repetition clip (August 2026). Invariant violation: historical arrays/clips are prohibited for validation. Clips lack continuous multi-repetition context, pauses, and arm switching."
VID20260825125257_rep_10,historical_v1_isolated_clip,processed_data/assisted_elbow_flexion/clips,VID20260825125257_rep_10.mp4,3c26ed3977f87e8aa2bf0746912dde5c3a58f231e0fddfc5ffd2e32e9dbcb96d,,,False,False,V1_historical_legacy_only,INELIGIBLE,"Historical V1 single-repetition clip (August 2026). Invariant violation: historical arrays/clips are prohibited for validation. Clips lack continuous multi-repetition context, pauses, and arm switching."
VID20260825125333_rep_01,historical_v1_isolated_clip,processed_data/assisted_elbow_flexion/clips,VID20260825125333_rep_01.mp4,f30f8b212fd4fb3aff812092c235a17c8443ba3fd3b991d7aeda3b1c6f44dd51,,,False,False,V1_historical_legacy_only,INELIGIBLE,"Historical V1 single-repetition clip (August 2026). Invariant violation: historical arrays/clips are prohibited for validation. Clips lack continuous multi-repetition context, pauses, and arm switching."
VID20260825125333_rep_02,historical_v1_isolated_clip,processed_data/assisted_elbow_flexion/clips,VID20260825125333_rep_02.mp4,143ed52aaa03d1215ed23e9896b960703fcaa5697819896099e15120195abc6c,,,False,False,V1_historical_legacy_only,INELIGIBLE,"Historical V1 single-repetition clip (August 2026). Invariant violation: historical arrays/clips are prohibited for validation. Clips lack continuous multi-repetition context, pauses, and arm switching."
VID20260825125333_rep_03,historical_v1_isolated_clip,processed_data/assisted_elbow_flexion/clips,VID20260825125333_rep_03.mp4,62f7cb631d47ba35149d6f023204f0d2fcdbe73e72e9c60c942d27ac743f78fd,,,False,False,V1_historical_legacy_only,INELIGIBLE,"Historical V1 single-repetition clip (August 2026). Invariant violation: historical arrays/clips are prohibited for validation. Clips lack continuous multi-repetition context, pauses, and arm switching."
VID20260825125333_rep_04,historical_v1_isolated_clip,processed_data/assisted_elbow_flexion/clips,VID20260825125333_rep_04.mp4,7218ca6a9642fb14bdd4d9e5d64fadc252bce10a422d88003b0c281bdbdb7a64,,,False,False,V1_historical_legacy_only,INELIGIBLE,"Historical V1 single-repetition clip (August 2026). Invariant violation: historical arrays/clips are prohibited for validation. Clips lack continuous multi-repetition context, pauses, and arm switching."
VID20260825125333_rep_05,historical_v1_isolated_clip,processed_data/assisted_elbow_flexion/clips,VID20260825125333_rep_05.mp4,475fb613b660702399336b201bd1e9f664b76d373c741977b56e74f9a6965a75,,,False,False,V1_historical_legacy_only,INELIGIBLE,"Historical V1 single-repetition clip (August 2026). Invariant violation: historical arrays/clips are prohibited for validation. Clips lack continuous multi-repetition context, pauses, and arm switching."
VID20260825125333_rep_06,historical_v1_isolated_clip,processed_data/assisted_elbow_flexion/clips,VID20260825125333_rep_06.mp4,de8c084b507eb8f6b0f7e232fe78cdfe08c537ec22ecdbdf80b3a253e21fb664,,,False,False,V1_historical_legacy_only,INELIGIBLE,"Historical V1 single-repetition clip (August 2026). Invariant violation: historical arrays/clips are prohibited for validation. Clips lack continuous multi-repetition context, pauses, and arm switching."
VID20260825125333_rep_07,historical_v1_isolated_clip,processed_data/assisted_elbow_flexion/clips,VID20260825125333_rep_07.mp4,a4ee826a23613e2ed5d0cfe6ff069facb687106af7d6faba33d6afd64aba0d9d,,,False,False,V1_historical_legacy_only,INELIGIBLE,"Historical V1 single-repetition clip (August 2026). Invariant violation: historical arrays/clips are prohibited for validation. Clips lack continuous multi-repetition context, pauses, and arm switching."
VID20260825125333_rep_08,historical_v1_isolated_clip,processed_data/assisted_elbow_flexion/clips,VID20260825125333_rep_08.mp4,7a664727f8e05676e1cf5a894640a9172a5f161c0a255770d2fd6c2bbcd22f47,,,False,False,V1_historical_legacy_only,INELIGIBLE,"Historical V1 single-repetition clip (August 2026). Invariant violation: historical arrays/clips are prohibited for validation. Clips lack continuous multi-repetition context, pauses, and arm switching."
VID20260825125333_rep_09,historical_v1_isolated_clip,processed_data/assisted_elbow_flexion/clips,VID20260825125333_rep_09.mp4,61421554a4882b792f924679778d60af986fbc950de35d870708f63815cfe9a4,,,False,False,V1_historical_legacy_only,INELIGIBLE,"Historical V1 single-repetition clip (August 2026). Invariant violation: historical arrays/clips are prohibited for validation. Clips lack continuous multi-repetition context, pauses, and arm switching."
VID20260825125333_rep_10,historical_v1_isolated_clip,processed_data/assisted_elbow_flexion/clips,VID20260825125333_rep_10.mp4,811e7e136ab5f7a1ecaad577ba9b1b9df006d70f4b5f9eb6a5a02859fd3eb47e,,,False,False,V1_historical_legacy_only,INELIGIBLE,"Historical V1 single-repetition clip (August 2026). Invariant violation: historical arrays/clips are prohibited for validation. Clips lack continuous multi-repetition context, pauses, and arm switching."
VID20260825125647_rep_01,historical_v1_isolated_clip,processed_data/assisted_elbow_flexion/clips,VID20260825125647_rep_01.mp4,80d1a45ef3208f875c79508556ffb4cdbe2a0568a7c5683aebc689ffd20f07b5,,,False,False,V1_historical_legacy_only,INELIGIBLE,"Historical V1 single-repetition clip (August 2026). Invariant violation: historical arrays/clips are prohibited for validation. Clips lack continuous multi-repetition context, pauses, and arm switching."
VID20260825125647_rep_02,historical_v1_isolated_clip,processed_data/assisted_elbow_flexion/clips,VID20260825125647_rep_02.mp4,7bd951ac3e960c2770db0b500563879365772aabe042e90229adfc5e4816ae15,,,False,False,V1_historical_legacy_only,INELIGIBLE,"Historical V1 single-repetition clip (August 2026). Invariant violation: historical arrays/clips are prohibited for validation. Clips lack continuous multi-repetition context, pauses, and arm switching."
VID20260825125647_rep_03,historical_v1_isolated_clip,processed_data/assisted_elbow_flexion/clips,VID20260825125647_rep_03.mp4,1ce70bb7a069c39a9253c8f09540fd3f8887f3d439176965550206c67e2ddf86,,,False,False,V1_historical_legacy_only,INELIGIBLE,"Historical V1 single-repetition clip (August 2026). Invariant violation: historical arrays/clips are prohibited for validation. Clips lack continuous multi-repetition context, pauses, and arm switching."
VID20260825125647_rep_04,historical_v1_isolated_clip,processed_data/assisted_elbow_flexion/clips,VID20260825125647_rep_04.mp4,a0891dbe62e00a5c0d9c8909da82fae9d6ca89f0740a20d8f21d9821c5e74743,,,False,False,V1_historical_legacy_only,INELIGIBLE,"Historical V1 single-repetition clip (August 2026). Invariant violation: historical arrays/clips are prohibited for validation. Clips lack continuous multi-repetition context, pauses, and arm switching."
VID20260825125647_rep_05,historical_v1_isolated_clip,processed_data/assisted_elbow_flexion/clips,VID20260825125647_rep_05.mp4,cd04888809b8a621d75970dfde382e5a1a774afb577b9891116388b1c6c75182,,,False,False,V1_historical_legacy_only,INELIGIBLE,"Historical V1 single-repetition clip (August 2026). Invariant violation: historical arrays/clips are prohibited for validation. Clips lack continuous multi-repetition context, pauses, and arm switching."
VID20260825125647_rep_06,historical_v1_isolated_clip,processed_data/assisted_elbow_flexion/clips,VID20260825125647_rep_06.mp4,73da34cd007a9733ac180850c185961686f65555c0e3d365ccab95a40ec1f17c,,,False,False,V1_historical_legacy_only,INELIGIBLE,"Historical V1 single-repetition clip (August 2026). Invariant violation: historical arrays/clips are prohibited for validation. Clips lack continuous multi-repetition context, pauses, and arm switching."
VID20260825125647_rep_07,historical_v1_isolated_clip,processed_data/assisted_elbow_flexion/clips,VID20260825125647_rep_07.mp4,36ec37687762233008804b0d2ff33f3330a2b84b2d661c93f787e895e0f53583,,,False,False,V1_historical_legacy_only,INELIGIBLE,"Historical V1 single-repetition clip (August 2026). Invariant violation: historical arrays/clips are prohibited for validation. Clips lack continuous multi-repetition context, pauses, and arm switching."
VID20260825125647_rep_08,historical_v1_isolated_clip,processed_data/assisted_elbow_flexion/clips,VID20260825125647_rep_08.mp4,cdff7d6d5cb0850b14da4fc2312912d5d87b62d923b9b961c29708da8e0b841e,,,False,False,V1_historical_legacy_only,INELIGIBLE,"Historical V1 single-repetition clip (August 2026). Invariant violation: historical arrays/clips are prohibited for validation. Clips lack continuous multi-repetition context, pauses, and arm switching."
VID20260825125720_rep_01,historical_v1_isolated_clip,processed_data/assisted_elbow_flexion/clips,VID20260825125720_rep_01.mp4,932803993ecd1104623216b9165e73375de88b5a89500e65335d6514a7596828,,,False,False,V1_historical_legacy_only,INELIGIBLE,"Historical V1 single-repetition clip (August 2026). Invariant violation: historical arrays/clips are prohibited for validation. Clips lack continuous multi-repetition context, pauses, and arm switching."
VID20260825125720_rep_02,historical_v1_isolated_clip,processed_data/assisted_elbow_flexion/clips,VID20260825125720_rep_02.mp4,51e76aae456a5ace1264633c0aac572f475991299cbc8e926a86419001379646,,,False,False,V1_historical_legacy_only,INELIGIBLE,"Historical V1 single-repetition clip (August 2026). Invariant violation: historical arrays/clips are prohibited for validation. Clips lack continuous multi-repetition context, pauses, and arm switching."
VID20260825125720_rep_03,historical_v1_isolated_clip,processed_data/assisted_elbow_flexion/clips,VID20260825125720_rep_03.mp4,dfed6194b7564f43fb02a51f4aa3358b09cb4fb85a99b18634cf440f008c7ecb,,,False,False,V1_historical_legacy_only,INELIGIBLE,"Historical V1 single-repetition clip (August 2026). Invariant violation: historical arrays/clips are prohibited for validation. Clips lack continuous multi-repetition context, pauses, and arm switching."
VID20260825125720_rep_04,historical_v1_isolated_clip,processed_data/assisted_elbow_flexion/clips,VID20260825125720_rep_04.mp4,03a488f065cf00cc806b82e8bb26231427451fb34aa41fed176e5e0f4f88a538,,,False,False,V1_historical_legacy_only,INELIGIBLE,"Historical V1 single-repetition clip (August 2026). Invariant violation: historical arrays/clips are prohibited for validation. Clips lack continuous multi-repetition context, pauses, and arm switching."
VID20260825125720_rep_05,historical_v1_isolated_clip,processed_data/assisted_elbow_flexion/clips,VID20260825125720_rep_05.mp4,82c6fd57b27c5bd7ab2e3199c1af0f51de7c08318df3af0d7182980a55e334b5,,,False,False,V1_historical_legacy_only,INELIGIBLE,"Historical V1 single-repetition clip (August 2026). Invariant violation: historical arrays/clips are prohibited for validation. Clips lack continuous multi-repetition context, pauses, and arm switching."
VID20260825125720_rep_06,historical_v1_isolated_clip,processed_data/assisted_elbow_flexion/clips,VID20260825125720_rep_06.mp4,e4836cb7217921bb88856dc887c3a4d017a23621d369246e761331c322c4ae98,,,False,False,V1_historical_legacy_only,INELIGIBLE,"Historical V1 single-repetition clip (August 2026). Invariant violation: historical arrays/clips are prohibited for validation. Clips lack continuous multi-repetition context, pauses, and arm switching."
VID20260825125720_rep_07,historical_v1_isolated_clip,processed_data/assisted_elbow_flexion/clips,VID20260825125720_rep_07.mp4,204b505ed42f67278e8aebe99f62f3eca46c2e64b32bd67356ce2ecf5783a5fb,,,False,False,V1_historical_legacy_only,INELIGIBLE,"Historical V1 single-repetition clip (August 2026). Invariant violation: historical arrays/clips are prohibited for validation. Clips lack continuous multi-repetition context, pauses, and arm switching."
