repetition_number,repetition_id,video_id,hand,human_intended_label,predicted_label,decision_score,duration_sec,frame_count,start_angle,end_angle,min_angle,active_rom,opposing_rom,segmentation_status,prediction_matches_intent,canonical_window_predicted_label,canonical_window_decision_score,failure_category,failure_detail
1,rep_02cbaaa878991f7eee,vid_0c264aade3d23621,Left,Correct,Correct,-0.9202919389391141,4.231534,177,130.88461303710938,142.21395874023438,80.31558990478516,61.89836883544922,43.009063720703125,CIRCULAR_BUFFER_SEGMENTED,True,Correct,-0.5417021249900719,None (Correct Prediction),Prediction matches human intended label.
2,rep_b59965fe88fa0c3f40,vid_0c264aade3d23621,Left,Correct,Correct,-1.548538880194379,3.6484550000000002,187,127.10380554199219,145.09609985351562,81.82188415527344,69.94300842285156,46.51752471923828,CIRCULAR_BUFFER_SEGMENTED,True,Correct,-1.886742378214628,None (Correct Prediction),Prediction matches human intended label.
3,rep_372c0410acd5099364,vid_0c264aade3d23621,Left,Correct,Correct,-0.6209319828386538,4.631356,210,104.7371597290039,150.221923828125,88.76661682128906,66.2872314453125,58.69548797607422,CIRCULAR_BUFFER_SEGMENTED,True,Correct,-0.999888451291926,None (Correct Prediction),Prediction matches human intended label.
4,rep_cea1129ae50e36fb30,vid_0c264aade3d23621,Left,Correct,Correct,-0.4425799192970662,4.847933000000001,191,129.8791961669922,144.53314208984375,84.65193939208984,63.717018127441406,47.893882751464844,CIRCULAR_BUFFER_SEGMENTED,True,Correct,-1.2228099316413825,None (Correct Prediction),Prediction matches human intended label.
5,rep_e8c1d21c6f2e4707b3,vid_0c264aade3d23621,Left,Correct,Correct,-0.9995326846016358,3.2652670000000015,197,143.28045654296875,145.43359375,81.25213623046875,64.46826171875,35.818199157714844,CIRCULAR_BUFFER_SEGMENTED,True,Correct,-1.048863613433702,None (Correct Prediction),Prediction matches human intended label.
6,rep_edc2513a7b19ebb4ed,vid_0c264aade3d23621,Left,Correct,Correct,-0.16555848142880258,4.564722000000003,204,102.63982391357422,141.57345581054688,79.36898040771484,66.3069076538086,41.685791015625,CIRCULAR_BUFFER_SEGMENTED,True,Correct,-0.8000488999998873,None (Correct Prediction),Prediction matches human intended label.
7,rep_0d7eaf4563fd24294a,vid_1ac0cd5b45de866a,Left,Correct,Correct,-0.8282582956489656,4.298156,188,122.02445220947266,149.02774047851562,80.85980987548828,68.32649993896484,37.989501953125,CIRCULAR_BUFFER_SEGMENTED,True,Correct,-0.6366636893069969,None (Correct Prediction),Prediction matches human intended label.
8,rep_35e324ed6452359dd2,vid_1ac0cd5b45de866a,Left,Correct,Correct,-0.903515878388416,3.248622000000001,151,126.0702896118164,144.67929077148438,87.12438201904297,60.51079559326172,46.12898254394531,CIRCULAR_BUFFER_SEGMENTED,True,Correct,-1.3118904021049769,None (Correct Prediction),Prediction matches human intended label.
9,rep_fb0c2f97d90ea5de5a,vid_0c264aade3d23621,Right,Correct,Correct,-0.8906112787295465,3.7817220000000002,167,140.17527770996094,138.7840118408203,94.67051696777344,48.61299133300781,56.936195373535156,CIRCULAR_BUFFER_SEGMENTED,True,Correct,-0.32779292800668947,None (Correct Prediction),Prediction matches human intended label.
10,rep_3b3a031e67b667bb2f,vid_0c264aade3d23621,Right,Correct,Incorrect,0.5384113568805612,4.831267,57,114.29176330566406,132.1300811767578,114.29176330566406,29.973068237304688,48.037574768066406,CIRCULAR_BUFFER_SEGMENTED,False,Correct,-0.1862548361613754,1. Segmentation Boundary Error,Model is correct on canonical window; streaming boundary clipping altered decision score.
11,rep_9988a74422e7c505d0,vid_0c264aade3d23621,Right,Correct,Incorrect,0.42061245542303716,5.181132999999999,39,95.29439544677734,129.9763946533203,95.29439544677734,58.587669372558594,53.4266357421875,CIRCULAR_BUFFER_SEGMENTED,False,Correct,-0.6294958502467115,1. Segmentation Boundary Error,Model is correct on canonical window; streaming boundary clipping altered decision score.
12,rep_46b03a163715ea8674,vid_0c264aade3d23621,Right,Correct,Correct,-1.113375818316114,3.4651879999999977,209,143.45046997070312,133.31985473632812,92.6978530883789,52.354652404785156,61.51561737060547,CIRCULAR_BUFFER_SEGMENTED,True,Correct,-1.0008423279776384,None (Correct Prediction),Prediction matches human intended label.
13,rep_20614a58d738f0f71c,vid_0c264aade3d23621,Right,Correct,Incorrect,0.47653011897782693,5.664245000000001,82,106.3707504272461,126.8663330078125,106.3707504272461,35.903770446777344,56.42779541015625,CIRCULAR_BUFFER_SEGMENTED,False,Correct,-0.7786235350190563,1. Segmentation Boundary Error,Model is correct on canonical window; streaming boundary clipping altered decision score.
14,rep_5c1dd8ed9aa6c8aa69,vid_0c264aade3d23621,Right,Correct,Incorrect,0.8462921760647166,4.014966999999999,131,123.3510513305664,127.55851745605469,97.28811645507812,43.33509826660156,32.562843322753906,CIRCULAR_BUFFER_SEGMENTED,False,Correct,-0.6551409185347984,1. Segmentation Boundary Error,Model is correct on canonical window; streaming boundary clipping altered decision score.
15,rep_6be9256acb543f49b8,vid_0c264aade3d23621,Right,Correct,Correct,-0.0611530900773708,4.531399999999998,222,106.73094940185547,129.85134887695312,98.1189193725586,42.33275604248047,57.38268280029297,CIRCULAR_BUFFER_SEGMENTED,True,Correct,-0.47846459851030987,None (Correct Prediction),Prediction matches human intended label.
16,rep_503633f6745e8f6a45,vid_1ac0cd5b45de866a,Left,Incorrect,Incorrect,1.2220873054403052,4.747977999999998,180,104.9146499633789,134.1896514892578,93.76725769042969,44.39772033691406,25.294998168945312,CIRCULAR_BUFFER_SEGMENTED,True,Incorrect,1.000314033809052,None (Correct Prediction),Prediction matches human intended label.
17,rep_5c39730111cd443d20,vid_1ac0cd5b45de866a,Left,Incorrect,Incorrect,1.0490668857279482,2.049121999999997,48,121.51681518554688,111.10618591308594,110.36976623535156,27.623291015625,21.060081481933594,CIRCULAR_BUFFER_SEGMENTED,True,Incorrect,0.9985917534213029,None (Correct Prediction),Prediction matches human intended label.
18,rep_50437be04b9a9a36ed,vid_769bc27d1c4abfab,Left,Incorrect,Incorrect,0.6284071114778459,2.332333000000002,141,154.78846740722656,168.4757080078125,81.3453140258789,93.77228546142578,96.77383422851562,CIRCULAR_BUFFER_SEGMENTED,True,Incorrect,0.49770693459919224,None (Correct Prediction),Prediction matches human intended label.
19,rep_a8f87271f827579bc4,vid_769bc27d1c4abfab,Left,Incorrect,Incorrect,1.9058614135502125,1.915845000000001,116,149.45526123046875,154.46046447753906,97.0477523803711,58.281654357910156,31.953521728515625,CIRCULAR_BUFFER_SEGMENTED,True,Incorrect,1.0010434023296497,None (Correct Prediction),Prediction matches human intended label.
20,rep_2073ececf0915178cc,vid_769bc27d1c4abfab,Left,Incorrect,Correct,-0.08894576328172066,2.1324229999999957,129,148.4146728515625,154.14605712890625,92.2537841796875,62.56451416015625,60.98956298828125,CIRCULAR_BUFFER_SEGMENTED,False,Incorrect,0.608302781397737,1. Segmentation Boundary Error,Model is correct on canonical window; streaming boundary clipping altered decision score.
21,rep_44b1272fd8a9d6b943,vid_e2fbdd20b335321f,Left,Incorrect,Incorrect,0.9344267287625516,4.865756000000001,99,104.90219116210938,123.21537780761719,92.93788146972656,45.92987060546875,49.22151184082031,CIRCULAR_BUFFER_SEGMENTED,True,Incorrect,1.0542636622373076,None (Correct Prediction),Prediction matches human intended label.
22,rep_4dc2ae4ad47611b5cf,vid_e2fbdd20b335321f,Left,Incorrect,Incorrect,1.6001228140599664,1.6996779999999987,52,114.58271026611328,128.97903442382812,108.32300567626953,36.185646057128906,32.72007751464844,CIRCULAR_BUFFER_SEGMENTED,True,Incorrect,1.0002791152379185,None (Correct Prediction),Prediction matches human intended label.
23,rep_cff3c2f757be354140,vid_1ac0cd5b45de866a,Right,Incorrect,Incorrect,1.3180322613588862,4.747978,139,117.98384857177734,122.50069427490234,100.37484741210938,37.70033264160156,38.31744384765625,CIRCULAR_BUFFER_SEGMENTED,True,Incorrect,0.627060309826256,None (Correct Prediction),Prediction matches human intended label.
24,rep_8c17d582de78f254dd,vid_1ac0cd5b45de866a,Right,Incorrect,Incorrect,0.7329956148548374,10.228966999999997,120,112.06039428710938,100.34412384033203,93.99751281738281,42.11219787597656,43.350624084472656,CIRCULAR_BUFFER_SEGMENTED,True,Incorrect,1.4048179857953853,None (Correct Prediction),Prediction matches human intended label.
25,rep_83f806588a8c338f4b,vid_1ac0cd5b45de866a,Right,Incorrect,Incorrect,1.0050827901260802,1.5326880000000003,93,93.99751281738281,122.34397888183594,93.99751281738281,30.5150146484375,23.005653381347656,FALLBACK_FULL_WINDOW,True,Incorrect,1.0050827901260802,None (Correct Prediction),Prediction matches human intended label.
26,rep_ef9e190c4981e28593,vid_1ac0cd5b45de866a,Right,Incorrect,Incorrect,1.4355587016351836,4.064922000000003,245,122.5984878540039,122.36495208740234,101.83868408203125,34.50456237792969,34.77368927001953,CIRCULAR_BUFFER_SEGMENTED,True,Incorrect,0.8764549112792335,None (Correct Prediction),Prediction matches human intended label.
27,rep_15de4676677de916d0,vid_769bc27d1c4abfab,Right,Incorrect,Incorrect,0.0485326432001566,2.598889,157,155.43167114257812,152.16854858398438,81.53023529052734,75.47466278076172,75.5309829711914,CIRCULAR_BUFFER_SEGMENTED,True,Correct,-0.031934483937062885,None (Correct Prediction),Prediction matches human intended label.
28,rep_506fc27703682724ad,vid_769bc27d1c4abfab,Right,Incorrect,Correct,-0.809609513952965,2.432289000000001,147,152.9082489013672,150.88697814941406,76.3887939453125,76.51945495605469,88.33756256103516,CIRCULAR_BUFFER_SEGMENTED,False,Incorrect,1.0001293612080873,1. Segmentation Boundary Error,Model is correct on canonical window; streaming boundary clipping altered decision score.
29,rep_830e9ff6471c2e6ac0,vid_769bc27d1c4abfab,Right,Incorrect,Incorrect,1.7592529050935002,2.498933000000001,151,148.6265869140625,154.92501831054688,95.32012176513672,59.604896545410156,40.07049560546875,CIRCULAR_BUFFER_SEGMENTED,True,Incorrect,1.6971958730567502,None (Correct Prediction),Prediction matches human intended label.
30,rep_d06e09af4456675bf7,vid_769bc27d1c4abfab,Right,Incorrect,Incorrect,0.8623449582372441,2.2990229999999983,139,152.96612548828125,147.3488311767578,98.50508880615234,54.461036682128906,78.11547088623047,CIRCULAR_BUFFER_SEGMENTED,True,Incorrect,1.0018871619701821,None (Correct Prediction),Prediction matches human intended label.
