repetition_id,video_id,hand,ground_truth_label,segmentation_status,canon_start_frame,canon_end_frame,canon_duration_sec,seg_start_frame,seg_end_frame,seg_duration_sec,start_frame_difference,end_frame_difference,duration_difference_sec,canon_start_angle,seg_start_angle,start_angle_difference_deg,canon_end_angle,seg_end_angle,end_angle_difference_deg,canon_min_angle,seg_min_angle,min_angle_difference_deg,canon_rom,seg_rom,rom_difference_deg,canon_peak_velocity,seg_peak_velocity,peak_velocity_difference_deg_per_sec,feature_vector_l2_deviation,movement_loss_analysis
rep_02cbaaa878991f7eee,vid_0c264aade3d23621,Left,Correct,STREAM_COMPLETED,372,572,3.3319110000000007,373.0,550.0,2.948734,1.0,-22.0,-0.38317700000000077,141.8375701904297,134.00242614746094,-7.83514404296875,142.3271484375,136.8415069580078,-5.4856414794921875,80.31558990478516,80.31558990478516,0.0,62.011558532714844,56.933738708496094,-5.07781982421875,490.21136474609375,490.21136474609375,0.0,18.09465956257097,Lost initial 1 frames (-7.8° flexion excursion); lost terminal 22 frames (-5.5° extension return).
rep_b59965fe88fa0c3f40,vid_0c264aade3d23621,Left,Correct,STREAM_COMPLETED,832,1010,2.9654000000000007,847.0,996.0,2.482278000000001,15.0,-14.0,-0.48312199999999983,144.21568298339844,133.66477966308594,-10.5509033203125,148.94688415527344,136.08448791503906,-12.862396240234375,81.82188415527344,81.82188415527344,0.0,69.94300842285156,54.262603759765625,-15.680404663085938,338.55267333984375,338.55267333984375,0.0,41.318384432529115,Lost initial 15 frames (-10.6° flexion excursion); lost terminal 14 frames (-12.9° extension return).
rep_372c0410acd5099364,vid_0c264aade3d23621,Left,Correct,STREAM_COMPLETED,1265,1480,3.5818119999999993,1296.0,1475.0,2.982056,31.0,-5.0,-0.5997559999999993,127.70523834228516,127.0193099975586,-0.6859283447265625,142.81808471679688,138.81251525878906,-4.0055694580078125,88.76661682128906,88.76661682128906,0.0,55.62652587890625,50.0458984375,-5.58062744140625,468.45361328125,285.2181396484375,-183.2354736328125,395.74273153158924,Lost initial 31 frames (-0.7° flexion excursion); lost terminal 5 frames (-4.0° extension return).
rep_cea1129ae50e36fb30,vid_0c264aade3d23621,Left,Correct,STREAM_COMPLETED,1810,2004,3.2319449999999996,1828.0,1992.0,2.7321550000000023,18.0,-12.0,-0.4997899999999973,147.02798461914062,130.0225067138672,-17.005477905273438,143.7626495361328,137.74095153808594,-6.021697998046875,84.65193939208984,84.65193939208984,0.0,62.37604522705078,53.089012145996094,-9.287033081054688,433.2349853515625,532.705322265625,99.4703369140625,105.3185521137919,Lost initial 18 frames (-17.0° flexion excursion); lost terminal 12 frames (-6.0° extension return).
rep_e8c1d21c6f2e4707b3,vid_0c264aade3d23621,Left,Correct,STREAM_COMPLETED,2324,2534,3.4985110000000006,2348.0,2505.0,2.615544,24.0,-29.0,-0.8829670000000007,145.7229461669922,132.03392028808594,-13.68902587890625,144.80442810058594,137.81765747070312,-6.9867706298828125,81.25213623046875,81.25213623046875,0.0,65.9990234375,56.565521240234375,-9.433502197265625,603.6911010742188,603.6911010742188,0.0,37.49240684523177,Lost initial 24 frames (-13.7° flexion excursion); lost terminal 29 frames (-7.0° extension return).
rep_edc2513a7b19ebb4ed,vid_0c264aade3d23621,Left,Correct,STREAM_COMPLETED,2780,3000,3.665111000000003,2798.0,2975.0,2.948743999999998,18.0,-25.0,-0.7163670000000053,151.0020751953125,134.7035369873047,-16.298538208007812,142.67176818847656,137.8087921142578,-4.86297607421875,79.36898040771484,79.36898040771484,0.0,71.63309478759766,58.43981170654297,-13.193283081054688,522.1658935546875,522.1658935546875,0.0,40.87063709583435,Lost initial 18 frames (-16.3° flexion excursion); lost terminal 25 frames (-4.9° extension return).
rep_0d7eaf4563fd24294a,vid_1ac0cd5b45de866a,Left,Correct,STREAM_COMPLETED,346,556,3.498499999999999,369.0,534.0,2.7488329999999994,23.0,-22.0,-0.7496669999999996,155.1272735595703,131.7806396484375,-23.346633911132812,149.58909606933594,138.5909881591797,-10.99810791015625,80.85980987548828,80.85980987548828,0.0,74.26746368408203,57.731178283691406,-16.536285400390625,383.6143493652344,379.90771484375,-3.706634521484375,92.33638989456334,Lost initial 23 frames (-23.3° flexion excursion); lost terminal 22 frames (-11.0° extension return).
rep_35e324ed6452359dd2,vid_1ac0cd5b45de866a,Left,Correct,STREAM_COMPLETED,1772,1944,2.865445000000001,1793.0,1912.0,1.982489000000001,21.0,-32.0,-0.8829560000000001,147.0215606689453,133.85824584960938,-13.163314819335938,147.39016723632812,135.57594299316406,-11.814224243164062,87.12438201904297,87.12438201904297,0.0,61.801414489746094,50.55382537841797,-11.247589111328125,526.1412353515625,526.1412353515625,0.0,57.228625407364845,Lost initial 21 frames (-13.2° flexion excursion); lost terminal 32 frames (-11.8° extension return).
rep_fb0c2f97d90ea5de5a,vid_0c264aade3d23621,Right,Correct,STREAM_COMPLETED,4,350,5.7642109999999995,142.0,288.0,2.432289,138.0,-62.0,-3.3319219999999996,150.4061737060547,131.12399291992188,-19.282180786132812,130.2845916748047,136.07872009277344,5.79412841796875,94.67051696777344,94.67051696777344,0.0,57.79998779296875,41.408203125,-16.39178466796875,263.3214111328125,263.3214111328125,0.0,92.12657772069794,Lost initial 138 frames (-19.3° flexion excursion); lost terminal 62 frames (+5.8° extension return).
rep_3b3a031e67b667bb2f,vid_0c264aade3d23621,Right,Correct,STREAM_COMPLETED,572,832,4.3314889999999995,614.0,766.0,2.5322440000000004,42.0,-66.0,-1.799244999999999,123.02361297607422,134.2953643798828,11.271751403808594,132.03170776367188,135.2977752685547,3.2660675048828125,95.79364776611328,95.79364776611328,0.0,48.47118377685547,48.47118377685547,0.0,319.1404724121094,269.09417724609375,-50.046295166015625,75.92346370808997,Lost initial 42 frames (+11.3° flexion excursion); lost terminal 66 frames (+3.3° extension return).
rep_9988a74422e7c505d0,vid_0c264aade3d23621,Right,Correct,STREAM_COMPLETED,1010,1260,4.164887999999998,1085.0,1226.0,2.3489889999999995,75.0,-34.0,-1.8158989999999982,118.54515075683594,134.1631317138672,15.61798095703125,129.84402465820312,136.9022979736328,7.0582733154296875,95.27111053466797,95.27111053466797,0.0,46.641258239746094,45.09784698486328,-1.5434112548828125,452.02880859375,452.02880859375,0.0,68.4911959946771,Lost initial 75 frames (+15.6° flexion excursion); lost terminal 34 frames (+7.1° extension return).
rep_46b03a163715ea8674,vid_0c264aade3d23621,Right,Correct,STREAM_COMPLETED,1490,1780,4.831278000000001,1546.0,1715.0,2.815466999999998,56.0,-65.0,-2.015811000000003,121.25657653808594,133.18832397460938,11.931747436523438,139.38198852539062,135.23951721191406,-4.1424713134765625,92.6978530883789,92.6978530883789,0.0,52.617027282714844,42.541664123535156,-10.075363159179688,323.6905822753906,323.6905822753906,0.0,155.1152778782724,Lost initial 56 frames (+11.9° flexion excursion); lost terminal 65 frames (-4.1° extension return).
rep_20614a58d738f0f71c,vid_0c264aade3d23621,Right,Correct,STREAM_COMPLETED,2030,2324,4.897911000000001,2031.0,2222.0,3.1819890000000015,1.0,-102.0,-1.715921999999999,135.82623291015625,134.90586853027344,-0.9203643798828125,126.61801147460938,137.59922790527344,10.981216430664062,95.67046356201172,95.67046356201172,0.0,46.64795684814453,46.60405731201172,-0.0438995361328125,286.03387451171875,274.1937255859375,-11.84014892578125,46.08261494186272,Lost initial 1 frames (-0.9° flexion excursion); lost terminal 102 frames (+11.0° extension return).
rep_5c1dd8ed9aa6c8aa69,vid_0c264aade3d23621,Right,Correct,STREAM_COMPLETED,2534,2755,3.6817670000000007,2594.0,2720.0,2.0991,60.0,-35.0,-1.5826670000000007,130.47750854492188,133.00289916992188,2.525390625,136.27760314941406,135.49501037597656,-0.7825927734375,97.28811645507812,97.28811645507812,0.0,43.33509826660156,38.20689392089844,-5.128204345703125,363.8454284667969,319.44012451171875,-44.405303955078125,83.68605695833868,Lost initial 60 frames (+2.5° flexion excursion); lost terminal 35 frames (-0.8° extension return).
rep_6be9256acb543f49b8,vid_0c264aade3d23621,Right,Correct,STREAM_COMPLETED,2990,3270,4.664678000000002,2990.0,3207.0,3.6151219999999995,0.0,-63.0,-1.0495560000000026,132.11892700195312,132.11892700195312,0.0,128.09866333007812,137.19647216796875,9.097808837890625,98.1189193725586,98.1189193725586,0.0,42.33275604248047,42.33275604248047,0.0,211.5904083251953,185.5355224609375,-26.054885864257812,33.10671744220396,Lost initial 0 frames (+0.0° flexion excursion); lost terminal 63 frames (+9.1° extension return).
rep_503633f6745e8f6a45,vid_1ac0cd5b45de866a,Left,Incorrect,STREAM_COMPLETED,820,1070,4.164899999999999,881.0,1041.0,2.6655330000000017,61.0,-29.0,-1.4993669999999977,125.972412109375,131.541259765625,5.56884765625,135.1646728515625,135.63961791992188,0.474945068359375,93.76725769042969,93.76725769042969,0.0,53.46266174316406,41.87236022949219,-11.590301513671875,323.8251037597656,323.8251037597656,0.0,108.32157859787951,Lost initial 61 frames (+5.6° flexion excursion); lost terminal 29 frames (+0.5° extension return).
rep_5c39730111cd443d20,vid_1ac0cd5b45de866a,Left,Incorrect,MISSED_BY_SEGMENTER,3242,3432,3.165300000000002,,,,,,,138.2487335205078,,,128.69061279296875,,,91.57366180419922,,,49.56867218017578,,,367.017822265625,,,,Entire repetition missed by segmenter.
rep_50437be04b9a9a36ed,vid_769bc27d1c4abfab,Left,Incorrect,STREAM_COMPLETED,1104,1264,2.665533,1130.0,1231.0,1.6826110000000014,26.0,-33.0,-0.9829219999999985,167.56129455566406,134.59255981445312,-32.96873474121094,168.375732421875,137.74551391601562,-30.630218505859375,81.3453140258789,81.3453140258789,0.0,93.77228546142578,56.40019989013672,-37.37208557128906,349.987060546875,223.85781860351562,-126.12924194335938,179.6795482329843,Lost initial 26 frames (-33.0° flexion excursion); lost terminal 33 frames (-30.6° extension return).
rep_a8f87271f827579bc4,vid_769bc27d1c4abfab,Left,Incorrect,STREAM_COMPLETED,1264,1422,2.6322110000000016,1309.0,1385.0,1.2661109999999987,45.0,-37.0,-1.366100000000003,168.375732421875,131.99835205078125,-36.37738037109375,164.22857666015625,139.8219757080078,-24.406600952148438,97.0477523803711,97.0477523803711,0.0,71.3279800415039,42.77422332763672,-28.553756713867188,413.1440124511719,413.1440124511719,0.0,120.20100724137235,Lost initial 45 frames (-36.4° flexion excursion); lost terminal 37 frames (-24.4° extension return).
rep_2073ececf0915178cc,vid_769bc27d1c4abfab,Left,Incorrect,STREAM_COMPLETED,2072,2250,2.965389000000002,2103.0,2192.0,1.4827110000000019,31.0,-58.0,-1.482678,150.66455078125,133.4591522216797,-17.205398559570312,136.3767852783203,137.01162719726562,0.6348419189453125,92.2537841796875,92.2537841796875,0.0,63.733367919921875,44.757843017578125,-18.97552490234375,374.022216796875,374.022216796875,0.0,102.19912728429622,Lost initial 31 frames (-17.2° flexion excursion); lost terminal 58 frames (+0.6° extension return).
rep_44b1272fd8a9d6b943,vid_e2fbdd20b335321f,Left,Incorrect,STREAM_COMPLETED,468,576,3.599322000000001,484.0,559.0,2.4995329999999996,16.0,-17.0,-1.0997890000000012,150.85794067382812,134.76129150390625,-16.096649169921875,125.9750747680664,137.17352294921875,11.198448181152344,92.93788146972656,92.93788146972656,0.0,59.481536865234375,44.23564147949219,-15.245895385742188,141.5768585205078,141.5768585205078,0.0,46.509611281292095,Lost initial 16 frames (-16.1° flexion excursion); lost terminal 17 frames (+11.2° extension return).
rep_4dc2ae4ad47611b5cf,vid_e2fbdd20b335321f,Left,Incorrect,STREAM_COMPLETED,651,762,3.699300000000001,663.0,758.0,3.166076999999998,12.0,-4.0,-0.5332230000000031,141.8502655029297,134.3850555419922,-7.4652099609375,151.53768920898438,137.53627014160156,-14.001419067382812,99.20285034179688,99.20285034179688,0.0,52.3348388671875,38.33341979980469,-14.001419067382812,137.00416564941406,130.69342041015625,-6.3107452392578125,257.2099970568805,Lost initial 12 frames (-7.5° flexion excursion); lost terminal 4 frames (-14.0° extension return).
rep_cff3c2f757be354140,vid_1ac0cd5b45de866a,Right,Incorrect,STREAM_COMPLETED,556,810,4.231545000000001,649.0,786.0,2.2823659999999997,93.0,-24.0,-1.9491790000000009,125.16596984863281,134.79693603515625,9.630966186523438,124.1351547241211,136.4398193359375,12.304664611816406,100.37484741210938,100.37484741210938,0.0,37.70033264160156,36.064971923828125,-1.6353607177734375,341.75946044921875,341.75946044921875,0.0,82.43651576449139,Lost initial 93 frames (+9.6° flexion excursion); lost terminal 24 frames (+12.3° extension return).
rep_8c17d582de78f254dd,vid_1ac0cd5b45de866a,Right,Incorrect,MISSED_BY_SEGMENTER,2320,2396,1.2661220000000029,,,,,,,127.48536682128906,,,126.77095794677734,,,119.01090240478516,,,17.09880828857422,,,245.40663146972656,,,,Entire repetition missed by segmenter.
rep_83f806588a8c338f4b,vid_1ac0cd5b45de866a,Right,Incorrect,MISSED_BY_SEGMENTER,2892,2984,1.5326880000000003,,,,,,,93.99751281738281,,,122.34397888183594,,,93.99751281738281,,,30.5150146484375,,,285.5212097167969,,,,Entire repetition missed by segmenter.
rep_ef9e190c4981e28593,vid_1ac0cd5b45de866a,Right,Incorrect,STREAM_COMPLETED,2984,3220,3.9316559999999967,2984.0,3173.0,3.148644999999995,0.0,-47.0,-0.7830110000000019,122.34397888183594,122.34397888183594,0.0,129.5902099609375,136.34324645996094,6.7530364990234375,101.83868408203125,101.83868408203125,0.0,34.50456237792969,34.50456237792969,0.0,349.31683349609375,188.5581817626953,-160.75865173339844,162.48154021561385,Lost initial 0 frames (+0.0° flexion excursion); lost terminal 47 frames (+6.8° extension return).
rep_15de4676677de916d0,vid_769bc27d1c4abfab,Right,Incorrect,STREAM_COMPLETED,754,914,2.665533,781.0,898.0,1.9491669999999992,27.0,-16.0,-0.7163660000000007,161.38426208496094,129.6079864501953,-31.776275634765625,153.843994140625,139.268798828125,-14.5751953125,81.53023529052734,81.53023529052734,0.0,79.8540267944336,57.738563537597656,-22.115463256835938,416.5964050292969,416.5964050292969,0.0,110.85172334059688,Lost initial 27 frames (-31.8° flexion excursion); lost terminal 16 frames (-14.6° extension return).
rep_506fc27703682724ad,vid_769bc27d1c4abfab,Right,Incorrect,STREAM_COMPLETED,914,1104,3.165312,965.0,1072.0,1.7825659999999992,51.0,-32.0,-1.382746000000001,153.843994140625,130.51148986816406,-23.332504272460938,161.4481201171875,136.0741729736328,-25.373947143554688,76.3887939453125,76.3887939453125,0.0,93.0931396484375,59.68537902832031,-33.40776062011719,371.475830078125,306.61248779296875,-64.86334228515625,205.77554398826445,Lost initial 51 frames (-23.3° flexion excursion); lost terminal 32 frames (-25.4° extension return).
rep_830e9ff6471c2e6ac0,vid_769bc27d1c4abfab,Right,Incorrect,STREAM_COMPLETED,1740,1898,2.6322110000000016,1775.0,1886.0,1.8492110000000004,35.0,-12.0,-0.7830000000000013,155.2716827392578,134.4985809326172,-20.773101806640625,150.75282287597656,138.543701171875,-12.209121704101562,95.32012176513672,95.32012176513672,0.0,60.81188201904297,43.22357940673828,-17.588302612304688,274.4835205078125,274.4835205078125,0.0,52.62431294390414,Lost initial 35 frames (-20.8° flexion excursion); lost terminal 12 frames (-12.2° extension return).
rep_d06e09af4456675bf7,vid_769bc27d1c4abfab,Right,Incorrect,STREAM_COMPLETED,1898,2072,2.898778,1957.0,2056.0,1.6492999999999967,59.0,-16.0,-1.2494780000000034,150.75282287597656,133.89544677734375,-16.857376098632812,150.28968811035156,135.24465942382812,-15.045028686523438,98.50508880615234,98.50508880615234,0.0,58.87323760986328,36.73957061767578,-22.1336669921875,446.09759521484375,446.09759521484375,0.0,72.26606829603604,Lost initial 59 frames (-16.9° flexion excursion); lost terminal 16 frames (-15.0° extension return).
