repetition_id,session_id,hand,human_label,perturbation,delta_start_frames,delta_end_frames,duration_sec,decision_score,score_shift,prediction_flipped,feature_distance,rom_change_deg,duration_change_sec,velocity_change_deg_s
rep_fb0c2f97d90ea5de5a,session_01_both_correct,Right,Correct,exact_emitted,0,0,2.5988880000000005,0.16376789898918387,0.0,False,0.0,0.0,0.0,0.0
rep_fb0c2f97d90ea5de5a,session_01_both_correct,Right,Correct,outward_10f,-10,10,2.9320770000000005,-0.19088703943817753,0.3546549384273614,True,20.202702594571477,0.0,0.33318899999999996,3.030450653983479
rep_fb0c2f97d90ea5de5a,session_01_both_correct,Right,Correct,outward_20f,-20,20,3.2652660000000004,-0.30503234703542004,0.4688002460246039,True,23.42013837794174,0.0,0.6663779999999999,1.8076052955205526
rep_fb0c2f97d90ea5de5a,session_01_both_correct,Right,Correct,inward_10f,10,-10,2.2657119999999997,0.3332115277061607,0.16944362871697682,False,21.091408401671554,0.0,-0.3331760000000008,0.28292500147374255
rep_fb0c2f97d90ea5de5a,session_01_both_correct,Right,Correct,inward_20f,20,-20,1.9325119999999996,1.1443224000270023,0.9805545010378184,False,167.5260981907858,0.0,-0.666376000000001,-7.5476354606147495
rep_02cbaaa878991f7eee,session_01_both_correct,Left,Correct,exact_emitted,0,0,3.2486109999999995,-0.537002229621436,0.0,False,0.0,0.0,0.0,0.0
rep_02cbaaa878991f7eee,session_01_both_correct,Left,Correct,outward_10f,-10,10,3.415211,-0.5434629726952235,0.006460743073787523,False,5.110994811052414,0.0,0.16660000000000075,-1.850267905024971
rep_02cbaaa878991f7eee,session_01_both_correct,Left,Correct,outward_20f,-20,20,3.581810999999999,-0.7451592409429378,0.20815701132150188,False,12.604195398929736,0.0,0.3331999999999997,-3.5830046819507686
rep_02cbaaa878991f7eee,session_01_both_correct,Left,Correct,inward_10f,10,-10,2.9154110000000006,-0.40443145419607307,0.13257077542536289,False,43.86047946945075,0.0,-0.33319999999999883,-3.3513227643209618
rep_02cbaaa878991f7eee,session_01_both_correct,Left,Correct,inward_20f,20,-20,2.5822220000000007,0.27279095958625194,0.809793189207688,True,62.97796143804524,0.0,-0.6663889999999988,-4.373290474605206
rep_3b3a031e67b667bb2f,session_01_both_correct,Right,Correct,exact_emitted,0,0,2.498934,0.7369563065409218,0.0,False,0.0,0.0,0.0,0.0
rep_3b3a031e67b667bb2f,session_01_both_correct,Right,Correct,outward_10f,-10,10,2.8321109999999994,0.4611453063509827,0.2758110001899391,False,11.470837745463685,0.0,0.33317699999999917,-1.7094533638140277
rep_3b3a031e67b667bb2f,session_01_both_correct,Right,Correct,outward_20f,-20,20,3.1653219999999997,0.28182343615105493,0.4551328703898669,False,21.653313889376577,0.0,0.6663879999999995,-2.980757092884936
rep_3b3a031e67b667bb2f,session_01_both_correct,Right,Correct,inward_10f,10,-10,2.1657449999999994,0.4394613093244139,0.2974949972165079,False,68.67354246211319,0.0,-0.33318900000000085,-2.32205758118333
rep_3b3a031e67b667bb2f,session_01_both_correct,Right,Correct,inward_20f,20,-20,1.8325560000000003,1.0615693757617568,0.324613069220835,False,73.96171951863388,0.0,-0.6663779999999999,-14.249749751973297
rep_9988a74422e7c505d0,session_01_both_correct,Right,Correct,exact_emitted,0,0,2.315678000000002,0.5171546440067648,0.0,False,0.0,0.0,0.0,0.0
rep_9988a74422e7c505d0,session_01_both_correct,Right,Correct,outward_10f,-10,10,2.648878,0.3926295189758213,0.12452512503094348,False,86.95664080425092,0.0,0.33319999999999794,6.998243501040292
rep_9988a74422e7c505d0,session_01_both_correct,Right,Correct,outward_20f,-20,20,2.948732999999997,0.09175167360694492,0.4254029703998199,False,226.47581375772378,0.0,0.6330549999999953,10.141098695228358
rep_9988a74422e7c505d0,session_01_both_correct,Right,Correct,inward_10f,10,-10,1.982489000000001,0.36811445513783714,0.14904018886892767,False,19.567142767102094,0.0,-0.33318900000000085,-2.533409872554678
rep_9988a74422e7c505d0,session_01_both_correct,Right,Correct,inward_20f,20,-20,1.6492889999999996,1.0279126333680315,0.5107579893612667,False,116.87770892761165,0.0,-0.6663890000000023,-7.566733428899241
rep_46b03a163715ea8674,session_01_both_correct,Right,Correct,exact_emitted,0,0,3.398544000000001,-1.0621321544260254,0.0,False,0.0,0.0,0.0,0.0
rep_46b03a163715ea8674,session_01_both_correct,Right,Correct,outward_10f,-10,10,3.731743999999999,-1.0223179370755275,0.03981421735049784,False,6.035645066607909,0.0,0.33319999999999794,-1.5578771506820956
rep_46b03a163715ea8674,session_01_both_correct,Right,Correct,outward_20f,-20,20,4.064933,-1.0981815473144851,0.036049392888459764,False,8.858224849270812,0.0,0.6663889999999988,-3.7763948311193687
rep_46b03a163715ea8674,session_01_both_correct,Right,Correct,inward_10f,10,-10,3.065367000000002,-1.290009616785496,0.2278774623594706,False,16.85011880327269,0.0,-0.33317699999999917,-0.6396124448254881
rep_46b03a163715ea8674,session_01_both_correct,Right,Correct,inward_20f,20,-20,2.732166999999997,-0.5612526021958096,0.5008795522302157,False,22.032010004530235,0.0,-0.6663770000000042,-3.321210890824595
rep_cea1129ae50e36fb30,session_01_both_correct,Left,Correct,exact_emitted,0,0,3.165321999999996,-1.0347428165680883,0.0,False,0.0,0.0,0.0,0.0
rep_cea1129ae50e36fb30,session_01_both_correct,Left,Correct,outward_10f,-10,10,3.2319449999999996,-1.2228099316413825,0.1880671150732942,False,12.187620527120623,0.0,0.06662300000000343,1.122100549354549
rep_cea1129ae50e36fb30,session_01_both_correct,Left,Correct,outward_20f,-20,20,3.2319449999999996,-1.2228099316413825,0.1880671150732942,False,12.187620527120623,0.0,0.06662300000000343,1.122100549354549
rep_cea1129ae50e36fb30,session_01_both_correct,Left,Correct,inward_10f,10,-10,2.832122000000002,-0.7742754869759986,0.26046732959208974,False,18.509280341891145,0.0,-0.3331999999999944,3.563593825393511
rep_cea1129ae50e36fb30,session_01_both_correct,Left,Correct,inward_20f,20,-20,2.4989329999999974,0.8548122017657922,1.8895550183338805,True,140.1231275729237,0.0,-0.6663889999999988,-4.51796283620908
rep_20614a58d738f0f71c,session_01_both_correct,Right,Correct,exact_emitted,0,0,2.782155000000003,0.2375858067372098,0.0,False,0.0,0.0,0.0,0.0
rep_20614a58d738f0f71c,session_01_both_correct,Right,Correct,outward_10f,-10,10,3.1153329999999997,-0.6888176283738457,0.9264034351110555,True,24.825540421054665,0.0,0.33317799999999664,-0.011122853572985036
rep_20614a58d738f0f71c,session_01_both_correct,Right,Correct,outward_20f,-20,20,3.448521999999997,-1.095011572503735,1.332597379240945,True,34.30176712596803,0.0,0.6663669999999939,-0.9555819158089349
rep_20614a58d738f0f71c,session_01_both_correct,Right,Correct,inward_10f,10,-10,2.448954999999998,0.08774729834944472,0.14983850838776508,False,38.955212517342574,0.0,-0.33320000000000505,-5.700469889284328
rep_20614a58d738f0f71c,session_01_both_correct,Right,Correct,inward_20f,20,-20,2.1157660000000007,1.0983010378195353,0.8607152310823254,False,43.28406742758336,0.0,-0.6663890000000023,-11.48893478953444
rep_e8c1d21c6f2e4707b3,session_01_both_correct,Left,Correct,exact_emitted,0,0,3.1486439999999973,-0.9275946531485025,0.0,False,0.0,0.0,0.0,0.0
rep_e8c1d21c6f2e4707b3,session_01_both_correct,Left,Correct,outward_10f,-10,10,3.4818440000000024,-1.0179363797268923,0.09034172657838979,False,9.58052959038624,0.0,0.33320000000000505,-3.053805178964197
rep_e8c1d21c6f2e4707b3,session_01_both_correct,Left,Correct,outward_20f,-20,20,3.8150440000000003,-0.9068647169505176,0.02072993619798491,False,16.807687295681994,0.0,0.666400000000003,-5.666005372485401
rep_e8c1d21c6f2e4707b3,session_01_both_correct,Left,Correct,inward_10f,10,-10,2.8154770000000013,-0.8356053301848417,0.0919893229636608,False,26.076192418858657,0.0,-0.333166999999996,3.3270426799614583
rep_e8c1d21c6f2e4707b3,session_01_both_correct,Left,Correct,inward_20f,20,-20,2.4822660000000027,-0.13455163622417665,0.7930430169243259,False,37.56851532683063,0.0,-0.6663779999999946,-1.6928964941152742
rep_5c1dd8ed9aa6c8aa69,session_01_both_correct,Right,Correct,exact_emitted,0,0,2.698844000000001,-0.17637658457718874,0.0,False,0.0,0.0,0.0,0.0
rep_5c1dd8ed9aa6c8aa69,session_01_both_correct,Right,Correct,outward_10f,-10,10,3.032044000000006,-0.5901152090881433,0.41373862451095456,False,24.028248539256683,0.0,0.33320000000000505,-0.7088283617736408
rep_5c1dd8ed9aa6c8aa69,session_01_both_correct,Right,Correct,outward_20f,-20,20,3.2986000000000004,-0.8819572813376498,0.7055806967604611,False,22.656075138966045,0.0,0.5997559999999993,-1.3969733151527493
rep_5c1dd8ed9aa6c8aa69,session_01_both_correct,Right,Correct,inward_10f,10,-10,2.365667000000002,0.22651691345302083,0.4028934980302096,True,74.13194246934601,0.0,-0.33317699999999917,-4.890765319633154
rep_5c1dd8ed9aa6c8aa69,session_01_both_correct,Right,Correct,inward_20f,20,-20,2.032467000000004,0.8377555502641636,1.0141321348413523,True,126.91446868388388,0.0,-0.6663769999999971,-13.95055261086744
rep_6be9256acb543f49b8,session_01_both_correct,Right,Correct,exact_emitted,0,0,3.9149889999999985,-0.28067761188752327,0.0,False,0.0,0.0,0.0,0.0
rep_6be9256acb543f49b8,session_01_both_correct,Right,Correct,outward_10f,-10,10,4.2481890000000035,-0.32680118253700396,0.046123570649480694,False,8.744529891757777,0.0,0.33320000000000505,0.273557174677336
rep_6be9256acb543f49b8,session_01_both_correct,Right,Correct,outward_20f,-20,20,4.581388999999994,-0.4371250357985773,0.15644742391105404,False,22.777021171136674,0.0,0.6663999999999959,-0.7540246908454762
rep_6be9256acb543f49b8,session_01_both_correct,Right,Correct,inward_10f,10,-10,3.5818109999999947,-0.299481993222141,0.018804381334617704,False,26.432572491647512,0.0,-0.33317800000000375,-0.36966258804763186
rep_6be9256acb543f49b8,session_01_both_correct,Right,Correct,inward_20f,20,-20,3.2486220000000046,-0.26947946232996156,0.01119814955756171,False,27.557198518368867,0.0,-0.6663669999999939,-3.1043713228484364
rep_1c83a3b866cf4e027c,session_02_both_mix,Right,Correct,exact_emitted,0,0,4.631355999999999,-0.5321657869085671,0.0,False,0.0,0.0,0.0,0.0
rep_1c83a3b866cf4e027c,session_02_both_mix,Right,Correct,outward_10f,-10,10,4.797967,-0.5379288140785251,0.005763027169958024,False,6.462019213273776,0.0,0.1666110000000005,-0.5327724047964608
rep_1c83a3b866cf4e027c,session_02_both_mix,Right,Correct,outward_20f,-20,20,4.964544999999999,-0.6729141075483477,0.1407483206397806,False,5.945485519520136,0.0,0.33318899999999996,-1.0869272165440336
rep_1c83a3b866cf4e027c,session_02_both_mix,Right,Correct,inward_10f,10,-10,4.298178,-0.19813823097906458,0.3340275559295025,False,159.08095245309136,0.0,-0.3331779999999993,-1.9813656532058204
rep_1c83a3b866cf4e027c,session_02_both_mix,Right,Correct,inward_20f,20,-20,3.9649780000000003,0.3209523311652186,0.8531181180737857,True,161.94072479793547,0.0,-0.666377999999999,-2.620430178699827
rep_0d7eaf4563fd24294a,session_02_both_mix,Left,Correct,exact_emitted,0,0,3.2486110000000004,-0.9893561989495218,0.0,False,0.0,0.0,0.0,0.0
rep_0d7eaf4563fd24294a,session_02_both_mix,Left,Correct,outward_10f,-10,10,3.5484780000000002,-0.6860145919375608,0.303341607011961,False,81.69501253548918,0.0,0.2998669999999999,-1.6031766375743643
rep_0d7eaf4563fd24294a,session_02_both_mix,Left,Correct,outward_20f,-20,20,3.715077999999999,-0.44353219702885716,0.5458240019206646,False,82.27174983586305,0.0,0.46646699999999885,-2.455564090529336
rep_0d7eaf4563fd24294a,session_02_both_mix,Left,Correct,inward_10f,10,-10,2.915433,-0.910150794848193,0.07920540410132881,False,17.090791650848566,0.0,-0.3331780000000002,1.9837199264511796
rep_0d7eaf4563fd24294a,session_02_both_mix,Left,Correct,inward_20f,20,-20,2.5822329999999996,0.020632656036964625,1.0099888549864864,True,47.60760536781735,0.0,-0.6663780000000008,-1.7531524670038436
rep_cff3c2f757be354140,session_02_both_mix,Right,Incorrect,exact_emitted,0,0,2.332333,1.1836568077991143,0.0,False,0.0,0.0,0.0,0.0
rep_cff3c2f757be354140,session_02_both_mix,Right,Incorrect,outward_10f,-10,10,2.5655780000000004,1.18292310082045,0.0007337069786643724,False,7.3987489815088,0.0,0.23324500000000015,-1.5152674929198042
rep_cff3c2f757be354140,session_02_both_mix,Right,Incorrect,outward_20f,-20,20,2.998711,1.070033746506084,0.11362306129303024,False,51.484775230741285,0.0,0.6663779999999999,4.184074180322632
rep_cff3c2f757be354140,session_02_both_mix,Right,Incorrect,inward_10f,10,-10,1.999155,1.1809614999013995,0.0026953078977147715,False,33.84495136523895,0.0,-0.3331780000000002,-6.170511056883875
rep_cff3c2f757be354140,session_02_both_mix,Right,Incorrect,inward_20f,20,-20,1.6659550000000003,0.8577603047492041,0.32589650304991025,False,116.16364275703071,0.0,-0.6663779999999999,-9.491943825312724
rep_503633f6745e8f6a45,session_02_both_mix,Left,Incorrect,exact_emitted,0,0,3.0153880000000015,1.05519666002163,0.0,False,0.0,0.0,0.0,0.0
rep_503633f6745e8f6a45,session_02_both_mix,Left,Incorrect,outward_10f,-10,10,3.348576999999999,0.9313356633051073,0.12386099671652273,False,16.672383237623453,0.0,0.3331889999999973,-2.1355180191466445
rep_503633f6745e8f6a45,session_02_both_mix,Left,Incorrect,outward_20f,-20,20,3.515165999999999,1.0296713392769004,0.025525320744729685,False,27.61219342341816,0.0,0.4997779999999974,0.30097760358322034
rep_503633f6745e8f6a45,session_02_both_mix,Left,Incorrect,inward_10f,10,-10,2.6821879999999982,0.932836054053909,0.12236060596772103,False,24.097159992817513,0.0,-0.33320000000000327,0.012593552514147177
rep_503633f6745e8f6a45,session_02_both_mix,Left,Incorrect,inward_20f,20,-20,2.3489880000000003,1.0899461786531308,0.034749518631500775,False,49.40797410131055,0.0,-0.6664000000000012,-2.822625048508556
rep_bb9858d2e8e9c3549c,session_02_both_mix,Right,Correct,exact_emitted,0,0,2.5489110000000004,0.6413381145809831,0.0,False,0.0,0.0,0.0,0.0
rep_bb9858d2e8e9c3549c,session_02_both_mix,Right,Correct,outward_10f,-10,10,2.7155109999999993,0.5673001995262135,0.07403791505476964,False,10.6379077797221,0.0,0.16659999999999897,-1.7607945838974146
rep_bb9858d2e8e9c3549c,session_02_both_mix,Right,Correct,outward_20f,-20,20,2.8821109999999983,0.4265894187680939,0.2147486958128892,False,12.82672371020567,0.0,0.33319999999999794,-2.689278755036433
rep_bb9858d2e8e9c3549c,session_02_both_mix,Right,Correct,inward_10f,10,-10,2.2157219999999995,0.2740811845642248,0.3672569300167583,False,337.432606360603,0.0,-0.33318900000000085,-5.438408781527663
rep_bb9858d2e8e9c3549c,session_02_both_mix,Right,Correct,inward_20f,20,-20,1.8825329999999987,0.8514203552179507,0.21008224063696757,False,362.8763536536446,0.0,-0.6663780000000017,-6.106058102445921
rep_9ff0bc77263dfff528,session_02_both_mix,Right,Correct,exact_emitted,0,0,6.9970110000000005,0.7300778628927383,0.0,False,0.0,0.0,0.0,0.0
rep_9ff0bc77263dfff528,session_02_both_mix,Right,Correct,outward_10f,-10,10,7.330200000000001,0.7300797439577804,1.8810650420642006e-06,False,26.911092673236233,0.0,0.33318900000000085,-22.2530728646866
rep_9ff0bc77263dfff528,session_02_both_mix,Right,Correct,outward_20f,-20,20,7.663399999999999,0.7300818978282738,4.03493553546852e-06,False,43.8624910374261,0.0,0.6663889999999988,-42.9106463623001
rep_9ff0bc77263dfff528,session_02_both_mix,Right,Correct,inward_10f,10,-10,6.663833,0.7300768069651619,1.0559275764876475e-06,False,24.963754737939094,0.0,-0.3331780000000002,24.71592136970048
rep_9ff0bc77263dfff528,session_02_both_mix,Right,Correct,inward_20f,20,-20,6.330622000000002,0.7300761705632713,1.6923294670068145e-06,False,52.87137440851908,0.0,-0.6663889999999988,52.159243062425276
rep_35e324ed6452359dd2,session_02_both_mix,Left,Correct,exact_emitted,0,0,2.6655340000000045,-1.200911100524276,0.0,False,0.0,0.0,0.0,0.0
rep_35e324ed6452359dd2,session_02_both_mix,Left,Correct,outward_10f,-10,10,2.9987229999999983,-1.2688370740296868,0.06792597350541074,False,15.56811371426118,0.0,0.33318899999999374,-5.6351400872661515
rep_35e324ed6452359dd2,session_02_both_mix,Left,Correct,outward_20f,-20,20,3.3319110000000016,-1.027904138897024,0.17300696162725204,False,46.34161918796012,0.0,0.6663769999999971,-3.7113195620348023
rep_35e324ed6452359dd2,session_02_both_mix,Left,Correct,inward_10f,10,-10,2.3323339999999995,-0.955300512198448,0.24561058832582805,False,15.15173955254998,0.0,-0.33320000000000505,5.263876406062536
rep_35e324ed6452359dd2,session_02_both_mix,Left,Correct,inward_20f,20,-20,1.9991450000000022,-0.23819736038525874,0.9627137401390173,False,40.55260004698316,0.0,-0.6663890000000023,2.9121924435298183
rep_d8ea12c9407f1b8ebe,session_02_both_mix,Left,Correct,exact_emitted,0,0,2.5822220000000016,-1.0471014360637483,0.0,False,0.0,0.0,0.0,0.0
rep_d8ea12c9407f1b8ebe,session_02_both_mix,Left,Correct,outward_10f,-10,10,2.915410999999999,-1.170808765210504,0.12370732914675564,False,9.939331400411922,0.0,0.3331889999999973,-2.7770745357085076
rep_d8ea12c9407f1b8ebe,session_02_both_mix,Left,Correct,outward_20f,-20,20,3.248610999999997,-1.0028616498054994,0.04423978625824887,False,17.13420637827416,0.0,0.6663889999999952,-6.633763502427094
rep_d8ea12c9407f1b8ebe,session_02_both_mix,Left,Correct,inward_10f,10,-10,2.249043999999998,-1.045192461011946,0.0019089750518022086,False,13.680191201075942,0.0,-0.33317800000000375,5.273009127090631
rep_d8ea12c9407f1b8ebe,session_02_both_mix,Left,Correct,inward_20f,20,-20,1.9158439999999999,-0.05510823084961036,0.9919932052141379,False,31.971270701622373,0.0,-0.6663780000000017,5.118283612601559
rep_ed4d23c464cf750af7,session_02_both_mix,Left,Correct,exact_emitted,0,0,2.7155109999999993,-1.1723940155306858,0.0,False,0.0,0.0,0.0,0.0
rep_ed4d23c464cf750af7,session_02_both_mix,Left,Correct,outward_10f,-10,10,3.0487000000000037,-1.0894768115542242,0.08291720397646163,False,11.701868359237464,0.0,0.3331890000000044,-4.218448438486668
rep_ed4d23c464cf750af7,session_02_both_mix,Left,Correct,outward_20f,-20,20,3.3818999999999946,-0.7689356753076982,0.40345834022298754,False,25.808780822653354,0.0,0.6663889999999952,-7.608307988959183
rep_ed4d23c464cf750af7,session_02_both_mix,Left,Correct,inward_10f,10,-10,2.382321999999995,-0.8639252613849085,0.30846875414577724,False,17.63648628493746,0.0,-0.3331890000000044,4.357813211717975
rep_ed4d23c464cf750af7,session_02_both_mix,Left,Correct,inward_20f,20,-20,2.049122000000004,-0.03414085443247672,1.1382531610982092,False,39.61764824339819,0.0,-0.6663889999999952,-0.12224297245219162
rep_8c17d582de78f254dd,session_02_both_mix,Right,Incorrect,exact_emitted,0,0,9.562589000000003,0.7333669000705757,0.0,False,0.0,0.0,0.0,0.0
rep_8c17d582de78f254dd,session_02_both_mix,Right,Incorrect,outward_10f,-10,10,9.895778,0.7354117677954664,0.0020448677248906533,False,129.9965801532174,0.0,0.3331889999999973,-2.949149182208089
rep_8c17d582de78f254dd,session_02_both_mix,Right,Incorrect,outward_20f,-20,20,10.228977999999998,0.7342175705572006,0.0008506704866249049,False,149.06804236710798,0.0,0.6663889999999952,-5.873055414854747
rep_8c17d582de78f254dd,session_02_both_mix,Right,Incorrect,inward_10f,10,-10,1.0995220000000003,1.2935863918901613,0.5602194918195856,False,193.60415712375337,25.013389587402344,-8.463067000000002,-91.64381728491368
rep_8c17d582de78f254dd,session_02_both_mix,Right,Incorrect,inward_20f,20,-20,0.9329329999999985,1.300970133003692,0.5676032329331163,False,191.04711721071902,27.095870971679688,-8.629656000000004,-90.0435300814278
rep_83f806588a8c338f4b,session_02_both_mix,Right,Incorrect,exact_emitted,0,0,1.9658230000000003,1.1368163649404732,0.0,False,0.0,0.0,0.0,0.0
rep_83f806588a8c338f4b,session_02_both_mix,Right,Incorrect,outward_10f,-10,10,2.1824109999999948,0.985793895385416,0.15102246955505727,False,113.89179621342929,-4.083442687988281,0.21658799999999445,1.5515240405101451
rep_83f806588a8c338f4b,session_02_both_mix,Right,Incorrect,outward_20f,-20,20,2.3490109999999973,1.0089170949124517,0.12789927002802148,False,114.7343145785489,-4.083442687988281,0.383187999999997,1.6040358206952519
rep_83f806588a8c338f4b,session_02_both_mix,Right,Incorrect,inward_10f,10,-10,1.6326449999999966,1.0792257258455162,0.057590639094956986,False,10.470864698235506,0.0,-0.33317800000000375,0.9807876340013095
rep_83f806588a8c338f4b,session_02_both_mix,Right,Incorrect,inward_20f,20,-20,1.2994449999999986,1.1625376416228779,0.025721276682404648,False,35.08562500124504,6.293052673339844,-0.6663780000000017,-4.234882939238794
rep_ef9e190c4981e28593,session_02_both_mix,Right,Incorrect,exact_emitted,0,0,2.9154219999999995,1.6131205406005882,0.0,False,0.0,0.0,0.0,0.0
rep_ef9e190c4981e28593,session_02_both_mix,Right,Incorrect,outward_10f,-10,10,3.248611000000004,1.488294664345763,0.12482587625482511,False,21.091418488430836,0.0,0.3331890000000044,-0.47283664595786234
rep_ef9e190c4981e28593,session_02_both_mix,Right,Incorrect,outward_20f,-20,20,3.581800000000001,1.4426007227166755,0.17051981788391268,False,18.23358628419223,0.0,0.6663780000000017,0.34411353150559165
rep_ef9e190c4981e28593,session_02_both_mix,Right,Incorrect,inward_10f,10,-10,2.582234000000007,1.334101594508544,0.27901894609204425,False,209.8311519382521,0.0,-0.3331879999999927,-5.3990306484746355
rep_ef9e190c4981e28593,session_02_both_mix,Right,Incorrect,inward_20f,20,-20,2.2490340000000018,1.6424849453294297,0.029364404728841498,False,219.37434350846712,0.0,-0.6663879999999978,-5.774724428162614
rep_96581b03de4436e334,session_03_both_mix2,Right,Correct,exact_emitted,0,0,2.6822,-1.128202823563539,0.0,False,0.0,0.0,0.0,0.0
rep_96581b03de4436e334,session_03_both_mix2,Right,Correct,outward_10f,-10,10,3.015366,-1.264414181455836,0.136211357892297,False,12.845786209728805,0.0,0.3331660000000003,-6.092694165279454
rep_96581b03de4436e334,session_03_both_mix2,Right,Correct,outward_20f,-20,20,3.231944,-1.337080729620522,0.20887790605698298,False,19.29865823404164,0.0,0.549744,-9.31300750539836
rep_96581b03de4436e334,session_03_both_mix2,Right,Correct,inward_10f,10,-10,2.349,-0.9386286051968656,0.18957421836667343,False,20.182408216243665,0.0,-0.3331999999999997,5.513213061985979
rep_96581b03de4436e334,session_03_both_mix2,Right,Correct,inward_20f,20,-20,2.0158000000000005,-0.2954266083132252,0.8327762152503139,False,54.49666057458414,0.0,-0.6663999999999994,5.674907341595514
rep_f58658b961ff048335,session_03_both_mix2,Left,Correct,exact_emitted,0,0,2.482278,-0.5781042408970877,0.0,False,0.0,0.0,0.0,0.0
rep_f58658b961ff048335,session_03_both_mix2,Left,Correct,outward_10f,-10,10,2.8154779999999997,-0.7356244365211339,0.15752019562404618,False,185.294519296401,0.0,0.3331999999999997,-5.572228959240135
rep_f58658b961ff048335,session_03_both_mix2,Left,Correct,outward_20f,-20,20,3.148656,-0.8105904544142971,0.23248621351720944,False,186.83858265383978,0.0,0.6663779999999999,-10.985920952817125
rep_f58658b961ff048335,session_03_both_mix2,Left,Correct,inward_10f,10,-10,2.149089,-0.8271677823158982,0.24906354141881049,False,186.46148324406548,0.0,-0.33318899999999996,0.8563137708323723
rep_f58658b961ff048335,session_03_both_mix2,Left,Correct,inward_20f,20,-20,1.8158890000000003,0.24453616232659198,0.8226404032236796,True,213.71165870073438,0.0,-0.6663889999999997,-16.890621467599388
rep_0da66c37aeaee10dba,session_03_both_mix2,Left,Correct,exact_emitted,0,0,2.349,-0.4560196552830945,0.0,False,0.0,0.0,0.0,0.0
rep_0da66c37aeaee10dba,session_03_both_mix2,Left,Correct,outward_10f,-10,10,2.682189000000001,-0.8714162514819758,0.41539659619888125,False,27.934390866695882,0.0,0.33318900000000085,-2.485798489464557
rep_0da66c37aeaee10dba,session_03_both_mix2,Left,Correct,outward_20f,-20,20,3.0153779999999992,-1.0229428796210263,0.5669232243379317,False,67.97697724539167,0.0,0.666377999999999,-2.7617765183805574
rep_0da66c37aeaee10dba,session_03_both_mix2,Left,Correct,inward_10f,10,-10,2.0157999999999996,-0.44055505972229836,0.015464595560796157,False,176.1432606703895,0.0,-0.3332000000000006,4.546960776706612
rep_0da66c37aeaee10dba,session_03_both_mix2,Left,Correct,inward_20f,20,-20,1.6826339999999993,0.33713273881335715,0.7931523940964517,True,317.2953926604536,0.0,-0.6663660000000009,-10.217964108872195
rep_c4774628dd2fa04641,session_03_both_mix2,Right,Correct,exact_emitted,0,0,2.7321670000000005,-0.1359911070803309,0.0,False,0.0,0.0,0.0,0.0
rep_c4774628dd2fa04641,session_03_both_mix2,Right,Correct,outward_10f,-10,10,3.0653559999999995,-0.148697668149552,0.012706561069221078,False,35.99021597064473,0.0,0.33318899999999907,-0.7267530600375238
rep_c4774628dd2fa04641,session_03_both_mix2,Right,Correct,outward_20f,-20,20,3.3985449999999986,-0.14711109788988708,0.011119990809556168,False,48.53111448027318,0.0,0.6663779999999981,-4.044385841258432
rep_c4774628dd2fa04641,session_03_both_mix2,Right,Correct,inward_10f,10,-10,2.3989779999999996,0.4023431906461058,0.5383342977264367,True,44.81401942977619,0.0,-0.33318900000000085,-10.379132054458225
rep_c4774628dd2fa04641,session_03_both_mix2,Right,Correct,inward_20f,20,-20,2.065778,0.713631398573082,0.8496225056534129,True,122.80254236720566,0.0,-0.6663890000000006,-29.48171943057733
rep_15de4676677de916d0,session_03_both_mix2,Right,Incorrect,exact_emitted,0,0,2.448956000000001,-0.11090876641201453,0.0,False,0.0,0.0,0.0,0.0
rep_15de4676677de916d0,session_03_both_mix2,Right,Incorrect,outward_10f,-10,10,2.782145,0.04827907090885397,0.1591878373208685,True,16.115954594216443,0.0,0.33318899999999907,-8.379014632668046
rep_15de4676677de916d0,session_03_both_mix2,Right,Incorrect,outward_20f,-20,20,3.1153450000000014,-0.006501716260935875,0.10440705015107865,False,34.282028249131386,0.0,0.6663890000000006,-13.288679752009017
rep_15de4676677de916d0,session_03_both_mix2,Right,Incorrect,inward_10f,10,-10,2.115767,-0.3858307783958633,0.2749220119838488,False,31.8447547138347,0.0,-0.33318900000000085,4.5816324714458005
rep_15de4676677de916d0,session_03_both_mix2,Right,Incorrect,inward_20f,20,-20,1.7825670000000002,0.4952974230842717,0.6062061894962862,True,110.23827947716147,0.0,-0.6663890000000006,-2.7302295858355734
rep_506fc27703682724ad,session_03_both_mix2,Right,Incorrect,exact_emitted,0,0,2.365667,-0.8024334164670409,0.0,False,0.0,0.0,0.0,0.0
rep_506fc27703682724ad,session_03_both_mix2,Right,Incorrect,outward_10f,-10,10,2.6988449999999986,-0.81878319471094,0.01634977824389905,False,15.339213602272059,0.0,0.3331779999999984,-6.039040274213008
rep_506fc27703682724ad,session_03_both_mix2,Right,Incorrect,outward_20f,-20,20,3.0320340000000012,0.982038204115566,1.784471620582607,True,142.4351078304472,0.0,0.666367000000001,-2.7289148606692066
rep_506fc27703682724ad,session_03_both_mix2,Right,Incorrect,inward_10f,10,-10,2.0324670000000022,-0.8718881667251955,0.06945475025815462,False,18.666890193991094,0.0,-0.33319999999999794,5.554676455620367
rep_506fc27703682724ad,session_03_both_mix2,Right,Incorrect,inward_20f,20,-20,1.699266999999999,-0.7205823351445101,0.08185108132253083,False,64.05163577883853,0.0,-0.6664000000000012,-1.7111404515366786
rep_50437be04b9a9a36ed,session_03_both_mix2,Left,Incorrect,exact_emitted,0,0,2.2323889999999977,0.7322997042597215,0.0,False,0.0,0.0,0.0,0.0
rep_50437be04b9a9a36ed,session_03_both_mix2,Left,Incorrect,outward_10f,-10,10,2.5655670000000015,0.19950817927356346,0.532791524986158,False,102.26437166168544,0.0,0.33317800000000375,2.7548094166614874
rep_50437be04b9a9a36ed,session_03_both_mix2,Left,Incorrect,outward_20f,-20,20,2.8987669999999994,0.22010147693644255,0.5121982273232789,False,59.55386509716135,0.0,0.6663780000000017,3.849860066389823
rep_50437be04b9a9a36ed,session_03_both_mix2,Left,Incorrect,inward_10f,10,-10,1.8991889999999998,-0.19752931718040656,0.929829021440128,True,109.66332296904716,0.0,-0.33319999999999794,-3.994490718920389
rep_50437be04b9a9a36ed,session_03_both_mix2,Left,Incorrect,inward_20f,20,-20,1.5659890000000019,0.19529115495110672,0.5370085493086147,False,188.19129463895192,0.0,-0.6663999999999959,-12.650033025975532
rep_a8f87271f827579bc4,session_03_both_mix2,Left,Incorrect,exact_emitted,0,0,1.7825670000000002,1.8177528476605782,0.0,False,0.0,0.0,0.0,0.0
rep_a8f87271f827579bc4,session_03_both_mix2,Left,Incorrect,outward_10f,-10,10,2.1157670000000017,1.946703326091722,0.1289504784311437,False,23.829387490699947,0.0,0.3332000000000015,-9.566291780956362
rep_a8f87271f827579bc4,session_03_both_mix2,Left,Incorrect,outward_20f,-20,20,2.448955999999999,1.7868865890867314,0.03086625857384684,False,72.29088346722511,0.0,0.6663889999999988,-8.578465967725194
rep_a8f87271f827579bc4,session_03_both_mix2,Left,Incorrect,inward_10f,10,-10,1.4493779999999994,1.5520775308146009,0.26567531684597734,False,23.911166410413745,0.0,-0.33318900000000085,8.20300600773382
rep_a8f87271f827579bc4,session_03_both_mix2,Left,Incorrect,inward_20f,20,-20,1.116189000000002,1.41806041591022,0.3996924317503583,False,64.74184089306632,0.0,-0.6663779999999981,1.5520840968090823
rep_3f57d674d3d25f06bc,session_03_both_mix2,Left,Correct,exact_emitted,0,0,2.0158109999999994,-0.3237486125209058,0.0,False,0.0,0.0,0.0,0.0
rep_3f57d674d3d25f06bc,session_03_both_mix2,Left,Correct,outward_10f,-10,10,2.349011000000001,-0.5182090479093494,0.1944604353884436,False,36.83634224416622,0.0,0.3332000000000015,-4.078713991018489
rep_3f57d674d3d25f06bc,session_03_both_mix2,Left,Correct,outward_20f,-20,20,2.6821780000000004,-1.0715652073146167,0.7478165947937109,False,39.68525195121585,0.0,0.666367000000001,-10.975190213891509
rep_3f57d674d3d25f06bc,session_03_both_mix2,Left,Correct,inward_10f,10,-10,1.6826110000000014,-0.36445958852812466,0.040710976007218846,False,33.614436686872764,0.0,-0.33319999999999794,4.154183183004392
rep_3f57d674d3d25f06bc,session_03_both_mix2,Left,Correct,inward_20f,20,-20,1.3494220000000006,0.42846540120326354,0.7522140137241693,True,92.29853484645373,0.0,-0.6663889999999988,-1.93878262098076
rep_2a80f26013fc49beb7,session_03_both_mix2,Right,Correct,exact_emitted,0,0,2.1990549999999978,-0.32254924548868213,0.0,False,0.0,0.0,0.0,0.0
rep_2a80f26013fc49beb7,session_03_both_mix2,Right,Correct,outward_10f,-10,10,2.532244000000002,-0.4824829539463257,0.15993370845764354,False,23.680492610480435,0.0,0.3331890000000044,-11.344599319348504
rep_2a80f26013fc49beb7,session_03_both_mix2,Right,Correct,outward_20f,-20,20,2.8654329999999995,-0.5560550874020885,0.2335058419134064,False,41.35780597056857,0.0,0.6663780000000017,-21.56479647229986
rep_2a80f26013fc49beb7,session_03_both_mix2,Right,Correct,inward_10f,10,-10,1.8658770000000011,-0.019757045229635617,0.3027922002590465,False,208.41618815217888,0.0,-0.33317799999999664,-5.65346279555304
rep_2a80f26013fc49beb7,session_03_both_mix2,Right,Correct,inward_20f,20,-20,1.5326770000000032,-0.4394201324052399,0.11687088691655778,False,352.3078406585013,0.0,-0.6663779999999946,-13.964327926193405
rep_830e9ff6471c2e6ac0,session_03_both_mix2,Right,Incorrect,exact_emitted,0,0,2.432289000000001,1.7165937216335543,0.0,False,0.0,0.0,0.0,0.0
rep_830e9ff6471c2e6ac0,session_03_both_mix2,Right,Incorrect,outward_10f,-10,10,2.7654889999999988,1.7624488756423866,0.04585515400883233,False,13.62214577455,0.0,0.33319999999999794,-4.13378662452125
rep_830e9ff6471c2e6ac0,session_03_both_mix2,Right,Incorrect,outward_20f,-20,20,3.0986890000000002,1.8202088021728335,0.10361508053927926,False,20.42468990377199,0.0,0.6663999999999994,-8.346529602808076
rep_830e9ff6471c2e6ac0,session_03_both_mix2,Right,Incorrect,inward_10f,10,-10,2.0991,1.573767963245184,0.1428257583883703,False,21.02395121489564,0.0,-0.33318900000000085,0.06644450652811429
rep_830e9ff6471c2e6ac0,session_03_both_mix2,Right,Incorrect,inward_20f,20,-20,1.7659219999999998,1.6566039894545328,0.05998973217902148,False,62.237369906700906,0.0,-0.666367000000001,-3.515870170820577
rep_d06e09af4456675bf7,session_03_both_mix2,Right,Incorrect,exact_emitted,0,0,2.432289000000001,1.7165937216335543,0.0,False,0.0,0.0,0.0,0.0
rep_d06e09af4456675bf7,session_03_both_mix2,Right,Incorrect,outward_10f,-10,10,2.7654889999999988,1.7624488756423866,0.04585515400883233,False,13.62214577455,0.0,0.33319999999999794,-4.13378662452125
rep_d06e09af4456675bf7,session_03_both_mix2,Right,Incorrect,outward_20f,-20,20,3.0986890000000002,1.8202088021728335,0.10361508053927926,False,20.42468990377199,0.0,0.6663999999999994,-8.346529602808076
rep_d06e09af4456675bf7,session_03_both_mix2,Right,Incorrect,inward_10f,10,-10,2.0991,1.573767963245184,0.1428257583883703,False,21.02395121489564,0.0,-0.33318900000000085,0.06644450652811429
rep_d06e09af4456675bf7,session_03_both_mix2,Right,Incorrect,inward_20f,20,-20,1.7659219999999998,1.6566039894545328,0.05998973217902148,False,62.237369906700906,0.0,-0.666367000000001,-3.515870170820577
rep_2073ececf0915178cc,session_03_both_mix2,Left,Incorrect,exact_emitted,0,0,2.032454999999999,-0.17050947617463919,0.0,False,0.0,0.0,0.0,0.0
rep_2073ececf0915178cc,session_03_both_mix2,Left,Incorrect,outward_10f,-10,10,2.365655000000004,-0.015365773171381658,0.15514370300325753,False,21.84038792742633,0.0,0.33320000000000505,-7.504343963738322
rep_2073ececf0915178cc,session_03_both_mix2,Left,Incorrect,outward_20f,-20,20,2.698855000000002,0.1192620284763054,0.2897715046509446,True,39.39913880425239,0.0,0.666400000000003,-12.56897826574118
rep_2073ececf0915178cc,session_03_both_mix2,Left,Incorrect,inward_10f,10,-10,1.6992770000000021,-0.19032095407360072,0.019811477898961538,False,30.172103163380257,0.0,-0.33317799999999664,3.874626454730148
rep_2073ececf0915178cc,session_03_both_mix2,Left,Incorrect,inward_20f,20,-20,1.3660880000000049,0.509253734493495,0.6797632106681342,True,188.4612701596802,0.0,-0.6663669999999939,-0.5937465297686515
rep_b99bfda2386efa860d,session_03_both_mix2,Left,Correct,exact_emitted,0,0,1.9658220000000028,-1.2054063594093254,0.0,False,0.0,0.0,0.0,0.0
rep_b99bfda2386efa860d,session_03_both_mix2,Left,Correct,outward_10f,-10,10,2.299022000000001,-1.152880793070858,0.05252556633846739,False,22.45830954011458,0.0,0.33319999999999794,-7.0381317266205485
rep_b99bfda2386efa860d,session_03_both_mix2,Left,Correct,outward_20f,-20,20,2.6321999999999974,-1.1289113383589338,0.07649502105039163,False,34.39367397727717,0.0,0.6663779999999946,-13.231664425336888
rep_b99bfda2386efa860d,session_03_both_mix2,Left,Correct,inward_10f,10,-10,1.6326329999999984,-1.1282766856542534,0.07712967375507196,False,30.455480577827103,0.0,-0.3331890000000044,6.045829839383529
rep_b99bfda2386efa860d,session_03_both_mix2,Left,Correct,inward_20f,20,-20,1.2994550000000018,-0.05907766014715221,1.146328699262173,False,77.4910283551719,0.0,-0.666367000000001,0.9126842745111361
rep_1f4a610c3defe53722,session_04_limited_rom_incorrect,Left,Incorrect,exact_emitted,0,0,2.315678,0.6679099498298675,0.0,False,0.0,0.0,0.0,0.0
rep_1f4a610c3defe53722,session_04_limited_rom_incorrect,Left,Incorrect,outward_10f,-10,10,2.648878,0.5520884888638542,0.11582146096601331,False,22.57787409394718,0.0,0.3331999999999997,-5.544831527936395
rep_1f4a610c3defe53722,session_04_limited_rom_incorrect,Left,Incorrect,outward_20f,-20,20,2.898767000000001,0.7269118962255978,0.05900194639573031,False,46.561678109058235,0.0,0.5830890000000011,-6.928867442673052
rep_1f4a610c3defe53722,session_04_limited_rom_incorrect,Left,Incorrect,inward_10f,10,-10,1.9824779999999986,1.127516339011565,0.4596063891816975,False,36.075595476346514,0.0,-0.3332000000000015,0.29774493529393453
rep_1f4a610c3defe53722,session_04_limited_rom_incorrect,Left,Incorrect,inward_20f,20,-20,1.6493000000000002,1.4328964435288212,0.7649864936989537,False,117.82158027001404,0.0,-0.6663779999999999,-15.403824712123502
rep_52a2c5c414944694f1,session_04_limited_rom_incorrect,Left,Incorrect,exact_emitted,0,0,2.315678,1.0644329545104054,0.0,False,0.0,0.0,0.0,0.0
rep_52a2c5c414944694f1,session_04_limited_rom_incorrect,Left,Incorrect,outward_10f,-10,10,2.648866999999999,0.9135185893222846,0.15091436518812085,False,20.889873987743883,0.0,0.33318899999999907,-10.287761642879232
rep_52a2c5c414944694f1,session_04_limited_rom_incorrect,Left,Incorrect,outward_20f,-20,20,2.982056,0.8325607970675868,0.23187215744281864,False,38.912644630771325,0.0,0.6663779999999999,-18.35216634374288
rep_52a2c5c414944694f1,session_04_limited_rom_incorrect,Left,Incorrect,inward_10f,10,-10,1.982489000000001,1.2815983833032387,0.2171654287928333,False,27.707670759905966,0.0,-0.33318899999999907,11.748874887155381
rep_52a2c5c414944694f1,session_04_limited_rom_incorrect,Left,Incorrect,inward_20f,20,-20,1.6492889999999996,1.2198279207894651,0.1553949662790597,False,65.27140323861478,0.0,-0.6663890000000006,9.94113443200115
rep_6d548704cfd01f491a,session_04_limited_rom_incorrect,Right,Incorrect,exact_emitted,0,0,2.3323329999999984,0.6937286170885895,0.0,False,0.0,0.0,0.0,0.0
rep_6d548704cfd01f491a,session_04_limited_rom_incorrect,Right,Incorrect,outward_10f,-10,10,2.665533,1.1835391387103118,0.48981052162172234,False,25.643302255673945,0.0,0.3332000000000015,1.9398346496831138
rep_6d548704cfd01f491a,session_04_limited_rom_incorrect,Right,Incorrect,outward_20f,-20,20,2.998711,1.4004696846971996,0.7067410676086101,False,51.82438617704606,0.0,0.6663780000000017,3.273942624891511
rep_6d548704cfd01f491a,session_04_limited_rom_incorrect,Right,Incorrect,inward_10f,10,-10,1.9991330000000005,0.6136299362499613,0.08009868083862814,False,11.226343861766065,0.0,-0.33319999999999794,3.8540979534353355
rep_6d548704cfd01f491a,session_04_limited_rom_incorrect,Right,Incorrect,inward_20f,20,-20,1.6659550000000003,0.9172830250080919,0.22355440791950243,False,22.261637759935283,0.0,-0.6663779999999981,6.759171410789783
rep_ac1e97d62d5c2b56a0,session_04_limited_rom_incorrect,Left,Incorrect,exact_emitted,0,0,2.0657780000000017,1.0499126237901841,0.0,False,0.0,0.0,0.0,0.0
rep_ac1e97d62d5c2b56a0,session_04_limited_rom_incorrect,Left,Incorrect,outward_10f,-10,10,2.3989779999999996,0.9494410971405539,0.10047152664963022,False,29.098219552715854,0.0,0.33319999999999794,-8.743600416012853
rep_ac1e97d62d5c2b56a0,session_04_limited_rom_incorrect,Left,Incorrect,outward_20f,-20,20,2.732178000000001,0.9512750401972961,0.09863758359288799,False,64.44174153077199,0.0,0.6663999999999994,-11.927350129546554
rep_ac1e97d62d5c2b56a0,session_04_limited_rom_incorrect,Left,Incorrect,inward_10f,10,-10,1.732599999999998,1.1616095875535166,0.11169696376333249,False,47.01918609013829,0.0,-0.33317800000000375,8.82788509593857
rep_ac1e97d62d5c2b56a0,session_04_limited_rom_incorrect,Left,Incorrect,inward_20f,20,-20,1.3994110000000006,1.0696399687495701,0.019727344959385995,False,89.55709405865954,0.0,-0.666367000000001,-0.20921240479596293
rep_29323d0780eb56b21d,session_04_limited_rom_incorrect,Right,Incorrect,exact_emitted,0,0,2.265711999999997,0.4117216611454689,0.0,False,0.0,0.0,0.0,0.0
rep_29323d0780eb56b21d,session_04_limited_rom_incorrect,Right,Incorrect,outward_10f,-10,10,2.5989000000000004,0.8545098348402882,0.4427881736948193,False,19.900607792687058,0.0,0.33318800000000337,-2.0381226239492207
rep_29323d0780eb56b21d,session_04_limited_rom_incorrect,Right,Incorrect,outward_20f,-20,20,2.932077000000003,0.8700868946684354,0.4583652335229665,False,102.66132523270737,0.0,0.6663650000000061,-1.8535059725705025
rep_29323d0780eb56b21d,session_04_limited_rom_incorrect,Right,Incorrect,inward_10f,10,-10,1.9325119999999991,0.6507317098875844,0.23901004874211557,False,46.36413059039177,0.0,-0.33319999999999794,1.0647091867633662
rep_29323d0780eb56b21d,session_04_limited_rom_incorrect,Right,Incorrect,inward_20f,20,-20,1.5993230000000018,0.472457227161576,0.060735566016107134,False,47.42464281251213,0.0,-0.6663889999999952,-4.940151988179878
rep_59893c3e996fee9c34,session_04_limited_rom_incorrect,Left,Incorrect,exact_emitted,0,0,4.814610999999999,0.7352122798219448,0.0,False,0.0,0.0,0.0,0.0
rep_59893c3e996fee9c34,session_04_limited_rom_incorrect,Left,Incorrect,outward_10f,-10,10,5.1478,0.73759479188231,0.002382512060365216,False,29.805646309763212,0.0,0.33318900000000085,-5.751168447045018
rep_59893c3e996fee9c34,session_04_limited_rom_incorrect,Left,Incorrect,outward_20f,-20,20,5.481000000000002,0.7239064772656857,0.011305802556259126,False,40.9229745272284,0.0,0.6663890000000023,-12.09749257661224
rep_59893c3e996fee9c34,session_04_limited_rom_incorrect,Left,Incorrect,inward_10f,10,-10,4.481432999999999,0.7179847107992937,0.0172275690226511,False,39.303501056436204,0.0,-0.3331780000000002,4.6926308841488265
rep_59893c3e996fee9c34,session_04_limited_rom_incorrect,Left,Incorrect,inward_20f,20,-20,1.4660440000000001,1.0375753564810082,0.30236307665906337,False,236.17436588703796,0.0,-3.348566999999999,-90.26735845641154
rep_2b168be9071d57530d,session_04_limited_rom_incorrect,Left,Incorrect,exact_emitted,0,0,1.8492120000000014,0.7470050966104587,0.0,False,0.0,0.0,0.0,0.0
rep_2b168be9071d57530d,session_04_limited_rom_incorrect,Left,Incorrect,outward_10f,-10,10,2.1324229999999993,0.7171980460943167,0.029807050516141964,False,37.433555970855565,0.0,0.2832109999999979,-1.7657056836391831
rep_2b168be9071d57530d,session_04_limited_rom_incorrect,Left,Incorrect,outward_20f,-20,20,2.2323780000000006,0.7112643365307709,0.03574076007968774,False,51.92061653385827,0.0,0.38316599999999923,-1.2905241289054885
rep_2b168be9071d57530d,session_04_limited_rom_incorrect,Left,Incorrect,inward_10f,10,-10,1.516022999999997,0.8060299572140671,0.05902486060360845,False,49.82118938121942,0.0,-0.3331890000000044,-2.4340059225756505
rep_2b168be9071d57530d,session_04_limited_rom_incorrect,Left,Incorrect,inward_20f,20,-20,1.182822999999999,0.9448591221588453,0.1978540255483866,False,78.15053986495921,0.0,-0.6663890000000023,-0.8125094339824557
rep_6ccabad19ce4f7ab3f,session_04_limited_rom_incorrect,Left,Incorrect,exact_emitted,0,0,4.797955999999996,0.7001072562988451,0.0,False,0.0,0.0,0.0,0.0
rep_6ccabad19ce4f7ab3f,session_04_limited_rom_incorrect,Left,Incorrect,outward_10f,-10,10,5.131156000000001,0.6787902589836938,0.021316997315151243,False,15.827502427973473,0.0,0.33320000000000505,-1.7269625302452027
rep_6ccabad19ce4f7ab3f,session_04_limited_rom_incorrect,Left,Incorrect,outward_20f,-20,20,5.464345000000002,0.6710858109318296,0.029021445367015453,False,94.88780239326019,0.0,0.6663890000000059,-0.7588305280721599
rep_6ccabad19ce4f7ab3f,session_04_limited_rom_incorrect,Left,Incorrect,inward_10f,10,-10,2.0324560000000034,0.9248472079169773,0.2247399516181322,False,133.6674129847997,0.0,-2.7654999999999923,13.521386649449134
rep_6ccabad19ce4f7ab3f,session_04_limited_rom_incorrect,Left,Incorrect,inward_20f,20,-20,1.8658670000000015,1.043229793310596,0.343122537011751,False,145.4209596448895,0.0,-2.932088999999994,10.5949202391755
rep_db11ea7c1113500c85,session_04_limited_rom_incorrect,Right,Incorrect,exact_emitted,0,0,2.3156779999999983,0.6412333797676064,0.0,False,0.0,0.0,0.0,0.0
rep_db11ea7c1113500c85,session_04_limited_rom_incorrect,Right,Incorrect,outward_10f,-10,10,2.6488779999999963,0.8698240822831047,0.2285907025154983,False,19.610793034811977,0.0,0.33319999999999794,-0.16755251560643103
rep_db11ea7c1113500c85,session_04_limited_rom_incorrect,Right,Incorrect,outward_20f,-20,20,2.8321339999999964,0.8534168448440367,0.21218346507643027,False,20.380758681802487,0.0,0.516455999999998,-1.9222715963833963
rep_db11ea7c1113500c85,session_04_limited_rom_incorrect,Right,Incorrect,inward_10f,10,-10,1.982489000000001,0.5349341367537304,0.10629924301387605,False,19.102620763680456,0.0,-0.3331889999999973,-0.09843789479639042
rep_db11ea7c1113500c85,session_04_limited_rom_incorrect,Right,Incorrect,inward_20f,20,-20,1.6492999999999967,0.9610429389558898,0.31980955918828335,False,20.389676006077874,0.0,-0.6663780000000017,-0.059275845257097615
rep_b62f14d196952f28be,session_05_both_correct2,Right,Correct,exact_emitted,0,0,2.1490780000000003,-0.991822754747565,0.0,False,0.0,0.0,0.0,0.0
rep_b62f14d196952f28be,session_05_both_correct2,Right,Correct,outward_10f,-10,10,2.4656219999999998,-0.8957972223541414,0.0960255323934236,False,17.14220358937587,0.0,0.3165439999999995,-5.362289616730848
rep_b62f14d196952f28be,session_05_both_correct2,Right,Correct,outward_20f,-20,20,2.632211,-0.9394395326418327,0.05238322210573232,False,22.012813686957855,0.0,0.4831329999999996,-9.084362009832404
rep_b62f14d196952f28be,session_05_both_correct2,Right,Correct,inward_10f,10,-10,1.8159,-1.126897006205692,0.13507425145812701,False,20.892372200650467,0.0,-0.3331780000000002,8.748593602420186
rep_b62f14d196952f28be,session_05_both_correct2,Right,Correct,inward_20f,20,-20,1.4827110000000001,0.16074928009202738,1.1525720348395923,True,149.4036774164397,0.0,-0.6663670000000002,-2.761138014849905
rep_ebf0037ac696966f6b,session_05_both_correct2,Left,Correct,exact_emitted,0,0,2.2323889999999995,-0.9603754588253445,0.0,False,0.0,0.0,0.0,0.0
rep_ebf0037ac696966f6b,session_05_both_correct2,Left,Correct,outward_10f,-10,10,2.5655780000000004,-0.8205648407253004,0.13981061810004403,False,66.27405931557317,0.0,0.33318900000000085,-4.612891478849704
rep_ebf0037ac696966f6b,session_05_both_correct2,Left,Correct,outward_20f,-20,20,2.8987669999999994,-1.090815278997506,0.1304398201721616,False,67.65752787284254,0.0,0.6663779999999999,-9.816276963709555
rep_ebf0037ac696966f6b,session_05_both_correct2,Left,Correct,inward_10f,10,-10,1.8991889999999998,-1.1881542874968112,0.2277788286714667,False,44.43114362382809,0.0,-0.3331999999999997,-0.16237552436074054
rep_ebf0037ac696966f6b,session_05_both_correct2,Left,Correct,inward_20f,20,-20,1.5660110000000005,0.6509687966054865,1.611344255430831,True,113.8593915753885,0.0,-0.666377999999999,-8.66830200772337
rep_3937e4fb3928cf8769,session_05_both_correct2,Left,Correct,exact_emitted,0,0,1.9824890000000002,-0.9753250842863016,0.0,False,0.0,0.0,0.0,0.0
rep_3937e4fb3928cf8769,session_05_both_correct2,Left,Correct,outward_10f,-10,10,2.315677,-1.007218571121502,0.031893486835200435,False,222.77704974102573,0.0,0.3331879999999998,-2.461411463476395
rep_3937e4fb3928cf8769,session_05_both_correct2,Left,Correct,outward_20f,-20,20,2.648865999999999,-0.9324770125611851,0.04284807172511651,False,225.79368271171435,0.0,0.6663769999999989,-3.5308802914393596
rep_3937e4fb3928cf8769,session_05_both_correct2,Left,Correct,inward_10f,10,-10,1.6492890000000004,-1.0262210769914457,0.05089599270514411,False,49.146237886398296,0.0,-0.3331999999999997,-0.27122191591368505
rep_3937e4fb3928cf8769,session_05_both_correct2,Left,Correct,inward_20f,20,-20,1.3161110000000003,0.8145028098767728,1.7898278941630745,True,183.14170517587013,0.0,-0.6663779999999999,-15.295994382086747
rep_4145f06cb4db15ce3f,session_05_both_correct2,Right,Correct,exact_emitted,0,0,2.115755,-0.32461385167426837,0.0,False,0.0,0.0,0.0,0.0
rep_4145f06cb4db15ce3f,session_05_both_correct2,Right,Correct,outward_10f,-10,10,2.4489549999999998,-0.9046591884848939,0.5800453368106255,False,23.176544591677587,0.0,0.3331999999999997,-2.027266945876619
rep_4145f06cb4db15ce3f,session_05_both_correct2,Right,Correct,outward_20f,-20,20,2.7821550000000013,-0.5616064770477859,0.2369926253735175,False,47.44449796685162,0.0,0.6664000000000012,-2.3705085736989986
rep_4145f06cb4db15ce3f,session_05_both_correct2,Right,Correct,inward_10f,10,-10,1.7825769999999999,-1.1618804161101024,0.837266564435834,False,268.292585637699,0.0,-0.3331780000000002,-0.9663118435235845
rep_4145f06cb4db15ce3f,session_05_both_correct2,Right,Correct,inward_20f,20,-20,1.4493770000000001,-0.7119769332985563,0.3873630816242879,False,279.511787934896,0.0,-0.6663779999999999,3.897285093725344
rep_4791579acae25fe0bd,session_05_both_correct2,Left,Correct,exact_emitted,0,0,1.9824889999999993,-0.8071474691206765,0.0,False,0.0,0.0,0.0,0.0
rep_4791579acae25fe0bd,session_05_both_correct2,Left,Correct,outward_10f,-10,10,2.315678,-0.7960895665022661,0.011057902618410331,False,18.062191912298,0.0,0.33318900000000085,-6.2314225624553785
rep_4791579acae25fe0bd,session_05_both_correct2,Left,Correct,outward_20f,-20,20,2.648867000000001,-1.0847182260884347,0.27757075696775824,False,291.4758180025738,0.0,0.6663780000000017,-5.02345206719707
rep_4791579acae25fe0bd,session_05_both_correct2,Left,Correct,inward_10f,10,-10,1.6493110000000009,-1.0742988434546152,0.26715137433393876,False,36.87387037217113,0.0,-0.3331779999999984,6.353462026638894
rep_4791579acae25fe0bd,session_05_both_correct2,Left,Correct,inward_20f,20,-20,1.3161109999999994,0.2709973241288819,1.0781447932495585,True,124.6865407203672,0.0,-0.6663779999999999,-8.635260259527655
rep_ff72086c1823042be9,session_05_both_correct2,Right,Correct,exact_emitted,0,0,2.299022000000001,-0.5904298297010592,0.0,False,0.0,0.0,0.0,0.0
rep_ff72086c1823042be9,session_05_both_correct2,Right,Correct,outward_10f,-10,10,2.6322219999999987,-0.72790063084204,0.13747080114098087,False,27.00064203891716,0.0,0.33319999999999794,-5.57821097184447
rep_ff72086c1823042be9,session_05_both_correct2,Right,Correct,outward_20f,-20,20,2.9654000000000025,-0.8097220619391626,0.21929223223810346,False,41.97860403806646,0.0,0.6663780000000017,-12.450639437422808
rep_ff72086c1823042be9,session_05_both_correct2,Right,Correct,inward_10f,10,-10,1.9658220000000028,-0.8335841784136949,0.24315434871263575,False,79.20021838503014,0.0,-0.33319999999999794,-3.554270496713798
rep_ff72086c1823042be9,session_05_both_correct2,Right,Correct,inward_20f,20,-20,1.6326219999999978,-0.18771197124449113,0.40271785845656805,False,106.99180112821092,0.0,-0.666400000000003,-10.339127133097179
rep_d348e469e89a781661,session_05_both_correct2,Left,Correct,exact_emitted,0,0,1.8492229999999985,-0.5741474152843166,0.0,False,0.0,0.0,0.0,0.0
rep_d348e469e89a781661,session_05_both_correct2,Left,Correct,outward_10f,-10,10,2.1824000000000012,-0.6215535654470811,0.047406150162764504,False,27.727974432324398,0.0,0.3331770000000027,-8.678456388857526
rep_d348e469e89a781661,session_05_both_correct2,Left,Correct,outward_20f,-20,20,2.5155879999999975,-0.6494519160094469,0.07530450072513029,False,47.58953052363549,0.0,0.666364999999999,-15.310791052837644
rep_d348e469e89a781661,session_05_both_correct2,Left,Correct,inward_10f,10,-10,1.5160230000000006,-0.8198484470945852,0.2457010318102686,False,38.4266609533406,0.0,-0.33319999999999794,8.449899293102462
rep_d348e469e89a781661,session_05_both_correct2,Left,Correct,inward_20f,20,-20,1.1828339999999997,0.40102599324001076,0.9751734085243273,True,108.68766202449478,0.0,-0.6663889999999988,-8.174173011927422
rep_e8d9e0d9e521cb4474,session_05_both_correct2,Left,Correct,exact_emitted,0,0,1.9991450000000022,-0.3410734069879241,0.0,False,0.0,0.0,0.0,0.0
rep_e8d9e0d9e521cb4474,session_05_both_correct2,Left,Correct,outward_10f,-10,10,2.3323339999999995,-0.16163145296978865,0.17944195401813545,False,20.729218587123754,0.0,0.3331889999999973,-8.184422764203319
rep_e8d9e0d9e521cb4474,session_05_both_correct2,Left,Correct,outward_20f,-20,20,2.6655230000000003,-0.09283299294058889,0.2482404140473352,False,34.52445874878225,0.0,0.6663779999999981,-14.498522853446886
rep_e8d9e0d9e521cb4474,session_05_both_correct2,Left,Correct,inward_10f,10,-10,1.6659669999999984,-0.568633749868169,0.22756034288024485,False,35.01364741236555,0.0,-0.33317800000000375,7.346587678224125
rep_e8d9e0d9e521cb4474,session_05_both_correct2,Left,Correct,inward_20f,20,-20,1.3327780000000011,0.6731019611897137,1.0141753681776378,True,95.94720104937329,0.0,-0.666367000000001,-6.077173752550564
rep_496c495105f1f840b1,session_05_both_correct2,Right,Correct,exact_emitted,0,0,1.8158889999999985,-0.25416803120169673,0.0,False,0.0,0.0,0.0,0.0
rep_496c495105f1f840b1,session_05_both_correct2,Right,Correct,outward_10f,-10,10,2.1157670000000017,-0.1559011291347856,0.09826690206691113,False,29.828939414781722,0.0,0.2998780000000032,-8.829528953666468
rep_496c495105f1f840b1,session_05_both_correct2,Right,Correct,outward_20f,-20,20,2.282356,-0.23637531774619092,0.017792713455505815,False,34.82113566440552,0.0,0.4664670000000015,-14.399393476628404
rep_496c495105f1f840b1,session_05_both_correct2,Right,Correct,inward_10f,10,-10,1.4826890000000006,-0.5942863881336616,0.3401183569319649,False,40.36182061155254,0.0,-0.33319999999999794,9.605331952297163
rep_496c495105f1f840b1,session_05_both_correct2,Right,Correct,inward_20f,20,-20,1.1494999999999997,0.18427768862759042,0.43844571982928715,True,173.03920260395736,0.0,-0.6663889999999988,-8.2306795157795
rep_fbee42bcc84ad72a70,session_05_both_correct2,Right,Correct,exact_emitted,0,0,2.0158109999999994,-0.6365122029729923,0.0,False,0.0,0.0,0.0,0.0
rep_fbee42bcc84ad72a70,session_05_both_correct2,Right,Correct,outward_10f,-10,10,2.349,-0.6662677151849906,0.029755512211998347,False,18.378798969519494,0.0,0.33318900000000085,-8.37383624515094
rep_fbee42bcc84ad72a70,session_05_both_correct2,Right,Correct,outward_20f,-20,20,2.6822000000000017,-0.6820070668678763,0.045494863894884,False,33.79571782172328,0.0,0.6663890000000023,-16.060507982880253
rep_fbee42bcc84ad72a70,session_05_both_correct2,Right,Correct,inward_10f,10,-10,1.6826110000000014,-0.7962154004150727,0.1597031974420804,False,124.01247329605441,0.0,-0.33319999999999794,3.1801680894823363
rep_fbee42bcc84ad72a70,session_05_both_correct2,Right,Correct,inward_20f,20,-20,1.3494220000000006,0.12786782939265595,0.7643800323656482,True,186.51946522259516,0.0,-0.6663889999999988,-7.006941912812849
rep_27f29611af9d868d70,session_05_both_correct2,Right,Correct,exact_emitted,0,0,1.9658230000000039,-0.5087162239649626,0.0,False,0.0,0.0,0.0,0.0
rep_27f29611af9d868d70,session_05_both_correct2,Right,Correct,outward_10f,-10,10,2.299011,-0.40323804493706705,0.10547817902789558,False,26.743216401532656,0.0,0.33318799999999626,-8.071736358605165
rep_27f29611af9d868d70,session_05_both_correct2,Right,Correct,outward_20f,-20,20,2.6322110000000016,-0.01131339224075345,0.4974028317242092,False,48.26517279232396,0.0,0.6663879999999978,-10.453510218761508
rep_27f29611af9d868d70,session_05_both_correct2,Right,Correct,inward_10f,10,-10,1.632634000000003,-0.7021650221376382,0.19344879817267557,False,34.08530647233983,0.0,-0.33318900000000085,8.149652811558369
rep_27f29611af9d868d70,session_05_both_correct2,Right,Correct,inward_20f,20,-20,1.299433999999998,0.14183056273591532,0.650546786700878,True,292.93812235192627,0.0,-0.6663890000000059,-2.1334564094509147
