strategy,session_id,segment_index,hand,start_frame,end_frame,duration_sec,frame_count,estimated_rom_deg,matched_repetition_id,matched_iou,runner_status,is_micro_wobble,rejection_reason
Causal + 15 pre / 15 post,session_01_both_correct,0,Right,90,146,0.9329440000000002,57,16.905868530273438,rep_fb0c2f97d90ea5de5a,0.16184971098265896,REJECTED_MICRO_WOBBLE,True,Duration 0.93s < 1.5s and ROM 16.9deg < 26deg represents a post-extension settling wobble fragment.
Causal + 15 pre / 15 post,session_01_both_correct,1,Right,147,303,2.5988880000000005,157,48.61299133300781,rep_fb0c2f97d90ea5de5a,0.4508670520231214,PRIMARY_SELECTED,False,None
Causal + 15 pre / 15 post,session_01_both_correct,2,Left,372,567,3.2486109999999995,196,61.82146453857422,rep_02cbaaa878991f7eee,0.975,PRIMARY_SELECTED,False,None
Causal + 15 pre / 15 post,session_01_both_correct,3,Right,572,631,0.9829109999999996,60,19.917617797851562,rep_3b3a031e67b667bb2f,0.22692307692307692,REJECTED_MICRO_WOBBLE,True,Duration 0.98s < 1.5s and ROM 19.9deg < 26deg represents a post-extension settling wobble fragment.
Causal + 15 pre / 15 post,session_01_both_correct,4,Right,632,782,2.498934,151,48.47118377685547,rep_3b3a031e67b667bb2f,0.5769230769230769,PRIMARY_SELECTED,False,None
Causal + 15 pre / 15 post,session_01_both_correct,5,Right,1015,1102,1.449377000000002,88,21.761947631835938,rep_9988a74422e7c505d0,0.348,REJECTED_MICRO_WOBBLE,True,Duration 1.45s < 1.5s and ROM 21.8deg < 26deg represents a post-extension settling wobble fragment.
Causal + 15 pre / 15 post,session_01_both_correct,6,Right,1103,1242,2.315678000000002,140,46.641258239746094,rep_9988a74422e7c505d0,0.556,PRIMARY_SELECTED,False,None
Causal + 15 pre / 15 post,session_01_both_correct,7,Right,1532,1736,3.398544000000001,205,52.354652404785156,rep_46b03a163715ea8674,0.7034482758620689,PRIMARY_SELECTED,False,None
Causal + 15 pre / 15 post,session_01_both_correct,8,Left,1813,2003,3.165321999999996,191,61.671592712402344,rep_cea1129ae50e36fb30,0.979381443298969,PRIMARY_SELECTED,False,None
Causal + 15 pre / 15 post,session_01_both_correct,9,Right,2071,2238,2.782155000000003,168,46.64795684814453,rep_20614a58d738f0f71c,0.5680272108843537,PRIMARY_SELECTED,False,None
Causal + 15 pre / 15 post,session_01_both_correct,10,Right,2239,2307,1.1328439999999986,69,17.22187042236328,rep_20614a58d738f0f71c,0.23129251700680273,REJECTED_MICRO_WOBBLE,True,Duration 1.13s < 1.5s and ROM 17.2deg < 26deg represents a post-extension settling wobble fragment.
Causal + 15 pre / 15 post,session_01_both_correct,11,Left,2333,2522,3.1486439999999973,190,64.46826171875,rep_e8c1d21c6f2e4707b3,0.9,PRIMARY_SELECTED,False,None
Causal + 15 pre / 15 post,session_01_both_correct,12,Right,2577,2739,2.698844000000001,163,43.33509826660156,rep_5c1dd8ed9aa6c8aa69,0.7330316742081447,PRIMARY_SELECTED,False,None
Causal + 15 pre / 15 post,session_01_both_correct,13,Right,2990,3225,3.9149889999999985,236,42.33275604248047,rep_6be9256acb543f49b8,0.8392857142857143,PRIMARY_SELECTED,False,None
Causal + 15 pre / 15 post,session_02_both_mix,0,Right,4,282,4.631355999999999,279,51.11206817626953,rep_1c83a3b866cf4e027c,0.852760736196319,PRIMARY_SELECTED,False,None
Causal + 15 pre / 15 post,session_02_both_mix,1,Left,354,549,3.2486110000000004,196,68.08783721923828,rep_0d7eaf4563fd24294a,0.9285714285714286,PRIMARY_SELECTED,False,None
Causal + 15 pre / 15 post,session_02_both_mix,2,Right,556,665,1.815900000000001,110,18.61164093017578,rep_cff3c2f757be354140,0.42913385826771655,PRIMARY_SELECTED,False,None
Causal + 15 pre / 15 post,session_02_both_mix,3,Right,666,806,2.332333,141,37.70033264160156,rep_cff3c2f757be354140,0.5511811023622047,PRIMARY_SELECTED,False,None
Causal + 15 pre / 15 post,session_02_both_mix,4,Left,820,878,0.9662670000000002,59,27.281051635742188,rep_503633f6745e8f6a45,0.232,PRIMARY_SELECTED,False,None
Causal + 15 pre / 15 post,session_02_both_mix,5,Left,879,1060,3.0153880000000015,182,45.16719055175781,rep_503633f6745e8f6a45,0.724,PRIMARY_SELECTED,False,None
Causal + 15 pre / 15 post,session_02_both_mix,6,Right,1150,1303,2.5489110000000004,154,46.0806884765625,rep_bb9858d2e8e9c3549c,0.8406593406593407,PRIMARY_SELECTED,False,None
Causal + 15 pre / 15 post,session_02_both_mix,7,Right,1304,1724,6.9970110000000005,148,65.54000091552734,rep_9ff0bc77263dfff528,0.25213675213675213,PRIMARY_SELECTED,False,None
Causal + 15 pre / 15 post,session_02_both_mix,8,Left,1777,1937,2.6655340000000045,161,61.801414489746094,rep_35e324ed6452359dd2,0.9302325581395349,PRIMARY_SELECTED,False,None
Causal + 15 pre / 15 post,session_02_both_mix,9,Left,1966,2121,2.5822220000000016,156,58.74115753173828,rep_d8ea12c9407f1b8ebe,0.775,PRIMARY_SELECTED,False,None
Causal + 15 pre / 15 post,session_02_both_mix,10,Left,2156,2319,2.7155109999999993,164,62.16270446777344,rep_ed4d23c464cf750af7,0.9261363636363636,PRIMARY_SELECTED,False,None
Causal + 15 pre / 15 post,session_02_both_mix,11,Right,2320,2894,9.562589000000003,80,42.11219787597656,rep_8c17d582de78f254dd,0.13240418118466898,PRIMARY_SELECTED,False,None
Causal + 15 pre / 15 post,session_02_both_mix,12,Right,2895,3013,1.9658230000000003,119,35.39336395263672,rep_83f806588a8c338f4b,0.7355371900826446,PRIMARY_SELECTED,False,None
Causal + 15 pre / 15 post,session_02_both_mix,13,Right,3014,3189,2.9154219999999995,176,34.50456237792969,rep_ef9e190c4981e28593,0.7415254237288136,PRIMARY_SELECTED,False,None
Causal + 15 pre / 15 post,session_03_both_mix2,0,Right,41,202,2.6822,162,74.2109375,rep_96581b03de4436e334,0.8563829787234043,PRIMARY_SELECTED,False,None
Causal + 15 pre / 15 post,session_03_both_mix2,1,Left,235,384,2.482278,150,79.592041015625,rep_f58658b961ff048335,0.8186813186813187,PRIMARY_SELECTED,False,None
Causal + 15 pre / 15 post,session_03_both_mix2,2,Left,409,550,2.349,142,78.65747833251953,rep_0da66c37aeaee10dba,0.8597560975609756,PRIMARY_SELECTED,False,None
Causal + 15 pre / 15 post,session_03_both_mix2,3,Right,573,737,2.7321670000000005,165,89.83518981933594,rep_c4774628dd2fa04641,0.8541666666666666,PRIMARY_SELECTED,False,None
Causal + 15 pre / 15 post,session_03_both_mix2,4,Right,766,913,2.448956000000001,148,75.47466278076172,rep_15de4676677de916d0,0.91875,PRIMARY_SELECTED,False,None
Causal + 15 pre / 15 post,session_03_both_mix2,5,Right,947,1089,2.365667,143,74.93324279785156,rep_506fc27703682724ad,0.7473684210526316,PRIMARY_SELECTED,False,None
Causal + 15 pre / 15 post,session_03_both_mix2,6,Left,1113,1247,2.2323889999999977,135,93.77228546142578,rep_50437be04b9a9a36ed,0.8375,PRIMARY_SELECTED,False,None
Causal + 15 pre / 15 post,session_03_both_mix2,7,Left,1293,1400,1.7825670000000002,108,57.123085021972656,rep_a8f87271f827579bc4,0.6772151898734177,PRIMARY_SELECTED,False,None
Causal + 15 pre / 15 post,session_03_both_mix2,8,Left,1439,1560,2.0158109999999994,122,81.19831085205078,rep_3f57d674d3d25f06bc,0.8066666666666666,PRIMARY_SELECTED,False,None
Causal + 15 pre / 15 post,session_03_both_mix2,9,Right,1596,1728,2.1990549999999978,133,96.73080444335938,rep_2a80f26013fc49beb7,0.7857142857142857,PRIMARY_SELECTED,False,None
Causal + 15 pre / 15 post,session_03_both_mix2,10,Right,1755,1901,2.432289000000001,147,58.69640350341797,rep_830e9ff6471c2e6ac0,0.8881987577639752,PRIMARY_SELECTED,False,None
Causal + 15 pre / 15 post,session_03_both_mix2,11,Left,2088,2210,2.032454999999999,123,61.96531677246094,rep_2073ececf0915178cc,0.6853932584269663,PRIMARY_SELECTED,False,None
Causal + 15 pre / 15 post,session_03_both_mix2,12,Left,2236,2354,1.9658220000000028,119,72.85289764404297,rep_b99bfda2386efa860d,0.6341463414634146,PRIMARY_SELECTED,False,None
Causal + 15 pre / 15 post,session_04_limited_rom_incorrect,0,Left,615,754,2.315678,140,59.76293182373047,rep_1f4a610c3defe53722,0.8580246913580247,PRIMARY_SELECTED,False,None
Causal + 15 pre / 15 post,session_04_limited_rom_incorrect,1,Left,912,1051,2.315678,140,80.67832946777344,rep_52a2c5c414944694f1,0.9652777777777778,PRIMARY_SELECTED,False,None
Causal + 15 pre / 15 post,session_04_limited_rom_incorrect,2,Right,1056,1196,2.3323329999999984,141,34.60340881347656,rep_6d548704cfd01f491a,0.9333333333333333,PRIMARY_SELECTED,False,None
Causal + 15 pre / 15 post,session_04_limited_rom_incorrect,3,Left,1206,1330,2.0657780000000017,125,66.60513305664062,rep_ac1e97d62d5c2b56a0,0.8378378378378378,PRIMARY_SELECTED,False,None
Causal + 15 pre / 15 post,session_04_limited_rom_incorrect,4,Right,1354,1490,2.265711999999997,137,37.512237548828125,rep_29323d0780eb56b21d,0.9855072463768116,PRIMARY_SELECTED,False,None
Causal + 15 pre / 15 post,session_04_limited_rom_incorrect,5,Left,1492,1781,4.814610999999999,125,69.0964126586914,rep_59893c3e996fee9c34,0.3737024221453287,PRIMARY_SELECTED,False,None
Causal + 15 pre / 15 post,session_04_limited_rom_incorrect,6,Left,1782,1893,1.8492120000000014,112,67.94041442871094,rep_2b168be9071d57530d,0.8283582089552238,PRIMARY_SELECTED,False,None
Causal + 15 pre / 15 post,session_04_limited_rom_incorrect,7,Left,1894,2182,4.797955999999996,140,61.9073486328125,rep_6ccabad19ce4f7ab3f,0.43137254901960786,PRIMARY_SELECTED,False,None
Causal + 15 pre / 15 post,session_04_limited_rom_incorrect,8,Right,2200,2339,2.3156779999999983,140,37.554100036621094,rep_db11ea7c1113500c85,0.9266666666666666,PRIMARY_SELECTED,False,None
Causal + 15 pre / 15 post,session_05_both_correct2,0,Right,15,144,2.1490780000000003,130,75.51583099365234,rep_b62f14d196952f28be,0.7588235294117647,PRIMARY_SELECTED,False,None
Causal + 15 pre / 15 post,session_05_both_correct2,1,Left,180,314,2.2323889999999995,135,77.28710174560547,rep_ebf0037ac696966f6b,0.881578947368421,PRIMARY_SELECTED,False,None
Causal + 15 pre / 15 post,session_05_both_correct2,2,Left,352,471,1.9824890000000002,120,74.5298080444336,rep_3937e4fb3928cf8769,0.7083333333333334,PRIMARY_SELECTED,False,None
Causal + 15 pre / 15 post,session_05_both_correct2,3,Right,503,630,2.115755,128,94.73711395263672,rep_4145f06cb4db15ce3f,0.8819444444444444,PRIMARY_SELECTED,False,None
Causal + 15 pre / 15 post,session_05_both_correct2,4,Left,829,948,1.9824889999999993,120,73.52632904052734,rep_4791579acae25fe0bd,0.595,PRIMARY_SELECTED,False,None
Causal + 15 pre / 15 post,session_05_both_correct2,5,Right,982,1120,2.299022000000001,139,94.27120208740234,rep_ff72086c1823042be9,0.7666666666666667,PRIMARY_SELECTED,False,None
Causal + 15 pre / 15 post,session_05_both_correct2,6,Left,1186,1297,1.8492229999999985,112,79.88520812988281,rep_d348e469e89a781661,0.6607142857142857,PRIMARY_SELECTED,False,None
Causal + 15 pre / 15 post,session_05_both_correct2,7,Left,1335,1455,1.9991450000000022,121,71.82723999023438,rep_e8d9e0d9e521cb4474,0.7407407407407407,PRIMARY_SELECTED,False,None
Causal + 15 pre / 15 post,session_05_both_correct2,8,Right,1516,1625,1.8158889999999985,110,,rep_496c495105f1f840b1,0.7676056338028169,PRIMARY_SELECTED,False,None
Causal + 15 pre / 15 post,session_05_both_correct2,9,Right,1665,1786,2.0158109999999994,122,80.89803314208984,rep_fbee42bcc84ad72a70,0.8066666666666666,PRIMARY_SELECTED,False,None
Causal + 15 pre / 15 post,session_05_both_correct2,10,Right,1824,1942,1.9658230000000039,119,90.18077850341797,rep_27f29611af9d868d70,0.7195121951219512,PRIMARY_SELECTED,False,None
Causal + 15 pre / 15 post,session_06_heldout_mix,0,Right,2,85,2.766144,84,77.59097290039062,rep_0e7a579eafe33e64d5,0.9431818181818182,PRIMARY_SELECTED,False,None
Causal + 15 pre / 15 post,session_06_heldout_mix,1,Left,90,182,3.0660890000000003,93,84.6325912475586,rep_3bd189643926330002,0.9108910891089109,PRIMARY_SELECTED,False,None
Causal + 15 pre / 15 post,session_06_heldout_mix,2,Left,287,381,3.1327440000000006,95,78.41702270507812,rep_e586c2d87bca5883fe,0.9894736842105263,PRIMARY_SELECTED,False,None
Causal + 15 pre / 15 post,session_06_heldout_mix,3,Left,468,575,3.565999999999999,108,59.481536865234375,rep_44b1272fd8a9d6b943,0.9907407407407407,PRIMARY_SELECTED,False,None
Causal + 15 pre / 15 post,session_07_heldout_incorrect,0,Left,16,141,2.082444,126,76.98285675048828,rep_02baf361a41927f7e1,0.7911392405063291,PRIMARY_SELECTED,False,None
Causal + 15 pre / 15 post,session_07_heldout_incorrect,1,Right,609,664,0.9162780000000001,56,102.57917022705078,rep_826841f39e9298f126,0.3235294117647059,PRIMARY_SELECTED,False,None
Causal + 15 pre / 15 post,session_07_heldout_incorrect,2,Right,665,724,0.9829109999999996,60,98.43475341796875,rep_826841f39e9298f126,0.34705882352941175,PRIMARY_SELECTED,False,None
Causal + 15 pre / 15 post,session_07_heldout_incorrect,3,Right,787,844,0.9495890000000013,58,105.6263427734375,rep_cd3eab9efb5a4c93d3,0.32386363636363635,PRIMARY_SELECTED,False,None
Causal + 15 pre / 15 post,session_07_heldout_incorrect,4,Right,845,901,0.9329340000000013,57,98.6292724609375,rep_cd3eab9efb5a4c93d3,0.3181818181818182,PRIMARY_SELECTED,False,None
Causal + 15 pre / 15 post,session_07_heldout_incorrect,5,Right,979,1067,1.4660329999999995,89,87.3866195678711,rep_3138501c806e115527,0.55,PRIMARY_SELECTED,False,None
Causal + 15 pre / 15 post,session_07_heldout_incorrect,6,Right,1120,1178,0.9662560000000013,59,74.70454406738281,rep_9b8cb4166cbacaada7,0.29591836734693877,PRIMARY_SELECTED,False,None
Causal + 15 pre / 15 post,session_07_heldout_incorrect,7,Right,1179,1240,1.016223,62,90.59234619140625,rep_9b8cb4166cbacaada7,0.3112244897959184,PRIMARY_SELECTED,False,None
Causal + 15 pre / 15 post,session_07_heldout_incorrect,8,Left,1385,1522,2.2823670000000007,138,73.44066619873047,rep_fd1259ada4de072a01,0.9927536231884058,PRIMARY_SELECTED,False,None
Causal + 15 pre / 15 post,session_07_heldout_incorrect,9,Left,1523,1664,2.349,142,72.3551254272461,rep_dd74432211f9ffa5e1,0.9507042253521126,PRIMARY_SELECTED,False,None
Causal + 15 pre / 15 post,session_07_heldout_incorrect,10,Left,1665,1815,2.4989329999999974,151,80.0640869140625,rep_91609c5df4bead6c69,0.9490445859872612,PRIMARY_SELECTED,False,None
Causal + 15 pre / 15 post,session_07_heldout_incorrect,11,Left,1816,1957,2.349,142,80.53416442871094,rep_a37330b43adea50a3e,0.965034965034965,PRIMARY_SELECTED,False,None
