protocol,model,fold_index,group_held_out,n,accuracy,balanced_accuracy,macro_f1,correct_recall,incorrect_recall,confusion_matrix
5fold_source_grouped,FrozenPhase1SVM,0,0,38,0.7631578947368421,0.8043478260869565,0.7629937629937631,1.0,0.6086956521739131,"[[15, 0], [9, 14]]"
5fold_source_grouped,FrozenPhase1SVM,1,1,67,0.8955223880597015,0.9085714285714286,0.8920598388952818,0.8571428571428571,0.96,"[[36, 6], [1, 24]]"
5fold_source_grouped,FrozenPhase1SVM,2,2,61,0.9344262295081968,0.8823529411764706,0.9115942028985508,1.0,0.7647058823529411,"[[44, 0], [4, 13]]"
5fold_source_grouped,FrozenPhase1SVM,3,3,53,0.8490566037735849,0.6383720930232558,0.670807453416149,0.9767441860465116,0.3,"[[42, 1], [7, 3]]"
5fold_source_grouped,FrozenPhase1SVM,4,4,61,0.8688524590163934,0.8479020979020979,0.8547619047619048,0.9230769230769231,0.7727272727272727,"[[36, 3], [5, 17]]"
5fold_source_grouped,BalancedSVM,0,0,38,0.7894736842105263,0.8260869565217391,0.7894736842105263,1.0,0.6521739130434783,"[[15, 0], [8, 15]]"
5fold_source_grouped,BalancedSVM,1,1,67,0.8955223880597015,0.9166666666666667,0.8931419457735247,0.8333333333333334,1.0,"[[35, 7], [0, 25]]"
5fold_source_grouped,BalancedSVM,2,2,61,0.9508196721311475,0.9478609625668449,0.9399014778325123,0.9545454545454546,0.9411764705882353,"[[42, 2], [1, 16]]"
5fold_source_grouped,BalancedSVM,3,3,53,0.8679245283018868,0.7267441860465116,0.7547918043621944,0.9534883720930233,0.5,"[[41, 2], [5, 5]]"
5fold_source_grouped,BalancedSVM,4,4,61,0.8688524590163934,0.8578088578088578,0.8578088578088578,0.8974358974358975,0.8181818181818182,"[[35, 4], [4, 18]]"
5fold_session_grouped,FrozenPhase1SVM_SessionGrouped,0,person1,59,0.7627118644067796,0.8083333333333333,0.7593240093240092,0.6666666666666666,0.95,"[[26, 13], [1, 19]]"
5fold_session_grouped,FrozenPhase1SVM_SessionGrouped,1,person2,70,0.5857142857142857,0.6311188811188811,0.5856297203510921,0.45454545454545453,0.8076923076923077,"[[20, 24], [5, 21]]"
5fold_session_grouped,FrozenPhase1SVM_SessionGrouped,2,person3,52,0.9230769230769231,0.875,0.9022556390977443,1.0,0.75,"[[36, 0], [4, 12]]"
5fold_session_grouped,FrozenPhase1SVM_SessionGrouped,3,person4,60,0.9,0.8522727272727273,0.8666666666666667,0.9545454545454546,0.75,"[[42, 2], [4, 12]]"
5fold_session_grouped,FrozenPhase1SVM_SessionGrouped,4,person5,39,0.9487179487179487,0.95,0.9486842105263158,0.9,1.0,"[[18, 2], [0, 19]]"
5fold_session_grouped,BalancedSVM_SessionGrouped,0,person1,59,0.6779661016949152,0.7564102564102564,0.6779661016949152,0.5128205128205128,1.0,"[[20, 19], [0, 20]]"
5fold_session_grouped,BalancedSVM_SessionGrouped,1,person2,70,0.5714285714285714,0.6197552447552448,0.571078431372549,0.4318181818181818,0.8076923076923077,"[[19, 25], [5, 21]]"
5fold_session_grouped,BalancedSVM_SessionGrouped,2,person3,52,0.9230769230769231,0.875,0.9022556390977443,1.0,0.75,"[[36, 0], [4, 12]]"
5fold_session_grouped,BalancedSVM_SessionGrouped,3,person4,60,0.8833333333333333,0.8806818181818181,0.8588235294117648,0.8863636363636364,0.875,"[[39, 5], [2, 14]]"
5fold_session_grouped,BalancedSVM_SessionGrouped,4,person5,39,0.9230769230769231,0.925,0.922874093605801,0.85,1.0,"[[17, 3], [0, 19]]"
29fold_loso,FrozenPhase1SVM_LOSO,0,vid_03222b4845d8ef2c,10,0.3,,0.23076923076923078,,0.3,"[[0, 0], [7, 3]]"
29fold_loso,FrozenPhase1SVM_LOSO,1,vid_0c264aade3d23621,14,0.7857142857142857,,0.44,0.7857142857142857,,"[[11, 3], [0, 0]]"
29fold_loso,FrozenPhase1SVM_LOSO,2,vid_1334a563691c2170,12,0.75,,0.42857142857142855,0.75,,"[[9, 3], [0, 0]]"
29fold_loso,FrozenPhase1SVM_LOSO,3,vid_1ac0cd5b45de866a,13,0.7692307692307693,0.7738095238095238,0.7692307692307693,0.7142857142857143,0.8333333333333334,"[[5, 2], [1, 5]]"
29fold_loso,FrozenPhase1SVM_LOSO,4,vid_2f993d44fd54187e,7,0.5714285714285714,,0.36363636363636365,,0.5714285714285714,"[[0, 0], [3, 4]]"
29fold_loso,FrozenPhase1SVM_LOSO,5,vid_33cbe5f84565bf3d,13,0.7692307692307693,0.8636363636363636,0.706766917293233,1.0,0.7272727272727273,"[[2, 0], [3, 8]]"
29fold_loso,FrozenPhase1SVM_LOSO,6,vid_3e2129fa15608b04,10,1.0,,0.5,1.0,,"[[10, 0], [0, 0]]"
29fold_loso,FrozenPhase1SVM_LOSO,7,vid_4a4b044fd46cca10,7,1.0,,0.5,1.0,,"[[7, 0], [0, 0]]"
29fold_loso,FrozenPhase1SVM_LOSO,8,vid_4d1daeb09e2c1b0e,10,1.0,,0.5,1.0,,"[[10, 0], [0, 0]]"
29fold_loso,FrozenPhase1SVM_LOSO,9,vid_5ecd6a78f9f6d143,8,0.5,,0.3333333333333333,,0.5,"[[0, 0], [4, 4]]"
29fold_loso,FrozenPhase1SVM_LOSO,10,vid_6dbe8779159bce47,8,1.0,1.0,1.0,1.0,1.0,"[[2, 0], [0, 6]]"
29fold_loso,FrozenPhase1SVM_LOSO,11,vid_762b204cd565ac52,9,1.0,,0.5,1.0,,"[[9, 0], [0, 0]]"
29fold_loso,FrozenPhase1SVM_LOSO,12,vid_769bc27d1c4abfab,14,0.6428571428571429,0.6428571428571428,0.625668449197861,0.8571428571428571,0.42857142857142855,"[[6, 1], [4, 3]]"
29fold_loso,FrozenPhase1SVM_LOSO,13,vid_871bc1a5b112709b,10,1.0,,0.5,1.0,,"[[10, 0], [0, 0]]"
29fold_loso,FrozenPhase1SVM_LOSO,14,vid_8c19cbd3c181b15a,7,1.0,,0.5,1.0,,"[[7, 0], [0, 0]]"
29fold_loso,FrozenPhase1SVM_LOSO,15,vid_a098f327a26fe877,11,1.0,,0.5,1.0,,"[[11, 0], [0, 0]]"
29fold_loso,FrozenPhase1SVM_LOSO,16,vid_a7e0a74bb2cacc23,11,1.0,,0.5,,1.0,"[[0, 0], [0, 11]]"
29fold_loso,FrozenPhase1SVM_LOSO,17,vid_aa01d8740a74fd7d,8,0.5,,0.3333333333333333,,0.5,"[[0, 0], [4, 4]]"
29fold_loso,FrozenPhase1SVM_LOSO,18,vid_ac42199741c9c0c1,8,1.0,,0.5,,1.0,"[[0, 0], [0, 8]]"
29fold_loso,FrozenPhase1SVM_LOSO,19,vid_bbc5006a077ac6b1,10,0.9,,0.47368421052631576,0.9,,"[[9, 1], [0, 0]]"
29fold_loso,FrozenPhase1SVM_LOSO,20,vid_c63ebda7f39171bc,12,1.0,,0.5,1.0,,"[[12, 0], [0, 0]]"
29fold_loso,FrozenPhase1SVM_LOSO,21,vid_cccf82e3e7e7a94a,8,1.0,,0.5,1.0,,"[[8, 0], [0, 0]]"
29fold_loso,FrozenPhase1SVM_LOSO,22,vid_d19791ead4037b9a,5,1.0,,0.5,,1.0,"[[0, 0], [0, 5]]"
29fold_loso,FrozenPhase1SVM_LOSO,23,vid_d5dd3c73ecfdd074,12,1.0,,0.5,1.0,,"[[12, 0], [0, 0]]"
29fold_loso,FrozenPhase1SVM_LOSO,24,vid_dd4079cefb8f35d3,10,1.0,,0.5,1.0,,"[[10, 0], [0, 0]]"
29fold_loso,FrozenPhase1SVM_LOSO,25,vid_e2fbdd20b335321f,8,0.875,0.875,0.873015873015873,1.0,0.75,"[[4, 0], [1, 3]]"
29fold_loso,FrozenPhase1SVM_LOSO,26,vid_e61ec8fb945f06ad,6,0.5,,0.3333333333333333,,0.5,"[[0, 0], [3, 3]]"
29fold_loso,FrozenPhase1SVM_LOSO,27,vid_fd3e2ae78827f629,6,0.8333333333333334,,0.45454545454545453,0.8333333333333334,,"[[5, 1], [0, 0]]"
29fold_loso,FrozenPhase1SVM_LOSO,28,vid_ffec5a0821a6c480,13,0.8461538461538461,,0.4583333333333333,0.8461538461538461,,"[[11, 2], [0, 0]]"
29fold_loso,BalancedSVM_LOSO,0,vid_03222b4845d8ef2c,10,0.4,,0.2857142857142857,,0.4,"[[0, 0], [6, 4]]"
29fold_loso,BalancedSVM_LOSO,1,vid_0c264aade3d23621,14,0.7857142857142857,,0.44,0.7857142857142857,,"[[11, 3], [0, 0]]"
29fold_loso,BalancedSVM_LOSO,2,vid_1334a563691c2170,12,0.6666666666666666,,0.4,0.6666666666666666,,"[[8, 4], [0, 0]]"
29fold_loso,BalancedSVM_LOSO,3,vid_1ac0cd5b45de866a,13,0.8461538461538461,0.8571428571428572,0.8452380952380952,0.7142857142857143,1.0,"[[5, 2], [0, 6]]"
29fold_loso,BalancedSVM_LOSO,4,vid_2f993d44fd54187e,7,0.5714285714285714,,0.36363636363636365,,0.5714285714285714,"[[0, 0], [3, 4]]"
29fold_loso,BalancedSVM_LOSO,5,vid_33cbe5f84565bf3d,13,0.9230769230769231,0.9545454545454546,0.8761904761904762,1.0,0.9090909090909091,"[[2, 0], [1, 10]]"
29fold_loso,BalancedSVM_LOSO,6,vid_3e2129fa15608b04,10,1.0,,0.5,1.0,,"[[10, 0], [0, 0]]"
29fold_loso,BalancedSVM_LOSO,7,vid_4a4b044fd46cca10,7,1.0,,0.5,1.0,,"[[7, 0], [0, 0]]"
29fold_loso,BalancedSVM_LOSO,8,vid_4d1daeb09e2c1b0e,10,1.0,,0.5,1.0,,"[[10, 0], [0, 0]]"
29fold_loso,BalancedSVM_LOSO,9,vid_5ecd6a78f9f6d143,8,0.875,,0.4666666666666667,,0.875,"[[0, 0], [1, 7]]"
29fold_loso,BalancedSVM_LOSO,10,vid_6dbe8779159bce47,8,1.0,1.0,1.0,1.0,1.0,"[[2, 0], [0, 6]]"
29fold_loso,BalancedSVM_LOSO,11,vid_762b204cd565ac52,9,1.0,,0.5,1.0,,"[[9, 0], [0, 0]]"
29fold_loso,BalancedSVM_LOSO,12,vid_769bc27d1c4abfab,14,0.7857142857142857,0.7857142857142857,0.7846153846153847,0.8571428571428571,0.7142857142857143,"[[6, 1], [2, 5]]"
29fold_loso,BalancedSVM_LOSO,13,vid_871bc1a5b112709b,10,0.9,,0.47368421052631576,0.9,,"[[9, 1], [0, 0]]"
29fold_loso,BalancedSVM_LOSO,14,vid_8c19cbd3c181b15a,7,1.0,,0.5,1.0,,"[[7, 0], [0, 0]]"
29fold_loso,BalancedSVM_LOSO,15,vid_a098f327a26fe877,11,1.0,,0.5,1.0,,"[[11, 0], [0, 0]]"
29fold_loso,BalancedSVM_LOSO,16,vid_a7e0a74bb2cacc23,11,1.0,,0.5,,1.0,"[[0, 0], [0, 11]]"
29fold_loso,BalancedSVM_LOSO,17,vid_aa01d8740a74fd7d,8,0.5,,0.3333333333333333,,0.5,"[[0, 0], [4, 4]]"
29fold_loso,BalancedSVM_LOSO,18,vid_ac42199741c9c0c1,8,1.0,,0.5,,1.0,"[[0, 0], [0, 8]]"
29fold_loso,BalancedSVM_LOSO,19,vid_bbc5006a077ac6b1,10,0.9,,0.47368421052631576,0.9,,"[[9, 1], [0, 0]]"
29fold_loso,BalancedSVM_LOSO,20,vid_c63ebda7f39171bc,12,1.0,,0.5,1.0,,"[[12, 0], [0, 0]]"
29fold_loso,BalancedSVM_LOSO,21,vid_cccf82e3e7e7a94a,8,0.75,,0.42857142857142855,0.75,,"[[6, 2], [0, 0]]"
29fold_loso,BalancedSVM_LOSO,22,vid_d19791ead4037b9a,5,1.0,,0.5,,1.0,"[[0, 0], [0, 5]]"
29fold_loso,BalancedSVM_LOSO,23,vid_d5dd3c73ecfdd074,12,1.0,,0.5,1.0,,"[[12, 0], [0, 0]]"
29fold_loso,BalancedSVM_LOSO,24,vid_dd4079cefb8f35d3,10,1.0,,0.5,1.0,,"[[10, 0], [0, 0]]"
29fold_loso,BalancedSVM_LOSO,25,vid_e2fbdd20b335321f,8,0.875,0.875,0.873015873015873,1.0,0.75,"[[4, 0], [1, 3]]"
29fold_loso,BalancedSVM_LOSO,26,vid_e61ec8fb945f06ad,6,0.5,,0.3333333333333333,,0.5,"[[0, 0], [3, 3]]"
29fold_loso,BalancedSVM_LOSO,27,vid_fd3e2ae78827f629,6,0.6666666666666666,,0.4,0.6666666666666666,,"[[4, 2], [0, 0]]"
29fold_loso,BalancedSVM_LOSO,28,vid_ffec5a0821a6c480,13,0.8461538461538461,,0.4583333333333333,0.8461538461538461,,"[[11, 2], [0, 0]]"
