protocol,model,video_id,source_sha256,subject_id,n,accuracy,balanced_accuracy,macro_f1,correct_recall,incorrect_recall,confusion_matrix
5fold_source_grouped,FrozenPhase1SVM,vid_03222b4845d8ef2c,03222b4845d8ef2c3f4e08e3875534163998d9d4d2f61daa16335188ceda6f89,person4,10,0.3,,0.23076923076923078,,0.3,"[[0, 0], [7, 3]]"
5fold_source_grouped,FrozenPhase1SVM,vid_0c264aade3d23621,0c264aade3d2362157e8484603caa05154f40187f222e5540272f8f0b1764d2f,person1,14,0.9285714285714286,,0.48148148148148145,0.9285714285714286,,"[[13, 1], [0, 0]]"
5fold_source_grouped,FrozenPhase1SVM,vid_1334a563691c2170,1334a563691c21703bad8f2fc71670dcb1bbeea7f93665d5d873d7dbb80349d1,person2,12,0.75,,0.42857142857142855,0.75,,"[[9, 3], [0, 0]]"
5fold_source_grouped,FrozenPhase1SVM,vid_1ac0cd5b45de866a,1ac0cd5b45de866afbfed040696fb5a7ad4876db46a9d228d145e08d8eb87b2d,person1,13,0.8461538461538461,0.8571428571428572,0.8452380952380952,0.7142857142857143,1.0,"[[5, 2], [0, 6]]"
5fold_source_grouped,FrozenPhase1SVM,vid_2f993d44fd54187e,2f993d44fd54187e29f371cb06d363b77ffa82c336c63e5bdf4afaed4141a97a,person3,7,0.7142857142857143,,0.4166666666666667,,0.7142857142857143,"[[0, 0], [2, 5]]"
5fold_source_grouped,FrozenPhase1SVM,vid_33cbe5f84565bf3d,33cbe5f84565bf3d8bb4e0c445c46cf78abfc5486aa4d22d79bb160b519c4969,person2,13,0.7692307692307693,0.8636363636363636,0.706766917293233,1.0,0.7272727272727273,"[[2, 0], [3, 8]]"
5fold_source_grouped,FrozenPhase1SVM,vid_3e2129fa15608b04,3e2129fa15608b04610513ebfa1a6857a68032b8fe7b2d5eb4a064fd3f4ebcf1,person3,10,1.0,,0.5,1.0,,"[[10, 0], [0, 0]]"
5fold_source_grouped,FrozenPhase1SVM,vid_4a4b044fd46cca10,4a4b044fd46cca1000f792aa35bef133cdfd810f8dc903addb3b724ec7c216e3,person5,7,1.0,,0.5,1.0,,"[[7, 0], [0, 0]]"
5fold_source_grouped,FrozenPhase1SVM,vid_4d1daeb09e2c1b0e,4d1daeb09e2c1b0e8d3930e205897ae84d6a3ce8235a0f45b0b791a77cf200c3,person4,10,1.0,,0.5,1.0,,"[[10, 0], [0, 0]]"
5fold_source_grouped,FrozenPhase1SVM,vid_5ecd6a78f9f6d143,5ecd6a78f9f6d143ddf980bf4c33c734eff0879442f9a19a8749de04f5f9018d,person1,8,0.875,,0.4666666666666667,,0.875,"[[0, 0], [1, 7]]"
5fold_source_grouped,FrozenPhase1SVM,vid_6dbe8779159bce47,6dbe8779159bce47abbba2f683d04520514a6f18d7ce789ee88a57ab64cc4b5b,person4,8,0.875,0.9166666666666667,0.8545454545454545,1.0,0.8333333333333334,"[[2, 0], [1, 5]]"
5fold_source_grouped,FrozenPhase1SVM,vid_762b204cd565ac52,762b204cd565ac52dfc6deaac7575e22d59eb82b30d82af9880cc5067213a65e,person4,9,1.0,,0.5,1.0,,"[[9, 0], [0, 0]]"
5fold_source_grouped,FrozenPhase1SVM,vid_769bc27d1c4abfab,769bc27d1c4abfab17064a24193171b531343a6f96e448af24ab306e6eaa56bd,person2,14,0.7142857142857143,0.7142857142857142,0.7083333333333333,0.8571428571428571,0.5714285714285714,"[[6, 1], [3, 4]]"
5fold_source_grouped,FrozenPhase1SVM,vid_871bc1a5b112709b,871bc1a5b112709b54bcc14e881b0f944c0e580f2f3b3db8767ecd6da43b1d5b,person1,10,1.0,,0.5,1.0,,"[[10, 0], [0, 0]]"
5fold_source_grouped,FrozenPhase1SVM,vid_8c19cbd3c181b15a,8c19cbd3c181b15a570e9ee6a8a3ea6e41697c1947c4fede3395219d1cb4954e,person5,7,1.0,,0.5,1.0,,"[[7, 0], [0, 0]]"
5fold_source_grouped,FrozenPhase1SVM,vid_a098f327a26fe877,a098f327a26fe8774c684ebae4a490737007ec44cf4386fa077d0dc67d26da8b,person4,11,1.0,,0.5,1.0,,"[[11, 0], [0, 0]]"
5fold_source_grouped,FrozenPhase1SVM,vid_a7e0a74bb2cacc23,a7e0a74bb2cacc238320858de25d30ce6495e8cd04b46aea3b3d024289aca5db,person5,11,1.0,,0.5,,1.0,"[[0, 0], [0, 11]]"
5fold_source_grouped,FrozenPhase1SVM,vid_aa01d8740a74fd7d,aa01d8740a74fd7d726fb4246dcbce6ec50b9247f5a92306756e3493cccc1abc,person2,8,0.375,,0.2727272727272727,,0.375,"[[0, 0], [5, 3]]"
5fold_source_grouped,FrozenPhase1SVM,vid_ac42199741c9c0c1,ac42199741c9c0c13105fcb9fddaa253e6440d9eb036a6fdc179c8b8090134ba,person5,8,1.0,,0.5,,1.0,"[[0, 0], [0, 8]]"
5fold_source_grouped,FrozenPhase1SVM,vid_bbc5006a077ac6b1,bbc5006a077ac6b1ae0a4687a5948efb8fc2626ea44d5f6a3498211d6038a9be,person2,10,1.0,,0.5,1.0,,"[[10, 0], [0, 0]]"
5fold_source_grouped,FrozenPhase1SVM,vid_c63ebda7f39171bc,c63ebda7f39171bc5a2e686eb158743667393b6c138ec80830dc8b643869caf5,person4,12,1.0,,0.5,1.0,,"[[12, 0], [0, 0]]"
5fold_source_grouped,FrozenPhase1SVM,vid_cccf82e3e7e7a94a,cccf82e3e7e7a94a53ac45e56881ae02d72c3a271212fd4f19e88e0626012211,person1,8,1.0,,0.5,1.0,,"[[8, 0], [0, 0]]"
5fold_source_grouped,FrozenPhase1SVM,vid_d19791ead4037b9a,d19791ead4037b9addbb1cab23e26addc64e7a9a6d8d7ee378000e63a3890d1b,person3,5,1.0,,0.5,,1.0,"[[0, 0], [0, 5]]"
5fold_source_grouped,FrozenPhase1SVM,vid_d5dd3c73ecfdd074,d5dd3c73ecfdd074e9209c7a26abee875b7b134b366aea3d36923562310edd07,person3,12,1.0,,0.5,1.0,,"[[12, 0], [0, 0]]"
5fold_source_grouped,FrozenPhase1SVM,vid_dd4079cefb8f35d3,dd4079cefb8f35d359dd29c83372b1c6d83c3d4d3899675e2f40a02a9af5ca45,person3,10,1.0,,0.5,1.0,,"[[10, 0], [0, 0]]"
5fold_source_grouped,FrozenPhase1SVM,vid_e2fbdd20b335321f,e2fbdd20b335321fb0ad7d976851d8f2edd53434be2f118544c1084dce97e339,person3,8,0.875,0.875,0.873015873015873,1.0,0.75,"[[4, 0], [1, 3]]"
5fold_source_grouped,FrozenPhase1SVM,vid_e61ec8fb945f06ad,e61ec8fb945f06ad3ef037f07f62253ccfe72e9b2c78303874976ee3e879c5d0,person1,6,0.5,,0.3333333333333333,,0.5,"[[0, 0], [3, 3]]"
5fold_source_grouped,FrozenPhase1SVM,vid_fd3e2ae78827f629,fd3e2ae78827f6293b40641acd30e299663ba0b53240de5b6740936f2861e952,person5,6,0.8333333333333334,,0.45454545454545453,0.8333333333333334,,"[[5, 1], [0, 0]]"
5fold_source_grouped,FrozenPhase1SVM,vid_ffec5a0821a6c480,ffec5a0821a6c480242291313be77238c6457f817bfaf26e097ac25f311be36b,person2,13,0.8461538461538461,,0.4583333333333333,0.8461538461538461,,"[[11, 2], [0, 0]]"
5fold_source_grouped,BalancedSVM,vid_03222b4845d8ef2c,03222b4845d8ef2c3f4e08e3875534163998d9d4d2f61daa16335188ceda6f89,person4,10,0.5,,0.3333333333333333,,0.5,"[[0, 0], [5, 5]]"
5fold_source_grouped,BalancedSVM,vid_0c264aade3d23621,0c264aade3d2362157e8484603caa05154f40187f222e5540272f8f0b1764d2f,person1,14,0.9285714285714286,,0.48148148148148145,0.9285714285714286,,"[[13, 1], [0, 0]]"
5fold_source_grouped,BalancedSVM,vid_1334a563691c2170,1334a563691c21703bad8f2fc71670dcb1bbeea7f93665d5d873d7dbb80349d1,person2,12,0.6666666666666666,,0.4,0.6666666666666666,,"[[8, 4], [0, 0]]"
5fold_source_grouped,BalancedSVM,vid_1ac0cd5b45de866a,1ac0cd5b45de866afbfed040696fb5a7ad4876db46a9d228d145e08d8eb87b2d,person1,13,0.8461538461538461,0.8571428571428572,0.8452380952380952,0.7142857142857143,1.0,"[[5, 2], [0, 6]]"
5fold_source_grouped,BalancedSVM,vid_2f993d44fd54187e,2f993d44fd54187e29f371cb06d363b77ffa82c336c63e5bdf4afaed4141a97a,person3,7,0.7142857142857143,,0.4166666666666667,,0.7142857142857143,"[[0, 0], [2, 5]]"
5fold_source_grouped,BalancedSVM,vid_33cbe5f84565bf3d,33cbe5f84565bf3d8bb4e0c445c46cf78abfc5486aa4d22d79bb160b519c4969,person2,13,0.9230769230769231,0.9545454545454546,0.8761904761904762,1.0,0.9090909090909091,"[[2, 0], [1, 10]]"
5fold_source_grouped,BalancedSVM,vid_3e2129fa15608b04,3e2129fa15608b04610513ebfa1a6857a68032b8fe7b2d5eb4a064fd3f4ebcf1,person3,10,1.0,,0.5,1.0,,"[[10, 0], [0, 0]]"
5fold_source_grouped,BalancedSVM,vid_4a4b044fd46cca10,4a4b044fd46cca1000f792aa35bef133cdfd810f8dc903addb3b724ec7c216e3,person5,7,1.0,,0.5,1.0,,"[[7, 0], [0, 0]]"
5fold_source_grouped,BalancedSVM,vid_4d1daeb09e2c1b0e,4d1daeb09e2c1b0e8d3930e205897ae84d6a3ce8235a0f45b0b791a77cf200c3,person4,10,1.0,,0.5,1.0,,"[[10, 0], [0, 0]]"
5fold_source_grouped,BalancedSVM,vid_5ecd6a78f9f6d143,5ecd6a78f9f6d143ddf980bf4c33c734eff0879442f9a19a8749de04f5f9018d,person1,8,1.0,,0.5,,1.0,"[[0, 0], [0, 8]]"
5fold_source_grouped,BalancedSVM,vid_6dbe8779159bce47,6dbe8779159bce47abbba2f683d04520514a6f18d7ce789ee88a57ab64cc4b5b,person4,8,1.0,1.0,1.0,1.0,1.0,"[[2, 0], [0, 6]]"
5fold_source_grouped,BalancedSVM,vid_762b204cd565ac52,762b204cd565ac52dfc6deaac7575e22d59eb82b30d82af9880cc5067213a65e,person4,9,1.0,,0.5,1.0,,"[[9, 0], [0, 0]]"
5fold_source_grouped,BalancedSVM,vid_769bc27d1c4abfab,769bc27d1c4abfab17064a24193171b531343a6f96e448af24ab306e6eaa56bd,person2,14,0.7142857142857143,0.7142857142857143,0.7142857142857143,0.7142857142857143,0.7142857142857143,"[[5, 2], [2, 5]]"
5fold_source_grouped,BalancedSVM,vid_871bc1a5b112709b,871bc1a5b112709b54bcc14e881b0f944c0e580f2f3b3db8767ecd6da43b1d5b,person1,10,1.0,,0.5,1.0,,"[[10, 0], [0, 0]]"
5fold_source_grouped,BalancedSVM,vid_8c19cbd3c181b15a,8c19cbd3c181b15a570e9ee6a8a3ea6e41697c1947c4fede3395219d1cb4954e,person5,7,1.0,,0.5,1.0,,"[[7, 0], [0, 0]]"
5fold_source_grouped,BalancedSVM,vid_a098f327a26fe877,a098f327a26fe8774c684ebae4a490737007ec44cf4386fa077d0dc67d26da8b,person4,11,1.0,,0.5,1.0,,"[[11, 0], [0, 0]]"
5fold_source_grouped,BalancedSVM,vid_a7e0a74bb2cacc23,a7e0a74bb2cacc238320858de25d30ce6495e8cd04b46aea3b3d024289aca5db,person5,11,1.0,,0.5,,1.0,"[[0, 0], [0, 11]]"
5fold_source_grouped,BalancedSVM,vid_aa01d8740a74fd7d,aa01d8740a74fd7d726fb4246dcbce6ec50b9247f5a92306756e3493cccc1abc,person2,8,0.5,,0.3333333333333333,,0.5,"[[0, 0], [4, 4]]"
5fold_source_grouped,BalancedSVM,vid_ac42199741c9c0c1,ac42199741c9c0c13105fcb9fddaa253e6440d9eb036a6fdc179c8b8090134ba,person5,8,1.0,,0.5,,1.0,"[[0, 0], [0, 8]]"
5fold_source_grouped,BalancedSVM,vid_bbc5006a077ac6b1,bbc5006a077ac6b1ae0a4687a5948efb8fc2626ea44d5f6a3498211d6038a9be,person2,10,0.9,,0.47368421052631576,0.9,,"[[9, 1], [0, 0]]"
5fold_source_grouped,BalancedSVM,vid_c63ebda7f39171bc,c63ebda7f39171bc5a2e686eb158743667393b6c138ec80830dc8b643869caf5,person4,12,1.0,,0.5,1.0,,"[[12, 0], [0, 0]]"
5fold_source_grouped,BalancedSVM,vid_cccf82e3e7e7a94a,cccf82e3e7e7a94a53ac45e56881ae02d72c3a271212fd4f19e88e0626012211,person1,8,0.875,,0.4666666666666667,0.875,,"[[7, 1], [0, 0]]"
5fold_source_grouped,BalancedSVM,vid_d19791ead4037b9a,d19791ead4037b9addbb1cab23e26addc64e7a9a6d8d7ee378000e63a3890d1b,person3,5,1.0,,0.5,,1.0,"[[0, 0], [0, 5]]"
5fold_source_grouped,BalancedSVM,vid_d5dd3c73ecfdd074,d5dd3c73ecfdd074e9209c7a26abee875b7b134b366aea3d36923562310edd07,person3,12,1.0,,0.5,1.0,,"[[12, 0], [0, 0]]"
5fold_source_grouped,BalancedSVM,vid_dd4079cefb8f35d3,dd4079cefb8f35d359dd29c83372b1c6d83c3d4d3899675e2f40a02a9af5ca45,person3,10,1.0,,0.5,1.0,,"[[10, 0], [0, 0]]"
5fold_source_grouped,BalancedSVM,vid_e2fbdd20b335321f,e2fbdd20b335321fb0ad7d976851d8f2edd53434be2f118544c1084dce97e339,person3,8,0.875,0.875,0.873015873015873,1.0,0.75,"[[4, 0], [1, 3]]"
5fold_source_grouped,BalancedSVM,vid_e61ec8fb945f06ad,e61ec8fb945f06ad3ef037f07f62253ccfe72e9b2c78303874976ee3e879c5d0,person1,6,0.5,,0.3333333333333333,,0.5,"[[0, 0], [3, 3]]"
5fold_source_grouped,BalancedSVM,vid_fd3e2ae78827f629,fd3e2ae78827f6293b40641acd30e299663ba0b53240de5b6740936f2861e952,person5,6,0.6666666666666666,,0.4,0.6666666666666666,,"[[4, 2], [0, 0]]"
5fold_source_grouped,BalancedSVM,vid_ffec5a0821a6c480,ffec5a0821a6c480242291313be77238c6457f817bfaf26e097ac25f311be36b,person2,13,0.8461538461538461,,0.4583333333333333,0.8461538461538461,,"[[11, 2], [0, 0]]"
5fold_session_grouped,FrozenPhase1SVM_SessionGrouped,vid_03222b4845d8ef2c,03222b4845d8ef2c3f4e08e3875534163998d9d4d2f61daa16335188ceda6f89,person4,10,0.7,,0.4117647058823529,,0.7,"[[0, 0], [3, 7]]"
5fold_session_grouped,FrozenPhase1SVM_SessionGrouped,vid_0c264aade3d23621,0c264aade3d2362157e8484603caa05154f40187f222e5540272f8f0b1764d2f,person1,14,0.6428571428571429,,0.391304347826087,0.6428571428571429,,"[[9, 5], [0, 0]]"
5fold_session_grouped,FrozenPhase1SVM_SessionGrouped,vid_1334a563691c2170,1334a563691c21703bad8f2fc71670dcb1bbeea7f93665d5d873d7dbb80349d1,person2,12,0.25,,0.2,0.25,,"[[3, 9], [0, 0]]"
5fold_session_grouped,FrozenPhase1SVM_SessionGrouped,vid_1ac0cd5b45de866a,1ac0cd5b45de866afbfed040696fb5a7ad4876db46a9d228d145e08d8eb87b2d,person1,13,0.8461538461538461,0.8571428571428572,0.8452380952380952,0.7142857142857143,1.0,"[[5, 2], [0, 6]]"
5fold_session_grouped,FrozenPhase1SVM_SessionGrouped,vid_2f993d44fd54187e,2f993d44fd54187e29f371cb06d363b77ffa82c336c63e5bdf4afaed4141a97a,person3,7,0.5714285714285714,,0.36363636363636365,,0.5714285714285714,"[[0, 0], [3, 4]]"
5fold_session_grouped,FrozenPhase1SVM_SessionGrouped,vid_33cbe5f84565bf3d,33cbe5f84565bf3d8bb4e0c445c46cf78abfc5486aa4d22d79bb160b519c4969,person2,13,0.6923076923076923,0.6136363636363636,0.5666666666666667,0.5,0.7272727272727273,"[[1, 1], [3, 8]]"
5fold_session_grouped,FrozenPhase1SVM_SessionGrouped,vid_3e2129fa15608b04,3e2129fa15608b04610513ebfa1a6857a68032b8fe7b2d5eb4a064fd3f4ebcf1,person3,10,1.0,,0.5,1.0,,"[[10, 0], [0, 0]]"
5fold_session_grouped,FrozenPhase1SVM_SessionGrouped,vid_4a4b044fd46cca10,4a4b044fd46cca1000f792aa35bef133cdfd810f8dc903addb3b724ec7c216e3,person5,7,1.0,,0.5,1.0,,"[[7, 0], [0, 0]]"
5fold_session_grouped,FrozenPhase1SVM_SessionGrouped,vid_4d1daeb09e2c1b0e,4d1daeb09e2c1b0e8d3930e205897ae84d6a3ce8235a0f45b0b791a77cf200c3,person4,10,0.9,,0.47368421052631576,0.9,,"[[9, 1], [0, 0]]"
5fold_session_grouped,FrozenPhase1SVM_SessionGrouped,vid_5ecd6a78f9f6d143,5ecd6a78f9f6d143ddf980bf4c33c734eff0879442f9a19a8749de04f5f9018d,person1,8,0.875,,0.4666666666666667,,0.875,"[[0, 0], [1, 7]]"
5fold_session_grouped,FrozenPhase1SVM_SessionGrouped,vid_6dbe8779159bce47,6dbe8779159bce47abbba2f683d04520514a6f18d7ce789ee88a57ab64cc4b5b,person4,8,0.875,0.9166666666666667,0.8545454545454545,1.0,0.8333333333333334,"[[2, 0], [1, 5]]"
5fold_session_grouped,FrozenPhase1SVM_SessionGrouped,vid_762b204cd565ac52,762b204cd565ac52dfc6deaac7575e22d59eb82b30d82af9880cc5067213a65e,person4,9,0.8888888888888888,,0.47058823529411764,0.8888888888888888,,"[[8, 1], [0, 0]]"
5fold_session_grouped,FrozenPhase1SVM_SessionGrouped,vid_769bc27d1c4abfab,769bc27d1c4abfab17064a24193171b531343a6f96e448af24ab306e6eaa56bd,person2,14,0.6428571428571429,0.6428571428571428,0.5906432748538011,0.2857142857142857,1.0,"[[2, 5], [0, 7]]"
5fold_session_grouped,FrozenPhase1SVM_SessionGrouped,vid_871bc1a5b112709b,871bc1a5b112709b54bcc14e881b0f944c0e580f2f3b3db8767ecd6da43b1d5b,person1,10,0.9,,0.47368421052631576,0.9,,"[[9, 1], [0, 0]]"
5fold_session_grouped,FrozenPhase1SVM_SessionGrouped,vid_8c19cbd3c181b15a,8c19cbd3c181b15a570e9ee6a8a3ea6e41697c1947c4fede3395219d1cb4954e,person5,7,1.0,,0.5,1.0,,"[[7, 0], [0, 0]]"
5fold_session_grouped,FrozenPhase1SVM_SessionGrouped,vid_a098f327a26fe877,a098f327a26fe8774c684ebae4a490737007ec44cf4386fa077d0dc67d26da8b,person4,11,1.0,,0.5,1.0,,"[[11, 0], [0, 0]]"
5fold_session_grouped,FrozenPhase1SVM_SessionGrouped,vid_a7e0a74bb2cacc23,a7e0a74bb2cacc238320858de25d30ce6495e8cd04b46aea3b3d024289aca5db,person5,11,1.0,,0.5,,1.0,"[[0, 0], [0, 11]]"
5fold_session_grouped,FrozenPhase1SVM_SessionGrouped,vid_aa01d8740a74fd7d,aa01d8740a74fd7d726fb4246dcbce6ec50b9247f5a92306756e3493cccc1abc,person2,8,0.75,,0.42857142857142855,,0.75,"[[0, 0], [2, 6]]"
5fold_session_grouped,FrozenPhase1SVM_SessionGrouped,vid_ac42199741c9c0c1,ac42199741c9c0c13105fcb9fddaa253e6440d9eb036a6fdc179c8b8090134ba,person5,8,1.0,,0.5,,1.0,"[[0, 0], [0, 8]]"
5fold_session_grouped,FrozenPhase1SVM_SessionGrouped,vid_bbc5006a077ac6b1,bbc5006a077ac6b1ae0a4687a5948efb8fc2626ea44d5f6a3498211d6038a9be,person2,10,0.5,,0.3333333333333333,0.5,,"[[5, 5], [0, 0]]"
5fold_session_grouped,FrozenPhase1SVM_SessionGrouped,vid_c63ebda7f39171bc,c63ebda7f39171bc5a2e686eb158743667393b6c138ec80830dc8b643869caf5,person4,12,1.0,,0.5,1.0,,"[[12, 0], [0, 0]]"
5fold_session_grouped,FrozenPhase1SVM_SessionGrouped,vid_cccf82e3e7e7a94a,cccf82e3e7e7a94a53ac45e56881ae02d72c3a271212fd4f19e88e0626012211,person1,8,0.375,,0.2727272727272727,0.375,,"[[3, 5], [0, 0]]"
5fold_session_grouped,FrozenPhase1SVM_SessionGrouped,vid_d19791ead4037b9a,d19791ead4037b9addbb1cab23e26addc64e7a9a6d8d7ee378000e63a3890d1b,person3,5,1.0,,0.5,,1.0,"[[0, 0], [0, 5]]"
5fold_session_grouped,FrozenPhase1SVM_SessionGrouped,vid_d5dd3c73ecfdd074,d5dd3c73ecfdd074e9209c7a26abee875b7b134b366aea3d36923562310edd07,person3,12,1.0,,0.5,1.0,,"[[12, 0], [0, 0]]"
5fold_session_grouped,FrozenPhase1SVM_SessionGrouped,vid_dd4079cefb8f35d3,dd4079cefb8f35d359dd29c83372b1c6d83c3d4d3899675e2f40a02a9af5ca45,person3,10,1.0,,0.5,1.0,,"[[10, 0], [0, 0]]"
5fold_session_grouped,FrozenPhase1SVM_SessionGrouped,vid_e2fbdd20b335321f,e2fbdd20b335321fb0ad7d976851d8f2edd53434be2f118544c1084dce97e339,person3,8,0.875,0.875,0.873015873015873,1.0,0.75,"[[4, 0], [1, 3]]"
5fold_session_grouped,FrozenPhase1SVM_SessionGrouped,vid_e61ec8fb945f06ad,e61ec8fb945f06ad3ef037f07f62253ccfe72e9b2c78303874976ee3e879c5d0,person1,6,1.0,,0.5,,1.0,"[[0, 0], [0, 6]]"
5fold_session_grouped,FrozenPhase1SVM_SessionGrouped,vid_fd3e2ae78827f629,fd3e2ae78827f6293b40641acd30e299663ba0b53240de5b6740936f2861e952,person5,6,0.6666666666666666,,0.4,0.6666666666666666,,"[[4, 2], [0, 0]]"
5fold_session_grouped,FrozenPhase1SVM_SessionGrouped,vid_ffec5a0821a6c480,ffec5a0821a6c480242291313be77238c6457f817bfaf26e097ac25f311be36b,person2,13,0.6923076923076923,,0.4090909090909091,0.6923076923076923,,"[[9, 4], [0, 0]]"
5fold_session_grouped,BalancedSVM_SessionGrouped,vid_03222b4845d8ef2c,03222b4845d8ef2c3f4e08e3875534163998d9d4d2f61daa16335188ceda6f89,person4,10,0.8,,0.4444444444444444,,0.8,"[[0, 0], [2, 8]]"
5fold_session_grouped,BalancedSVM_SessionGrouped,vid_0c264aade3d23621,0c264aade3d2362157e8484603caa05154f40187f222e5540272f8f0b1764d2f,person1,14,0.5,,0.3333333333333333,0.5,,"[[7, 7], [0, 0]]"
5fold_session_grouped,BalancedSVM_SessionGrouped,vid_1334a563691c2170,1334a563691c21703bad8f2fc71670dcb1bbeea7f93665d5d873d7dbb80349d1,person2,12,0.16666666666666666,,0.14285714285714285,0.16666666666666666,,"[[2, 10], [0, 0]]"
5fold_session_grouped,BalancedSVM_SessionGrouped,vid_1ac0cd5b45de866a,1ac0cd5b45de866afbfed040696fb5a7ad4876db46a9d228d145e08d8eb87b2d,person1,13,0.7692307692307693,0.7857142857142857,0.7636363636363637,0.5714285714285714,1.0,"[[4, 3], [0, 6]]"
5fold_session_grouped,BalancedSVM_SessionGrouped,vid_2f993d44fd54187e,2f993d44fd54187e29f371cb06d363b77ffa82c336c63e5bdf4afaed4141a97a,person3,7,0.5714285714285714,,0.36363636363636365,,0.5714285714285714,"[[0, 0], [3, 4]]"
5fold_session_grouped,BalancedSVM_SessionGrouped,vid_33cbe5f84565bf3d,33cbe5f84565bf3d8bb4e0c445c46cf78abfc5486aa4d22d79bb160b519c4969,person2,13,0.6923076923076923,0.6136363636363636,0.5666666666666667,0.5,0.7272727272727273,"[[1, 1], [3, 8]]"
5fold_session_grouped,BalancedSVM_SessionGrouped,vid_3e2129fa15608b04,3e2129fa15608b04610513ebfa1a6857a68032b8fe7b2d5eb4a064fd3f4ebcf1,person3,10,1.0,,0.5,1.0,,"[[10, 0], [0, 0]]"
5fold_session_grouped,BalancedSVM_SessionGrouped,vid_4a4b044fd46cca10,4a4b044fd46cca1000f792aa35bef133cdfd810f8dc903addb3b724ec7c216e3,person5,7,1.0,,0.5,1.0,,"[[7, 0], [0, 0]]"
5fold_session_grouped,BalancedSVM_SessionGrouped,vid_4d1daeb09e2c1b0e,4d1daeb09e2c1b0e8d3930e205897ae84d6a3ce8235a0f45b0b791a77cf200c3,person4,10,0.8,,0.4444444444444444,0.8,,"[[8, 2], [0, 0]]"
5fold_session_grouped,BalancedSVM_SessionGrouped,vid_5ecd6a78f9f6d143,5ecd6a78f9f6d143ddf980bf4c33c734eff0879442f9a19a8749de04f5f9018d,person1,8,1.0,,0.5,,1.0,"[[0, 0], [0, 8]]"
5fold_session_grouped,BalancedSVM_SessionGrouped,vid_6dbe8779159bce47,6dbe8779159bce47abbba2f683d04520514a6f18d7ce789ee88a57ab64cc4b5b,person4,8,1.0,1.0,1.0,1.0,1.0,"[[2, 0], [0, 6]]"
5fold_session_grouped,BalancedSVM_SessionGrouped,vid_762b204cd565ac52,762b204cd565ac52dfc6deaac7575e22d59eb82b30d82af9880cc5067213a65e,person4,9,0.8888888888888888,,0.47058823529411764,0.8888888888888888,,"[[8, 1], [0, 0]]"
5fold_session_grouped,BalancedSVM_SessionGrouped,vid_769bc27d1c4abfab,769bc27d1c4abfab17064a24193171b531343a6f96e448af24ab306e6eaa56bd,person2,14,0.6428571428571429,0.6428571428571428,0.5906432748538011,0.2857142857142857,1.0,"[[2, 5], [0, 7]]"
5fold_session_grouped,BalancedSVM_SessionGrouped,vid_871bc1a5b112709b,871bc1a5b112709b54bcc14e881b0f944c0e580f2f3b3db8767ecd6da43b1d5b,person1,10,0.8,,0.4444444444444444,0.8,,"[[8, 2], [0, 0]]"
5fold_session_grouped,BalancedSVM_SessionGrouped,vid_8c19cbd3c181b15a,8c19cbd3c181b15a570e9ee6a8a3ea6e41697c1947c4fede3395219d1cb4954e,person5,7,1.0,,0.5,1.0,,"[[7, 0], [0, 0]]"
5fold_session_grouped,BalancedSVM_SessionGrouped,vid_a098f327a26fe877,a098f327a26fe8774c684ebae4a490737007ec44cf4386fa077d0dc67d26da8b,person4,11,0.9090909090909091,,0.47619047619047616,0.9090909090909091,,"[[10, 1], [0, 0]]"
5fold_session_grouped,BalancedSVM_SessionGrouped,vid_a7e0a74bb2cacc23,a7e0a74bb2cacc238320858de25d30ce6495e8cd04b46aea3b3d024289aca5db,person5,11,1.0,,0.5,,1.0,"[[0, 0], [0, 11]]"
5fold_session_grouped,BalancedSVM_SessionGrouped,vid_aa01d8740a74fd7d,aa01d8740a74fd7d726fb4246dcbce6ec50b9247f5a92306756e3493cccc1abc,person2,8,0.75,,0.42857142857142855,,0.75,"[[0, 0], [2, 6]]"
5fold_session_grouped,BalancedSVM_SessionGrouped,vid_ac42199741c9c0c1,ac42199741c9c0c13105fcb9fddaa253e6440d9eb036a6fdc179c8b8090134ba,person5,8,1.0,,0.5,,1.0,"[[0, 0], [0, 8]]"
5fold_session_grouped,BalancedSVM_SessionGrouped,vid_bbc5006a077ac6b1,bbc5006a077ac6b1ae0a4687a5948efb8fc2626ea44d5f6a3498211d6038a9be,person2,10,0.5,,0.3333333333333333,0.5,,"[[5, 5], [0, 0]]"
5fold_session_grouped,BalancedSVM_SessionGrouped,vid_c63ebda7f39171bc,c63ebda7f39171bc5a2e686eb158743667393b6c138ec80830dc8b643869caf5,person4,12,0.9166666666666666,,0.4782608695652174,0.9166666666666666,,"[[11, 1], [0, 0]]"
5fold_session_grouped,BalancedSVM_SessionGrouped,vid_cccf82e3e7e7a94a,cccf82e3e7e7a94a53ac45e56881ae02d72c3a271212fd4f19e88e0626012211,person1,8,0.125,,0.1111111111111111,0.125,,"[[1, 7], [0, 0]]"
5fold_session_grouped,BalancedSVM_SessionGrouped,vid_d19791ead4037b9a,d19791ead4037b9addbb1cab23e26addc64e7a9a6d8d7ee378000e63a3890d1b,person3,5,1.0,,0.5,,1.0,"[[0, 0], [0, 5]]"
5fold_session_grouped,BalancedSVM_SessionGrouped,vid_d5dd3c73ecfdd074,d5dd3c73ecfdd074e9209c7a26abee875b7b134b366aea3d36923562310edd07,person3,12,1.0,,0.5,1.0,,"[[12, 0], [0, 0]]"
5fold_session_grouped,BalancedSVM_SessionGrouped,vid_dd4079cefb8f35d3,dd4079cefb8f35d359dd29c83372b1c6d83c3d4d3899675e2f40a02a9af5ca45,person3,10,1.0,,0.5,1.0,,"[[10, 0], [0, 0]]"
5fold_session_grouped,BalancedSVM_SessionGrouped,vid_e2fbdd20b335321f,e2fbdd20b335321fb0ad7d976851d8f2edd53434be2f118544c1084dce97e339,person3,8,0.875,0.875,0.873015873015873,1.0,0.75,"[[4, 0], [1, 3]]"
5fold_session_grouped,BalancedSVM_SessionGrouped,vid_e61ec8fb945f06ad,e61ec8fb945f06ad3ef037f07f62253ccfe72e9b2c78303874976ee3e879c5d0,person1,6,1.0,,0.5,,1.0,"[[0, 0], [0, 6]]"
5fold_session_grouped,BalancedSVM_SessionGrouped,vid_fd3e2ae78827f629,fd3e2ae78827f6293b40641acd30e299663ba0b53240de5b6740936f2861e952,person5,6,0.5,,0.3333333333333333,0.5,,"[[3, 3], [0, 0]]"
5fold_session_grouped,BalancedSVM_SessionGrouped,vid_ffec5a0821a6c480,ffec5a0821a6c480242291313be77238c6457f817bfaf26e097ac25f311be36b,person2,13,0.6923076923076923,,0.4090909090909091,0.6923076923076923,,"[[9, 4], [0, 0]]"
29fold_loso,FrozenPhase1SVM_LOSO,vid_03222b4845d8ef2c,03222b4845d8ef2c3f4e08e3875534163998d9d4d2f61daa16335188ceda6f89,person4,10,0.3,,0.23076923076923078,,0.3,"[[0, 0], [7, 3]]"
29fold_loso,FrozenPhase1SVM_LOSO,vid_0c264aade3d23621,0c264aade3d2362157e8484603caa05154f40187f222e5540272f8f0b1764d2f,person1,14,0.7857142857142857,,0.44,0.7857142857142857,,"[[11, 3], [0, 0]]"
29fold_loso,FrozenPhase1SVM_LOSO,vid_1334a563691c2170,1334a563691c21703bad8f2fc71670dcb1bbeea7f93665d5d873d7dbb80349d1,person2,12,0.75,,0.42857142857142855,0.75,,"[[9, 3], [0, 0]]"
29fold_loso,FrozenPhase1SVM_LOSO,vid_1ac0cd5b45de866a,1ac0cd5b45de866afbfed040696fb5a7ad4876db46a9d228d145e08d8eb87b2d,person1,13,0.7692307692307693,0.7738095238095238,0.7692307692307693,0.7142857142857143,0.8333333333333334,"[[5, 2], [1, 5]]"
29fold_loso,FrozenPhase1SVM_LOSO,vid_2f993d44fd54187e,2f993d44fd54187e29f371cb06d363b77ffa82c336c63e5bdf4afaed4141a97a,person3,7,0.5714285714285714,,0.36363636363636365,,0.5714285714285714,"[[0, 0], [3, 4]]"
29fold_loso,FrozenPhase1SVM_LOSO,vid_33cbe5f84565bf3d,33cbe5f84565bf3d8bb4e0c445c46cf78abfc5486aa4d22d79bb160b519c4969,person2,13,0.7692307692307693,0.8636363636363636,0.706766917293233,1.0,0.7272727272727273,"[[2, 0], [3, 8]]"
29fold_loso,FrozenPhase1SVM_LOSO,vid_3e2129fa15608b04,3e2129fa15608b04610513ebfa1a6857a68032b8fe7b2d5eb4a064fd3f4ebcf1,person3,10,1.0,,0.5,1.0,,"[[10, 0], [0, 0]]"
29fold_loso,FrozenPhase1SVM_LOSO,vid_4a4b044fd46cca10,4a4b044fd46cca1000f792aa35bef133cdfd810f8dc903addb3b724ec7c216e3,person5,7,1.0,,0.5,1.0,,"[[7, 0], [0, 0]]"
29fold_loso,FrozenPhase1SVM_LOSO,vid_4d1daeb09e2c1b0e,4d1daeb09e2c1b0e8d3930e205897ae84d6a3ce8235a0f45b0b791a77cf200c3,person4,10,1.0,,0.5,1.0,,"[[10, 0], [0, 0]]"
29fold_loso,FrozenPhase1SVM_LOSO,vid_5ecd6a78f9f6d143,5ecd6a78f9f6d143ddf980bf4c33c734eff0879442f9a19a8749de04f5f9018d,person1,8,0.5,,0.3333333333333333,,0.5,"[[0, 0], [4, 4]]"
29fold_loso,FrozenPhase1SVM_LOSO,vid_6dbe8779159bce47,6dbe8779159bce47abbba2f683d04520514a6f18d7ce789ee88a57ab64cc4b5b,person4,8,1.0,1.0,1.0,1.0,1.0,"[[2, 0], [0, 6]]"
29fold_loso,FrozenPhase1SVM_LOSO,vid_762b204cd565ac52,762b204cd565ac52dfc6deaac7575e22d59eb82b30d82af9880cc5067213a65e,person4,9,1.0,,0.5,1.0,,"[[9, 0], [0, 0]]"
29fold_loso,FrozenPhase1SVM_LOSO,vid_769bc27d1c4abfab,769bc27d1c4abfab17064a24193171b531343a6f96e448af24ab306e6eaa56bd,person2,14,0.6428571428571429,0.6428571428571428,0.625668449197861,0.8571428571428571,0.42857142857142855,"[[6, 1], [4, 3]]"
29fold_loso,FrozenPhase1SVM_LOSO,vid_871bc1a5b112709b,871bc1a5b112709b54bcc14e881b0f944c0e580f2f3b3db8767ecd6da43b1d5b,person1,10,1.0,,0.5,1.0,,"[[10, 0], [0, 0]]"
29fold_loso,FrozenPhase1SVM_LOSO,vid_8c19cbd3c181b15a,8c19cbd3c181b15a570e9ee6a8a3ea6e41697c1947c4fede3395219d1cb4954e,person5,7,1.0,,0.5,1.0,,"[[7, 0], [0, 0]]"
29fold_loso,FrozenPhase1SVM_LOSO,vid_a098f327a26fe877,a098f327a26fe8774c684ebae4a490737007ec44cf4386fa077d0dc67d26da8b,person4,11,1.0,,0.5,1.0,,"[[11, 0], [0, 0]]"
29fold_loso,FrozenPhase1SVM_LOSO,vid_a7e0a74bb2cacc23,a7e0a74bb2cacc238320858de25d30ce6495e8cd04b46aea3b3d024289aca5db,person5,11,1.0,,0.5,,1.0,"[[0, 0], [0, 11]]"
29fold_loso,FrozenPhase1SVM_LOSO,vid_aa01d8740a74fd7d,aa01d8740a74fd7d726fb4246dcbce6ec50b9247f5a92306756e3493cccc1abc,person2,8,0.5,,0.3333333333333333,,0.5,"[[0, 0], [4, 4]]"
29fold_loso,FrozenPhase1SVM_LOSO,vid_ac42199741c9c0c1,ac42199741c9c0c13105fcb9fddaa253e6440d9eb036a6fdc179c8b8090134ba,person5,8,1.0,,0.5,,1.0,"[[0, 0], [0, 8]]"
29fold_loso,FrozenPhase1SVM_LOSO,vid_bbc5006a077ac6b1,bbc5006a077ac6b1ae0a4687a5948efb8fc2626ea44d5f6a3498211d6038a9be,person2,10,0.9,,0.47368421052631576,0.9,,"[[9, 1], [0, 0]]"
29fold_loso,FrozenPhase1SVM_LOSO,vid_c63ebda7f39171bc,c63ebda7f39171bc5a2e686eb158743667393b6c138ec80830dc8b643869caf5,person4,12,1.0,,0.5,1.0,,"[[12, 0], [0, 0]]"
29fold_loso,FrozenPhase1SVM_LOSO,vid_cccf82e3e7e7a94a,cccf82e3e7e7a94a53ac45e56881ae02d72c3a271212fd4f19e88e0626012211,person1,8,1.0,,0.5,1.0,,"[[8, 0], [0, 0]]"
29fold_loso,FrozenPhase1SVM_LOSO,vid_d19791ead4037b9a,d19791ead4037b9addbb1cab23e26addc64e7a9a6d8d7ee378000e63a3890d1b,person3,5,1.0,,0.5,,1.0,"[[0, 0], [0, 5]]"
29fold_loso,FrozenPhase1SVM_LOSO,vid_d5dd3c73ecfdd074,d5dd3c73ecfdd074e9209c7a26abee875b7b134b366aea3d36923562310edd07,person3,12,1.0,,0.5,1.0,,"[[12, 0], [0, 0]]"
29fold_loso,FrozenPhase1SVM_LOSO,vid_dd4079cefb8f35d3,dd4079cefb8f35d359dd29c83372b1c6d83c3d4d3899675e2f40a02a9af5ca45,person3,10,1.0,,0.5,1.0,,"[[10, 0], [0, 0]]"
29fold_loso,FrozenPhase1SVM_LOSO,vid_e2fbdd20b335321f,e2fbdd20b335321fb0ad7d976851d8f2edd53434be2f118544c1084dce97e339,person3,8,0.875,0.875,0.873015873015873,1.0,0.75,"[[4, 0], [1, 3]]"
29fold_loso,FrozenPhase1SVM_LOSO,vid_e61ec8fb945f06ad,e61ec8fb945f06ad3ef037f07f62253ccfe72e9b2c78303874976ee3e879c5d0,person1,6,0.5,,0.3333333333333333,,0.5,"[[0, 0], [3, 3]]"
29fold_loso,FrozenPhase1SVM_LOSO,vid_fd3e2ae78827f629,fd3e2ae78827f6293b40641acd30e299663ba0b53240de5b6740936f2861e952,person5,6,0.8333333333333334,,0.45454545454545453,0.8333333333333334,,"[[5, 1], [0, 0]]"
29fold_loso,FrozenPhase1SVM_LOSO,vid_ffec5a0821a6c480,ffec5a0821a6c480242291313be77238c6457f817bfaf26e097ac25f311be36b,person2,13,0.8461538461538461,,0.4583333333333333,0.8461538461538461,,"[[11, 2], [0, 0]]"
29fold_loso,BalancedSVM_LOSO,vid_03222b4845d8ef2c,03222b4845d8ef2c3f4e08e3875534163998d9d4d2f61daa16335188ceda6f89,person4,10,0.4,,0.2857142857142857,,0.4,"[[0, 0], [6, 4]]"
29fold_loso,BalancedSVM_LOSO,vid_0c264aade3d23621,0c264aade3d2362157e8484603caa05154f40187f222e5540272f8f0b1764d2f,person1,14,0.7857142857142857,,0.44,0.7857142857142857,,"[[11, 3], [0, 0]]"
29fold_loso,BalancedSVM_LOSO,vid_1334a563691c2170,1334a563691c21703bad8f2fc71670dcb1bbeea7f93665d5d873d7dbb80349d1,person2,12,0.6666666666666666,,0.4,0.6666666666666666,,"[[8, 4], [0, 0]]"
29fold_loso,BalancedSVM_LOSO,vid_1ac0cd5b45de866a,1ac0cd5b45de866afbfed040696fb5a7ad4876db46a9d228d145e08d8eb87b2d,person1,13,0.8461538461538461,0.8571428571428572,0.8452380952380952,0.7142857142857143,1.0,"[[5, 2], [0, 6]]"
29fold_loso,BalancedSVM_LOSO,vid_2f993d44fd54187e,2f993d44fd54187e29f371cb06d363b77ffa82c336c63e5bdf4afaed4141a97a,person3,7,0.5714285714285714,,0.36363636363636365,,0.5714285714285714,"[[0, 0], [3, 4]]"
29fold_loso,BalancedSVM_LOSO,vid_33cbe5f84565bf3d,33cbe5f84565bf3d8bb4e0c445c46cf78abfc5486aa4d22d79bb160b519c4969,person2,13,0.9230769230769231,0.9545454545454546,0.8761904761904762,1.0,0.9090909090909091,"[[2, 0], [1, 10]]"
29fold_loso,BalancedSVM_LOSO,vid_3e2129fa15608b04,3e2129fa15608b04610513ebfa1a6857a68032b8fe7b2d5eb4a064fd3f4ebcf1,person3,10,1.0,,0.5,1.0,,"[[10, 0], [0, 0]]"
29fold_loso,BalancedSVM_LOSO,vid_4a4b044fd46cca10,4a4b044fd46cca1000f792aa35bef133cdfd810f8dc903addb3b724ec7c216e3,person5,7,1.0,,0.5,1.0,,"[[7, 0], [0, 0]]"
29fold_loso,BalancedSVM_LOSO,vid_4d1daeb09e2c1b0e,4d1daeb09e2c1b0e8d3930e205897ae84d6a3ce8235a0f45b0b791a77cf200c3,person4,10,1.0,,0.5,1.0,,"[[10, 0], [0, 0]]"
29fold_loso,BalancedSVM_LOSO,vid_5ecd6a78f9f6d143,5ecd6a78f9f6d143ddf980bf4c33c734eff0879442f9a19a8749de04f5f9018d,person1,8,0.875,,0.4666666666666667,,0.875,"[[0, 0], [1, 7]]"
29fold_loso,BalancedSVM_LOSO,vid_6dbe8779159bce47,6dbe8779159bce47abbba2f683d04520514a6f18d7ce789ee88a57ab64cc4b5b,person4,8,1.0,1.0,1.0,1.0,1.0,"[[2, 0], [0, 6]]"
29fold_loso,BalancedSVM_LOSO,vid_762b204cd565ac52,762b204cd565ac52dfc6deaac7575e22d59eb82b30d82af9880cc5067213a65e,person4,9,1.0,,0.5,1.0,,"[[9, 0], [0, 0]]"
29fold_loso,BalancedSVM_LOSO,vid_769bc27d1c4abfab,769bc27d1c4abfab17064a24193171b531343a6f96e448af24ab306e6eaa56bd,person2,14,0.7857142857142857,0.7857142857142857,0.7846153846153847,0.8571428571428571,0.7142857142857143,"[[6, 1], [2, 5]]"
29fold_loso,BalancedSVM_LOSO,vid_871bc1a5b112709b,871bc1a5b112709b54bcc14e881b0f944c0e580f2f3b3db8767ecd6da43b1d5b,person1,10,0.9,,0.47368421052631576,0.9,,"[[9, 1], [0, 0]]"
29fold_loso,BalancedSVM_LOSO,vid_8c19cbd3c181b15a,8c19cbd3c181b15a570e9ee6a8a3ea6e41697c1947c4fede3395219d1cb4954e,person5,7,1.0,,0.5,1.0,,"[[7, 0], [0, 0]]"
29fold_loso,BalancedSVM_LOSO,vid_a098f327a26fe877,a098f327a26fe8774c684ebae4a490737007ec44cf4386fa077d0dc67d26da8b,person4,11,1.0,,0.5,1.0,,"[[11, 0], [0, 0]]"
29fold_loso,BalancedSVM_LOSO,vid_a7e0a74bb2cacc23,a7e0a74bb2cacc238320858de25d30ce6495e8cd04b46aea3b3d024289aca5db,person5,11,1.0,,0.5,,1.0,"[[0, 0], [0, 11]]"
29fold_loso,BalancedSVM_LOSO,vid_aa01d8740a74fd7d,aa01d8740a74fd7d726fb4246dcbce6ec50b9247f5a92306756e3493cccc1abc,person2,8,0.5,,0.3333333333333333,,0.5,"[[0, 0], [4, 4]]"
29fold_loso,BalancedSVM_LOSO,vid_ac42199741c9c0c1,ac42199741c9c0c13105fcb9fddaa253e6440d9eb036a6fdc179c8b8090134ba,person5,8,1.0,,0.5,,1.0,"[[0, 0], [0, 8]]"
29fold_loso,BalancedSVM_LOSO,vid_bbc5006a077ac6b1,bbc5006a077ac6b1ae0a4687a5948efb8fc2626ea44d5f6a3498211d6038a9be,person2,10,0.9,,0.47368421052631576,0.9,,"[[9, 1], [0, 0]]"
29fold_loso,BalancedSVM_LOSO,vid_c63ebda7f39171bc,c63ebda7f39171bc5a2e686eb158743667393b6c138ec80830dc8b643869caf5,person4,12,1.0,,0.5,1.0,,"[[12, 0], [0, 0]]"
29fold_loso,BalancedSVM_LOSO,vid_cccf82e3e7e7a94a,cccf82e3e7e7a94a53ac45e56881ae02d72c3a271212fd4f19e88e0626012211,person1,8,0.75,,0.42857142857142855,0.75,,"[[6, 2], [0, 0]]"
29fold_loso,BalancedSVM_LOSO,vid_d19791ead4037b9a,d19791ead4037b9addbb1cab23e26addc64e7a9a6d8d7ee378000e63a3890d1b,person3,5,1.0,,0.5,,1.0,"[[0, 0], [0, 5]]"
29fold_loso,BalancedSVM_LOSO,vid_d5dd3c73ecfdd074,d5dd3c73ecfdd074e9209c7a26abee875b7b134b366aea3d36923562310edd07,person3,12,1.0,,0.5,1.0,,"[[12, 0], [0, 0]]"
29fold_loso,BalancedSVM_LOSO,vid_dd4079cefb8f35d3,dd4079cefb8f35d359dd29c83372b1c6d83c3d4d3899675e2f40a02a9af5ca45,person3,10,1.0,,0.5,1.0,,"[[10, 0], [0, 0]]"
29fold_loso,BalancedSVM_LOSO,vid_e2fbdd20b335321f,e2fbdd20b335321fb0ad7d976851d8f2edd53434be2f118544c1084dce97e339,person3,8,0.875,0.875,0.873015873015873,1.0,0.75,"[[4, 0], [1, 3]]"
29fold_loso,BalancedSVM_LOSO,vid_e61ec8fb945f06ad,e61ec8fb945f06ad3ef037f07f62253ccfe72e9b2c78303874976ee3e879c5d0,person1,6,0.5,,0.3333333333333333,,0.5,"[[0, 0], [3, 3]]"
29fold_loso,BalancedSVM_LOSO,vid_fd3e2ae78827f629,fd3e2ae78827f6293b40641acd30e299663ba0b53240de5b6740936f2861e952,person5,6,0.6666666666666666,,0.4,0.6666666666666666,,"[[4, 2], [0, 0]]"
29fold_loso,BalancedSVM_LOSO,vid_ffec5a0821a6c480,ffec5a0821a6c480242291313be77238c6457f817bfaf26e097ac25f311be36b,person2,13,0.8461538461538461,,0.4583333333333333,0.8461538461538461,,"[[11, 2], [0, 0]]"
