repetition_id,video_id,source_sha256,hand,label,y_true,y_pred,incorrect_score
rep_fb0c2f97d90ea5de5a,vid_0c264aade3d23621,0c264aade3d2362157e8484603caa05154f40187f222e5540272f8f0b1764d2f,Right,Correct,0,1,0.002179703637333219
rep_02cbaaa878991f7eee,vid_0c264aade3d23621,0c264aade3d2362157e8484603caa05154f40187f222e5540272f8f0b1764d2f,Left,Correct,0,0,-0.4828225963366264
rep_3b3a031e67b667bb2f,vid_0c264aade3d23621,0c264aade3d2362157e8484603caa05154f40187f222e5540272f8f0b1764d2f,Right,Correct,0,1,0.3644588139029009
rep_b59965fe88fa0c3f40,vid_0c264aade3d23621,0c264aade3d2362157e8484603caa05154f40187f222e5540272f8f0b1764d2f,Left,Correct,0,0,-1.8328345668614854
rep_9988a74422e7c505d0,vid_0c264aade3d23621,0c264aade3d2362157e8484603caa05154f40187f222e5540272f8f0b1764d2f,Right,Correct,0,0,-0.08583584525880783
rep_372c0410acd5099364,vid_0c264aade3d23621,0c264aade3d2362157e8484603caa05154f40187f222e5540272f8f0b1764d2f,Left,Correct,0,0,-0.9563921404639062
rep_46b03a163715ea8674,vid_0c264aade3d23621,0c264aade3d2362157e8484603caa05154f40187f222e5540272f8f0b1764d2f,Right,Correct,0,0,-0.5539245629251317
rep_cea1129ae50e36fb30,vid_0c264aade3d23621,0c264aade3d2362157e8484603caa05154f40187f222e5540272f8f0b1764d2f,Left,Correct,0,0,-1.2731155088410786
rep_20614a58d738f0f71c,vid_0c264aade3d23621,0c264aade3d2362157e8484603caa05154f40187f222e5540272f8f0b1764d2f,Right,Correct,0,0,-0.2858098941617845
rep_e8c1d21c6f2e4707b3,vid_0c264aade3d23621,0c264aade3d2362157e8484603caa05154f40187f222e5540272f8f0b1764d2f,Left,Correct,0,0,-1.0103052623973539
rep_5c1dd8ed9aa6c8aa69,vid_0c264aade3d23621,0c264aade3d2362157e8484603caa05154f40187f222e5540272f8f0b1764d2f,Right,Correct,0,0,-0.22967066389355173
rep_edc2513a7b19ebb4ed,vid_0c264aade3d23621,0c264aade3d2362157e8484603caa05154f40187f222e5540272f8f0b1764d2f,Left,Correct,0,0,-0.6801159022171754
rep_6be9256acb543f49b8,vid_0c264aade3d23621,0c264aade3d2362157e8484603caa05154f40187f222e5540272f8f0b1764d2f,Right,Correct,0,1,0.052173172757947306
rep_1c83a3b866cf4e027c,vid_1ac0cd5b45de866a,1ac0cd5b45de866afbfed040696fb5a7ad4876db46a9d228d145e08d8eb87b2d,Right,Correct,0,0,-0.7295710418340995
rep_0d7eaf4563fd24294a,vid_1ac0cd5b45de866a,1ac0cd5b45de866afbfed040696fb5a7ad4876db46a9d228d145e08d8eb87b2d,Left,Correct,0,0,-0.5549732488954284
rep_cff3c2f757be354140,vid_1ac0cd5b45de866a,1ac0cd5b45de866afbfed040696fb5a7ad4876db46a9d228d145e08d8eb87b2d,Right,Incorrect,1,0,-0.03515972773183229
rep_503633f6745e8f6a45,vid_1ac0cd5b45de866a,1ac0cd5b45de866afbfed040696fb5a7ad4876db46a9d228d145e08d8eb87b2d,Left,Incorrect,1,1,0.556965548935265
rep_bb9858d2e8e9c3549c,vid_1ac0cd5b45de866a,1ac0cd5b45de866afbfed040696fb5a7ad4876db46a9d228d145e08d8eb87b2d,Right,Correct,0,1,0.6533937005315011
rep_9ff0bc77263dfff528,vid_1ac0cd5b45de866a,1ac0cd5b45de866afbfed040696fb5a7ad4876db46a9d228d145e08d8eb87b2d,Right,Correct,0,1,0.6175582562086923
rep_35e324ed6452359dd2,vid_1ac0cd5b45de866a,1ac0cd5b45de866afbfed040696fb5a7ad4876db46a9d228d145e08d8eb87b2d,Left,Correct,0,0,-1.2235078614560828
rep_d8ea12c9407f1b8ebe,vid_1ac0cd5b45de866a,1ac0cd5b45de866afbfed040696fb5a7ad4876db46a9d228d145e08d8eb87b2d,Left,Correct,0,0,-0.8901720527386479
rep_ed4d23c464cf750af7,vid_1ac0cd5b45de866a,1ac0cd5b45de866afbfed040696fb5a7ad4876db46a9d228d145e08d8eb87b2d,Left,Correct,0,0,-0.9607239382557149
rep_8c17d582de78f254dd,vid_1ac0cd5b45de866a,1ac0cd5b45de866afbfed040696fb5a7ad4876db46a9d228d145e08d8eb87b2d,Right,Incorrect,1,1,1.2860667411195956
rep_83f806588a8c338f4b,vid_1ac0cd5b45de866a,1ac0cd5b45de866afbfed040696fb5a7ad4876db46a9d228d145e08d8eb87b2d,Right,Incorrect,1,1,0.961320488488515
rep_ef9e190c4981e28593,vid_1ac0cd5b45de866a,1ac0cd5b45de866afbfed040696fb5a7ad4876db46a9d228d145e08d8eb87b2d,Right,Incorrect,1,1,0.3141585828217446
rep_5c39730111cd443d20,vid_1ac0cd5b45de866a,1ac0cd5b45de866afbfed040696fb5a7ad4876db46a9d228d145e08d8eb87b2d,Left,Incorrect,1,1,0.7105637419521075
rep_b62f14d196952f28be,vid_1334a563691c2170,1334a563691c21703bad8f2fc71670dcb1bbeea7f93665d5d873d7dbb80349d1,Right,Correct,0,0,-0.8965755117874924
rep_ebf0037ac696966f6b,vid_1334a563691c2170,1334a563691c21703bad8f2fc71670dcb1bbeea7f93665d5d873d7dbb80349d1,Left,Correct,0,0,-0.5999629808641157
rep_3937e4fb3928cf8769,vid_1334a563691c2170,1334a563691c21703bad8f2fc71670dcb1bbeea7f93665d5d873d7dbb80349d1,Left,Correct,0,0,-0.5688834371325061
rep_4145f06cb4db15ce3f,vid_1334a563691c2170,1334a563691c21703bad8f2fc71670dcb1bbeea7f93665d5d873d7dbb80349d1,Right,Correct,0,0,-0.07093393696129946
rep_df6be1b0d78003c9ac,vid_1334a563691c2170,1334a563691c21703bad8f2fc71670dcb1bbeea7f93665d5d873d7dbb80349d1,Right,Correct,0,1,0.5840145448661559
rep_4791579acae25fe0bd,vid_1334a563691c2170,1334a563691c21703bad8f2fc71670dcb1bbeea7f93665d5d873d7dbb80349d1,Left,Correct,0,0,-0.8583977769347927
rep_ff72086c1823042be9,vid_1334a563691c2170,1334a563691c21703bad8f2fc71670dcb1bbeea7f93665d5d873d7dbb80349d1,Right,Correct,0,0,-0.6734635668305945
rep_d348e469e89a781661,vid_1334a563691c2170,1334a563691c21703bad8f2fc71670dcb1bbeea7f93665d5d873d7dbb80349d1,Left,Correct,0,0,-0.9133434790725955
rep_e8d9e0d9e521cb4474,vid_1334a563691c2170,1334a563691c21703bad8f2fc71670dcb1bbeea7f93665d5d873d7dbb80349d1,Left,Correct,0,0,-0.6027826144191665
rep_496c495105f1f840b1,vid_1334a563691c2170,1334a563691c21703bad8f2fc71670dcb1bbeea7f93665d5d873d7dbb80349d1,Right,Correct,0,1,0.17882034474366992
rep_fbee42bcc84ad72a70,vid_1334a563691c2170,1334a563691c21703bad8f2fc71670dcb1bbeea7f93665d5d873d7dbb80349d1,Right,Correct,0,0,-0.39284490172453557
rep_27f29611af9d868d70,vid_1334a563691c2170,1334a563691c21703bad8f2fc71670dcb1bbeea7f93665d5d873d7dbb80349d1,Right,Correct,0,1,0.29070359793195816
rep_96581b03de4436e334,vid_769bc27d1c4abfab,769bc27d1c4abfab17064a24193171b531343a6f96e448af24ab306e6eaa56bd,Right,Correct,0,0,-1.3857543230030263
rep_f58658b961ff048335,vid_769bc27d1c4abfab,769bc27d1c4abfab17064a24193171b531343a6f96e448af24ab306e6eaa56bd,Left,Correct,0,0,-0.8883367809450868
rep_0da66c37aeaee10dba,vid_769bc27d1c4abfab,769bc27d1c4abfab17064a24193171b531343a6f96e448af24ab306e6eaa56bd,Left,Correct,0,0,-1.071321405688332
rep_c4774628dd2fa04641,vid_769bc27d1c4abfab,769bc27d1c4abfab17064a24193171b531343a6f96e448af24ab306e6eaa56bd,Right,Correct,0,1,0.29929734892612986
rep_15de4676677de916d0,vid_769bc27d1c4abfab,769bc27d1c4abfab17064a24193171b531343a6f96e448af24ab306e6eaa56bd,Right,Incorrect,1,0,-0.7536510728193342
rep_506fc27703682724ad,vid_769bc27d1c4abfab,769bc27d1c4abfab17064a24193171b531343a6f96e448af24ab306e6eaa56bd,Right,Incorrect,1,1,0.17501567165420073
rep_50437be04b9a9a36ed,vid_769bc27d1c4abfab,769bc27d1c4abfab17064a24193171b531343a6f96e448af24ab306e6eaa56bd,Left,Incorrect,1,0,-0.4664993314693914
rep_a8f87271f827579bc4,vid_769bc27d1c4abfab,769bc27d1c4abfab17064a24193171b531343a6f96e448af24ab306e6eaa56bd,Left,Incorrect,1,1,0.6734096520253392
rep_3f57d674d3d25f06bc,vid_769bc27d1c4abfab,769bc27d1c4abfab17064a24193171b531343a6f96e448af24ab306e6eaa56bd,Left,Correct,0,0,-1.0791068924989549
rep_2a80f26013fc49beb7,vid_769bc27d1c4abfab,769bc27d1c4abfab17064a24193171b531343a6f96e448af24ab306e6eaa56bd,Right,Correct,0,0,-0.36692122529082694
rep_830e9ff6471c2e6ac0,vid_769bc27d1c4abfab,769bc27d1c4abfab17064a24193171b531343a6f96e448af24ab306e6eaa56bd,Right,Incorrect,1,1,1.5971490783610975
rep_d06e09af4456675bf7,vid_769bc27d1c4abfab,769bc27d1c4abfab17064a24193171b531343a6f96e448af24ab306e6eaa56bd,Right,Incorrect,1,0,-0.10697781883516189
rep_2073ececf0915178cc,vid_769bc27d1c4abfab,769bc27d1c4abfab17064a24193171b531343a6f96e448af24ab306e6eaa56bd,Left,Incorrect,1,0,-0.2100700044983962
rep_b99bfda2386efa860d,vid_769bc27d1c4abfab,769bc27d1c4abfab17064a24193171b531343a6f96e448af24ab306e6eaa56bd,Left,Correct,0,0,-1.1770936719473253
rep_ceb27ce1bfcd40e009,vid_d5dd3c73ecfdd074,d5dd3c73ecfdd074e9209c7a26abee875b7b134b366aea3d36923562310edd07,Right,Correct,0,0,-0.8265630572583207
rep_ed49f7e3ae23c14632,vid_d5dd3c73ecfdd074,d5dd3c73ecfdd074e9209c7a26abee875b7b134b366aea3d36923562310edd07,Left,Correct,0,0,-1.562693553525043
rep_25ebac40f9fffdcd03,vid_d5dd3c73ecfdd074,d5dd3c73ecfdd074e9209c7a26abee875b7b134b366aea3d36923562310edd07,Right,Correct,0,0,-0.6076182203997202
rep_f31c86caa9c9a81254,vid_d5dd3c73ecfdd074,d5dd3c73ecfdd074e9209c7a26abee875b7b134b366aea3d36923562310edd07,Left,Correct,0,0,-0.9665217347966426
rep_374cd3d66f0b6ae7da,vid_d5dd3c73ecfdd074,d5dd3c73ecfdd074e9209c7a26abee875b7b134b366aea3d36923562310edd07,Right,Correct,0,0,-0.8237361992557248
rep_9145ce2ee0edd05abc,vid_d5dd3c73ecfdd074,d5dd3c73ecfdd074e9209c7a26abee875b7b134b366aea3d36923562310edd07,Left,Correct,0,0,-0.6520687021069638
rep_0842956941b20f23e2,vid_d5dd3c73ecfdd074,d5dd3c73ecfdd074e9209c7a26abee875b7b134b366aea3d36923562310edd07,Right,Correct,0,0,-0.34054213319591853
rep_bb77b1ff42cedb3170,vid_d5dd3c73ecfdd074,d5dd3c73ecfdd074e9209c7a26abee875b7b134b366aea3d36923562310edd07,Left,Correct,0,0,-0.8084401804543713
rep_99a949701e9d3cb359,vid_d5dd3c73ecfdd074,d5dd3c73ecfdd074e9209c7a26abee875b7b134b366aea3d36923562310edd07,Right,Correct,0,0,-1.0503012475125133
rep_3521755f47891373fb,vid_d5dd3c73ecfdd074,d5dd3c73ecfdd074e9209c7a26abee875b7b134b366aea3d36923562310edd07,Left,Correct,0,0,-0.6602396853580412
rep_74b1650c1e192f8b21,vid_d5dd3c73ecfdd074,d5dd3c73ecfdd074e9209c7a26abee875b7b134b366aea3d36923562310edd07,Right,Correct,0,0,-1.5039994204508575
rep_931a64113a41501185,vid_d5dd3c73ecfdd074,d5dd3c73ecfdd074e9209c7a26abee875b7b134b366aea3d36923562310edd07,Left,Correct,0,0,-1.2451072400969945
rep_0e7a579eafe33e64d5,vid_e2fbdd20b335321f,e2fbdd20b335321fb0ad7d976851d8f2edd53434be2f118544c1084dce97e339,Right,Correct,0,0,-1.5627538783773018
rep_3bd189643926330002,vid_e2fbdd20b335321f,e2fbdd20b335321fb0ad7d976851d8f2edd53434be2f118544c1084dce97e339,Left,Correct,0,0,-1.1057955092798921
rep_a688119e8807169567,vid_e2fbdd20b335321f,e2fbdd20b335321fb0ad7d976851d8f2edd53434be2f118544c1084dce97e339,Right,Correct,0,0,-1.5893824699789292
rep_e586c2d87bca5883fe,vid_e2fbdd20b335321f,e2fbdd20b335321fb0ad7d976851d8f2edd53434be2f118544c1084dce97e339,Left,Correct,0,0,-1.1497122887473892
rep_4401202746b68b5331,vid_e2fbdd20b335321f,e2fbdd20b335321fb0ad7d976851d8f2edd53434be2f118544c1084dce97e339,Right,Incorrect,1,0,-0.5127189082519209
rep_44b1272fd8a9d6b943,vid_e2fbdd20b335321f,e2fbdd20b335321fb0ad7d976851d8f2edd53434be2f118544c1084dce97e339,Left,Incorrect,1,1,0.8456674347746945
rep_39093c9edb2675b1e2,vid_e2fbdd20b335321f,e2fbdd20b335321fb0ad7d976851d8f2edd53434be2f118544c1084dce97e339,Right,Incorrect,1,1,1.652049291605013
rep_4dc2ae4ad47611b5cf,vid_e2fbdd20b335321f,e2fbdd20b335321fb0ad7d976851d8f2edd53434be2f118544c1084dce97e339,Left,Incorrect,1,1,0.8323995589671427
rep_6d5a12d97b49f35b0b,vid_6dbe8779159bce47,6dbe8779159bce47abbba2f683d04520514a6f18d7ce789ee88a57ab64cc4b5b,Right,Incorrect,1,1,0.04450873279197326
rep_c39bf43c73a524fc03,vid_6dbe8779159bce47,6dbe8779159bce47abbba2f683d04520514a6f18d7ce789ee88a57ab64cc4b5b,Left,Correct,0,0,-0.4272888488860901
rep_3e2b0d854af171fe50,vid_6dbe8779159bce47,6dbe8779159bce47abbba2f683d04520514a6f18d7ce789ee88a57ab64cc4b5b,Right,Incorrect,1,1,0.6493899041929461
rep_f70d7f024f22be7f97,vid_6dbe8779159bce47,6dbe8779159bce47abbba2f683d04520514a6f18d7ce789ee88a57ab64cc4b5b,Left,Correct,0,0,-0.6613133277845887
rep_cde7ca96475dc38287,vid_6dbe8779159bce47,6dbe8779159bce47abbba2f683d04520514a6f18d7ce789ee88a57ab64cc4b5b,Right,Incorrect,1,1,0.9531090137565008
rep_52ea159192f8fc5a18,vid_6dbe8779159bce47,6dbe8779159bce47abbba2f683d04520514a6f18d7ce789ee88a57ab64cc4b5b,Left,Incorrect,1,1,0.17001736497258235
rep_ffb088c184f9250a80,vid_6dbe8779159bce47,6dbe8779159bce47abbba2f683d04520514a6f18d7ce789ee88a57ab64cc4b5b,Left,Incorrect,1,1,0.3280247501315291
rep_ecc384666d3fc61013,vid_6dbe8779159bce47,6dbe8779159bce47abbba2f683d04520514a6f18d7ce789ee88a57ab64cc4b5b,Left,Incorrect,1,1,0.21488932906724517
rep_1f4a610c3defe53722,vid_03222b4845d8ef2c,03222b4845d8ef2c3f4e08e3875534163998d9d4d2f61daa16335188ceda6f89,Left,Incorrect,1,0,-0.26731536430613184
rep_3175004fbb9db3a0f3,vid_03222b4845d8ef2c,03222b4845d8ef2c3f4e08e3875534163998d9d4d2f61daa16335188ceda6f89,Right,Incorrect,1,1,0.4570303715904986
rep_52a2c5c414944694f1,vid_03222b4845d8ef2c,03222b4845d8ef2c3f4e08e3875534163998d9d4d2f61daa16335188ceda6f89,Left,Incorrect,1,0,-0.2851766801476964
rep_6d548704cfd01f491a,vid_03222b4845d8ef2c,03222b4845d8ef2c3f4e08e3875534163998d9d4d2f61daa16335188ceda6f89,Right,Incorrect,1,1,0.5402453998850439
rep_ac1e97d62d5c2b56a0,vid_03222b4845d8ef2c,03222b4845d8ef2c3f4e08e3875534163998d9d4d2f61daa16335188ceda6f89,Left,Incorrect,1,0,-0.3621854974502952
rep_29323d0780eb56b21d,vid_03222b4845d8ef2c,03222b4845d8ef2c3f4e08e3875534163998d9d4d2f61daa16335188ceda6f89,Right,Incorrect,1,0,-0.26546548580120394
rep_59893c3e996fee9c34,vid_03222b4845d8ef2c,03222b4845d8ef2c3f4e08e3875534163998d9d4d2f61daa16335188ceda6f89,Left,Incorrect,1,0,-0.2901897930212491
rep_2b168be9071d57530d,vid_03222b4845d8ef2c,03222b4845d8ef2c3f4e08e3875534163998d9d4d2f61daa16335188ceda6f89,Left,Incorrect,1,0,-0.7177932733797854
rep_6ccabad19ce4f7ab3f,vid_03222b4845d8ef2c,03222b4845d8ef2c3f4e08e3875534163998d9d4d2f61daa16335188ceda6f89,Left,Incorrect,1,0,-0.20245145765761435
rep_db11ea7c1113500c85,vid_03222b4845d8ef2c,03222b4845d8ef2c3f4e08e3875534163998d9d4d2f61daa16335188ceda6f89,Right,Incorrect,1,1,0.2937299208939064
rep_07b241628c6745b2c2,vid_762b204cd565ac52,762b204cd565ac52dfc6deaac7575e22d59eb82b30d82af9880cc5067213a65e,Right,Correct,0,0,-0.9999062695161381
rep_45d0e83c2ac0045b55,vid_762b204cd565ac52,762b204cd565ac52dfc6deaac7575e22d59eb82b30d82af9880cc5067213a65e,Left,Correct,0,0,-1.37265266707736
rep_74c3a7e79d3520b0b8,vid_762b204cd565ac52,762b204cd565ac52dfc6deaac7575e22d59eb82b30d82af9880cc5067213a65e,Left,Correct,0,0,-0.6116701090637279
rep_497a451e0b4ab0dff3,vid_762b204cd565ac52,762b204cd565ac52dfc6deaac7575e22d59eb82b30d82af9880cc5067213a65e,Left,Correct,0,0,-0.3298443979836606
rep_210c60fdf8d5448ec9,vid_762b204cd565ac52,762b204cd565ac52dfc6deaac7575e22d59eb82b30d82af9880cc5067213a65e,Left,Correct,0,0,-0.7895097100455034
rep_7600ddc1c7518532b0,vid_762b204cd565ac52,762b204cd565ac52dfc6deaac7575e22d59eb82b30d82af9880cc5067213a65e,Left,Correct,0,0,-0.7251242373646837
rep_2b1b56fcdf686f87e9,vid_762b204cd565ac52,762b204cd565ac52dfc6deaac7575e22d59eb82b30d82af9880cc5067213a65e,Left,Correct,0,0,-0.9193706323204031
rep_5fefb43622c2eda5a6,vid_762b204cd565ac52,762b204cd565ac52dfc6deaac7575e22d59eb82b30d82af9880cc5067213a65e,Left,Correct,0,0,-0.9874156677681684
rep_3bd69e41cd57266903,vid_762b204cd565ac52,762b204cd565ac52dfc6deaac7575e22d59eb82b30d82af9880cc5067213a65e,Right,Correct,0,0,-1.6998474125015086
rep_d761ba3d8f066eef71,vid_a098f327a26fe877,a098f327a26fe8774c684ebae4a490737007ec44cf4386fa077d0dc67d26da8b,Right,Correct,0,0,-0.9675169554732233
rep_2b4256b8b20205abf2,vid_a098f327a26fe877,a098f327a26fe8774c684ebae4a490737007ec44cf4386fa077d0dc67d26da8b,Right,Correct,0,0,-0.8622911843693877
rep_20525de896af3c2e51,vid_a098f327a26fe877,a098f327a26fe8774c684ebae4a490737007ec44cf4386fa077d0dc67d26da8b,Left,Correct,0,0,-1.330394511157632
rep_f5ef6c0161f1b2bb87,vid_a098f327a26fe877,a098f327a26fe8774c684ebae4a490737007ec44cf4386fa077d0dc67d26da8b,Left,Correct,0,0,-0.9273792317044156
rep_8cafe422282d959530,vid_a098f327a26fe877,a098f327a26fe8774c684ebae4a490737007ec44cf4386fa077d0dc67d26da8b,Left,Correct,0,0,-1.6283626979979353
rep_9b959c53711117bcab,vid_a098f327a26fe877,a098f327a26fe8774c684ebae4a490737007ec44cf4386fa077d0dc67d26da8b,Right,Correct,0,0,-1.2577835934670594
rep_2d5fa419c6ca6c569a,vid_a098f327a26fe877,a098f327a26fe8774c684ebae4a490737007ec44cf4386fa077d0dc67d26da8b,Right,Correct,0,0,-0.20083820537655162
rep_73da4dbfe62e87e2ac,vid_a098f327a26fe877,a098f327a26fe8774c684ebae4a490737007ec44cf4386fa077d0dc67d26da8b,Left,Correct,0,0,-0.9373713417089735
rep_89410eaac0367f3a17,vid_a098f327a26fe877,a098f327a26fe8774c684ebae4a490737007ec44cf4386fa077d0dc67d26da8b,Right,Correct,0,0,-1.0834670434607987
rep_a9e0a6a7f11f1efc53,vid_a098f327a26fe877,a098f327a26fe8774c684ebae4a490737007ec44cf4386fa077d0dc67d26da8b,Right,Correct,0,0,-0.9861060820670355
rep_b652806afe1fe9072b,vid_a098f327a26fe877,a098f327a26fe8774c684ebae4a490737007ec44cf4386fa077d0dc67d26da8b,Left,Correct,0,0,-1.3927609441977726
rep_36e091bfd9c6523606,vid_c63ebda7f39171bc,c63ebda7f39171bc5a2e686eb158743667393b6c138ec80830dc8b643869caf5,Right,Correct,0,0,-1.4110362066684177
rep_946de87b024761fafe,vid_c63ebda7f39171bc,c63ebda7f39171bc5a2e686eb158743667393b6c138ec80830dc8b643869caf5,Left,Correct,0,0,-1.4659276437733983
rep_35e3d2cee2f75e3e22,vid_c63ebda7f39171bc,c63ebda7f39171bc5a2e686eb158743667393b6c138ec80830dc8b643869caf5,Right,Correct,0,0,-1.3211980152423064
rep_2adad38065a30e32ca,vid_c63ebda7f39171bc,c63ebda7f39171bc5a2e686eb158743667393b6c138ec80830dc8b643869caf5,Right,Correct,0,0,-1.209218189745308
rep_ff671892c1724ab31e,vid_c63ebda7f39171bc,c63ebda7f39171bc5a2e686eb158743667393b6c138ec80830dc8b643869caf5,Left,Correct,0,0,-1.6384046836183082
rep_bd8591da4c0c8237a0,vid_c63ebda7f39171bc,c63ebda7f39171bc5a2e686eb158743667393b6c138ec80830dc8b643869caf5,Left,Correct,0,0,-1.6447489665719193
rep_ad037e7a08fb6f68f3,vid_c63ebda7f39171bc,c63ebda7f39171bc5a2e686eb158743667393b6c138ec80830dc8b643869caf5,Right,Correct,0,0,-0.7440184420552609
rep_192fcfc43111194ede,vid_c63ebda7f39171bc,c63ebda7f39171bc5a2e686eb158743667393b6c138ec80830dc8b643869caf5,Left,Correct,0,0,-1.4615148981956456
rep_41d7f4014c8377557d,vid_c63ebda7f39171bc,c63ebda7f39171bc5a2e686eb158743667393b6c138ec80830dc8b643869caf5,Left,Correct,0,0,-1.7181874902702163
rep_d5a43d3ea2a3e2ae47,vid_c63ebda7f39171bc,c63ebda7f39171bc5a2e686eb158743667393b6c138ec80830dc8b643869caf5,Right,Correct,0,0,-1.1050775436026992
rep_3a308bcf386c6a7ee0,vid_c63ebda7f39171bc,c63ebda7f39171bc5a2e686eb158743667393b6c138ec80830dc8b643869caf5,Left,Correct,0,0,-1.8484770739487169
rep_2bca3e223f0ea212b4,vid_c63ebda7f39171bc,c63ebda7f39171bc5a2e686eb158743667393b6c138ec80830dc8b643869caf5,Right,Correct,0,0,-0.6788127548030962
rep_6ba25eaa22a69f22ea,vid_4d1daeb09e2c1b0e,4d1daeb09e2c1b0e8d3930e205897ae84d6a3ce8235a0f45b0b791a77cf200c3,Right,Correct,0,0,-1.371051164669648
rep_c47dfb83a60baa7049,vid_4d1daeb09e2c1b0e,4d1daeb09e2c1b0e8d3930e205897ae84d6a3ce8235a0f45b0b791a77cf200c3,Right,Correct,0,0,-1.4761512466425568
rep_f6ac69e13453320ef3,vid_4d1daeb09e2c1b0e,4d1daeb09e2c1b0e8d3930e205897ae84d6a3ce8235a0f45b0b791a77cf200c3,Left,Correct,0,0,-1.528826065099238
rep_4fc424027655115822,vid_4d1daeb09e2c1b0e,4d1daeb09e2c1b0e8d3930e205897ae84d6a3ce8235a0f45b0b791a77cf200c3,Right,Correct,0,0,-1.3648625644928642
rep_11a1d40991198961f0,vid_4d1daeb09e2c1b0e,4d1daeb09e2c1b0e8d3930e205897ae84d6a3ce8235a0f45b0b791a77cf200c3,Right,Correct,0,0,-1.0926416614270797
rep_63276acd130a1a16ce,vid_4d1daeb09e2c1b0e,4d1daeb09e2c1b0e8d3930e205897ae84d6a3ce8235a0f45b0b791a77cf200c3,Left,Correct,0,0,-0.5687809503387595
rep_b2360b4774599f8408,vid_4d1daeb09e2c1b0e,4d1daeb09e2c1b0e8d3930e205897ae84d6a3ce8235a0f45b0b791a77cf200c3,Left,Correct,0,0,-1.439789462586318
rep_d8f0afe79b91d46b4e,vid_4d1daeb09e2c1b0e,4d1daeb09e2c1b0e8d3930e205897ae84d6a3ce8235a0f45b0b791a77cf200c3,Right,Correct,0,0,-0.8975020315147517
rep_0def6e3c339b9e5a3a,vid_4d1daeb09e2c1b0e,4d1daeb09e2c1b0e8d3930e205897ae84d6a3ce8235a0f45b0b791a77cf200c3,Left,Correct,0,0,-0.6542603411279058
rep_3b63838c9199bc61e4,vid_4d1daeb09e2c1b0e,4d1daeb09e2c1b0e8d3930e205897ae84d6a3ce8235a0f45b0b791a77cf200c3,Left,Correct,0,0,-1.4451442046419416
rep_02baf361a41927f7e1,vid_a7e0a74bb2cacc23,a7e0a74bb2cacc238320858de25d30ce6495e8cd04b46aea3b3d024289aca5db,Left,Incorrect,1,1,0.047433955216466595
rep_443563c8a2fba0febe,vid_a7e0a74bb2cacc23,a7e0a74bb2cacc238320858de25d30ce6495e8cd04b46aea3b3d024289aca5db,Right,Incorrect,1,1,0.27542988538522534
rep_826841f39e9298f126,vid_a7e0a74bb2cacc23,a7e0a74bb2cacc238320858de25d30ce6495e8cd04b46aea3b3d024289aca5db,Right,Incorrect,1,1,0.2786839610717885
rep_cd3eab9efb5a4c93d3,vid_a7e0a74bb2cacc23,a7e0a74bb2cacc238320858de25d30ce6495e8cd04b46aea3b3d024289aca5db,Right,Incorrect,1,1,0.3900317892326494
rep_3138501c806e115527,vid_a7e0a74bb2cacc23,a7e0a74bb2cacc238320858de25d30ce6495e8cd04b46aea3b3d024289aca5db,Right,Incorrect,1,1,0.10016908659589019
rep_9b8cb4166cbacaada7,vid_a7e0a74bb2cacc23,a7e0a74bb2cacc238320858de25d30ce6495e8cd04b46aea3b3d024289aca5db,Right,Incorrect,1,1,0.19246419035526408
rep_fd1259ada4de072a01,vid_a7e0a74bb2cacc23,a7e0a74bb2cacc238320858de25d30ce6495e8cd04b46aea3b3d024289aca5db,Left,Incorrect,1,1,0.25841335272529053
rep_dd74432211f9ffa5e1,vid_a7e0a74bb2cacc23,a7e0a74bb2cacc238320858de25d30ce6495e8cd04b46aea3b3d024289aca5db,Left,Incorrect,1,1,0.13480958834598994
rep_91609c5df4bead6c69,vid_a7e0a74bb2cacc23,a7e0a74bb2cacc238320858de25d30ce6495e8cd04b46aea3b3d024289aca5db,Left,Incorrect,1,1,0.01882032764518521
rep_a37330b43adea50a3e,vid_a7e0a74bb2cacc23,a7e0a74bb2cacc238320858de25d30ce6495e8cd04b46aea3b3d024289aca5db,Left,Incorrect,1,1,0.05536748797242125
rep_4ad73d552251012434,vid_a7e0a74bb2cacc23,a7e0a74bb2cacc238320858de25d30ce6495e8cd04b46aea3b3d024289aca5db,Left,Incorrect,1,1,0.33122626111426173
rep_fa168bf284d8c96c8f,vid_ac42199741c9c0c1,ac42199741c9c0c13105fcb9fddaa253e6440d9eb036a6fdc179c8b8090134ba,Left,Incorrect,1,1,0.9482456241770573
rep_acba12d05fb8cb1071,vid_ac42199741c9c0c1,ac42199741c9c0c13105fcb9fddaa253e6440d9eb036a6fdc179c8b8090134ba,Left,Incorrect,1,1,0.026317261553224447
rep_fa63fb414a09fba399,vid_ac42199741c9c0c1,ac42199741c9c0c13105fcb9fddaa253e6440d9eb036a6fdc179c8b8090134ba,Left,Incorrect,1,1,0.393808859158043
rep_8c2b0e419612f75982,vid_ac42199741c9c0c1,ac42199741c9c0c13105fcb9fddaa253e6440d9eb036a6fdc179c8b8090134ba,Left,Incorrect,1,1,0.30153209183189744
rep_60375464ef15bd70a9,vid_ac42199741c9c0c1,ac42199741c9c0c13105fcb9fddaa253e6440d9eb036a6fdc179c8b8090134ba,Right,Incorrect,1,1,0.6647066961246438
rep_8e0838c69b44e0e484,vid_ac42199741c9c0c1,ac42199741c9c0c13105fcb9fddaa253e6440d9eb036a6fdc179c8b8090134ba,Right,Incorrect,1,1,1.0196744514623322
rep_a9527922a989ef766d,vid_ac42199741c9c0c1,ac42199741c9c0c13105fcb9fddaa253e6440d9eb036a6fdc179c8b8090134ba,Right,Incorrect,1,1,0.5241845157266245
rep_7b675a687f7d9e628c,vid_ac42199741c9c0c1,ac42199741c9c0c13105fcb9fddaa253e6440d9eb036a6fdc179c8b8090134ba,Right,Incorrect,1,1,0.5956560674293564
rep_88e19ee5be79751d7e,vid_8c19cbd3c181b15a,8c19cbd3c181b15a570e9ee6a8a3ea6e41697c1947c4fede3395219d1cb4954e,Left,Correct,0,0,-0.996688094974931
rep_e0083818482a4934d7,vid_8c19cbd3c181b15a,8c19cbd3c181b15a570e9ee6a8a3ea6e41697c1947c4fede3395219d1cb4954e,Left,Correct,0,0,-1.2521893002149123
rep_a1e37a6d86f9be1dbb,vid_8c19cbd3c181b15a,8c19cbd3c181b15a570e9ee6a8a3ea6e41697c1947c4fede3395219d1cb4954e,Left,Correct,0,0,-0.990375375542911
rep_051c9c524e3b73459a,vid_8c19cbd3c181b15a,8c19cbd3c181b15a570e9ee6a8a3ea6e41697c1947c4fede3395219d1cb4954e,Right,Correct,0,0,-1.4771993171174282
rep_d70a06a71c2b8e94b3,vid_8c19cbd3c181b15a,8c19cbd3c181b15a570e9ee6a8a3ea6e41697c1947c4fede3395219d1cb4954e,Right,Correct,0,0,-1.471279149688275
rep_fd22cdda358387a39d,vid_8c19cbd3c181b15a,8c19cbd3c181b15a570e9ee6a8a3ea6e41697c1947c4fede3395219d1cb4954e,Right,Correct,0,0,-1.7417071111416982
rep_7d900f8fa9436f8bcc,vid_8c19cbd3c181b15a,8c19cbd3c181b15a570e9ee6a8a3ea6e41697c1947c4fede3395219d1cb4954e,Right,Correct,0,0,-0.5765830053090755
rep_8c67fa02a8495509fc,vid_fd3e2ae78827f629,fd3e2ae78827f6293b40641acd30e299663ba0b53240de5b6740936f2861e952,Left,Correct,0,0,-0.03317841117864151
rep_82d242d849eeae0237,vid_fd3e2ae78827f629,fd3e2ae78827f6293b40641acd30e299663ba0b53240de5b6740936f2861e952,Left,Correct,0,1,0.05939536267397705
rep_010c51d0b4570e895d,vid_fd3e2ae78827f629,fd3e2ae78827f6293b40641acd30e299663ba0b53240de5b6740936f2861e952,Left,Correct,0,0,-0.3496020295538198
rep_6d4759beadb7cb7930,vid_fd3e2ae78827f629,fd3e2ae78827f6293b40641acd30e299663ba0b53240de5b6740936f2861e952,Right,Correct,0,0,-1.6153670593381917
rep_725cbf72d2ac96e8be,vid_fd3e2ae78827f629,fd3e2ae78827f6293b40641acd30e299663ba0b53240de5b6740936f2861e952,Right,Correct,0,0,-0.8584688881373377
rep_b69516d1c1792753ff,vid_fd3e2ae78827f629,fd3e2ae78827f6293b40641acd30e299663ba0b53240de5b6740936f2861e952,Right,Correct,0,0,-1.6399460660591134
rep_c64a4599869d796b40,vid_4a4b044fd46cca10,4a4b044fd46cca1000f792aa35bef133cdfd810f8dc903addb3b724ec7c216e3,Left,Correct,0,0,-1.1859816551657825
rep_dcdc4f2da30a32a6af,vid_4a4b044fd46cca10,4a4b044fd46cca1000f792aa35bef133cdfd810f8dc903addb3b724ec7c216e3,Left,Correct,0,0,-0.9669217926865136
rep_a947b4bae2f945e240,vid_4a4b044fd46cca10,4a4b044fd46cca1000f792aa35bef133cdfd810f8dc903addb3b724ec7c216e3,Left,Correct,0,0,-1.1631624879882674
rep_e29f489f8bd9080007,vid_4a4b044fd46cca10,4a4b044fd46cca1000f792aa35bef133cdfd810f8dc903addb3b724ec7c216e3,Left,Correct,0,0,-1.307950708209539
rep_7b14ee7f1080746461,vid_4a4b044fd46cca10,4a4b044fd46cca1000f792aa35bef133cdfd810f8dc903addb3b724ec7c216e3,Right,Correct,0,0,-2.178747805835638
rep_e8bb0f69d30c556400,vid_4a4b044fd46cca10,4a4b044fd46cca1000f792aa35bef133cdfd810f8dc903addb3b724ec7c216e3,Right,Correct,0,0,-1.5364998208269753
rep_c5eb98de0ecf39c224,vid_4a4b044fd46cca10,4a4b044fd46cca1000f792aa35bef133cdfd810f8dc903addb3b724ec7c216e3,Right,Correct,0,0,-1.8243443149616785
rep_ebc5faa71293b08f88,vid_cccf82e3e7e7a94a,cccf82e3e7e7a94a53ac45e56881ae02d72c3a271212fd4f19e88e0626012211,Right,Correct,0,0,-0.11400147553349205
rep_8e15f367084c47cc58,vid_cccf82e3e7e7a94a,cccf82e3e7e7a94a53ac45e56881ae02d72c3a271212fd4f19e88e0626012211,Right,Correct,0,0,-0.7317624697820123
rep_d869da055595c4deef,vid_cccf82e3e7e7a94a,cccf82e3e7e7a94a53ac45e56881ae02d72c3a271212fd4f19e88e0626012211,Right,Correct,0,0,-0.1851513735053415
rep_d6c78d6a173b7fff30,vid_cccf82e3e7e7a94a,cccf82e3e7e7a94a53ac45e56881ae02d72c3a271212fd4f19e88e0626012211,Right,Correct,0,0,-0.8932448751735137
rep_9c84c6e808098ddddd,vid_cccf82e3e7e7a94a,cccf82e3e7e7a94a53ac45e56881ae02d72c3a271212fd4f19e88e0626012211,Right,Correct,0,0,-1.009419191220545
rep_f8dd7411e8827b9d89,vid_cccf82e3e7e7a94a,cccf82e3e7e7a94a53ac45e56881ae02d72c3a271212fd4f19e88e0626012211,Right,Correct,0,0,-0.6676553773756119
rep_167d453a980a90ffb1,vid_cccf82e3e7e7a94a,cccf82e3e7e7a94a53ac45e56881ae02d72c3a271212fd4f19e88e0626012211,Right,Correct,0,0,-1.1654049470928913
rep_0223c41078f59ba0c7,vid_cccf82e3e7e7a94a,cccf82e3e7e7a94a53ac45e56881ae02d72c3a271212fd4f19e88e0626012211,Right,Correct,0,0,-0.8863654762603487
rep_6e23e4f49a60e42831,vid_871bc1a5b112709b,871bc1a5b112709b54bcc14e881b0f944c0e580f2f3b3db8767ecd6da43b1d5b,Left,Correct,0,0,-1.0427285455950974
rep_e2c3d0e2d2b5678e36,vid_871bc1a5b112709b,871bc1a5b112709b54bcc14e881b0f944c0e580f2f3b3db8767ecd6da43b1d5b,Left,Correct,0,0,-1.166248949310135
rep_d0ff18f99d0f27f12c,vid_871bc1a5b112709b,871bc1a5b112709b54bcc14e881b0f944c0e580f2f3b3db8767ecd6da43b1d5b,Left,Correct,0,0,-0.1732621459774678
rep_f90d8c60da13e3f372,vid_871bc1a5b112709b,871bc1a5b112709b54bcc14e881b0f944c0e580f2f3b3db8767ecd6da43b1d5b,Left,Correct,0,0,-0.9374442856155977
rep_7a9e2557829a90b7e0,vid_871bc1a5b112709b,871bc1a5b112709b54bcc14e881b0f944c0e580f2f3b3db8767ecd6da43b1d5b,Left,Correct,0,0,-0.3444574444801508
rep_d0b67e69c0399de83d,vid_871bc1a5b112709b,871bc1a5b112709b54bcc14e881b0f944c0e580f2f3b3db8767ecd6da43b1d5b,Left,Correct,0,0,-0.7330031916265282
rep_9210747dded1234c01,vid_871bc1a5b112709b,871bc1a5b112709b54bcc14e881b0f944c0e580f2f3b3db8767ecd6da43b1d5b,Left,Correct,0,0,-0.6586040999446418
rep_c3ae4bbb70cbada492,vid_871bc1a5b112709b,871bc1a5b112709b54bcc14e881b0f944c0e580f2f3b3db8767ecd6da43b1d5b,Left,Correct,0,0,-0.5874403808231662
rep_f3526932ce290edab5,vid_871bc1a5b112709b,871bc1a5b112709b54bcc14e881b0f944c0e580f2f3b3db8767ecd6da43b1d5b,Left,Correct,0,0,-0.7801594897163303
rep_d16b4c22ff4fca8332,vid_871bc1a5b112709b,871bc1a5b112709b54bcc14e881b0f944c0e580f2f3b3db8767ecd6da43b1d5b,Left,Correct,0,0,-1.1714525534086455
rep_2a706f670399059ddc,vid_0c264aade3d23621,0c264aade3d2362157e8484603caa05154f40187f222e5540272f8f0b1764d2f,Left,Correct,0,0,-1.2293249549461815
rep_d7af2020d057934d50,vid_5ecd6a78f9f6d143,5ecd6a78f9f6d143ddf980bf4c33c734eff0879442f9a19a8749de04f5f9018d,Right,Incorrect,1,0,-0.3938375800394344
rep_abd2c8c804430edc55,vid_5ecd6a78f9f6d143,5ecd6a78f9f6d143ddf980bf4c33c734eff0879442f9a19a8749de04f5f9018d,Right,Incorrect,1,0,-0.21829332790342454
rep_9aae73a476f0e1ecb0,vid_5ecd6a78f9f6d143,5ecd6a78f9f6d143ddf980bf4c33c734eff0879442f9a19a8749de04f5f9018d,Right,Incorrect,1,0,-0.06883107579975917
rep_a614111ef20922f016,vid_5ecd6a78f9f6d143,5ecd6a78f9f6d143ddf980bf4c33c734eff0879442f9a19a8749de04f5f9018d,Right,Incorrect,1,1,0.15995399822567502
rep_c39d5255ec18bcee57,vid_5ecd6a78f9f6d143,5ecd6a78f9f6d143ddf980bf4c33c734eff0879442f9a19a8749de04f5f9018d,Right,Incorrect,1,1,1.0502528465804288
rep_b5df2f9774dcb2df9c,vid_5ecd6a78f9f6d143,5ecd6a78f9f6d143ddf980bf4c33c734eff0879442f9a19a8749de04f5f9018d,Right,Incorrect,1,1,0.42228804588350405
rep_723e60d2b4c013afb1,vid_5ecd6a78f9f6d143,5ecd6a78f9f6d143ddf980bf4c33c734eff0879442f9a19a8749de04f5f9018d,Right,Incorrect,1,1,0.16825145483490514
rep_35b4b0fac466afddb0,vid_5ecd6a78f9f6d143,5ecd6a78f9f6d143ddf980bf4c33c734eff0879442f9a19a8749de04f5f9018d,Right,Incorrect,1,0,-0.05279548954113367
rep_27863e57422bec0cd1,vid_e61ec8fb945f06ad,e61ec8fb945f06ad3ef037f07f62253ccfe72e9b2c78303874976ee3e879c5d0,Left,Incorrect,1,1,0.41214887034926906
rep_2f16162b29e51e2f78,vid_e61ec8fb945f06ad,e61ec8fb945f06ad3ef037f07f62253ccfe72e9b2c78303874976ee3e879c5d0,Left,Incorrect,1,0,-0.21542887627888185
rep_6d7e4cbc3b8ce62f45,vid_e61ec8fb945f06ad,e61ec8fb945f06ad3ef037f07f62253ccfe72e9b2c78303874976ee3e879c5d0,Left,Incorrect,1,0,-0.4665185384736328
rep_b1d03d4854933c563f,vid_e61ec8fb945f06ad,e61ec8fb945f06ad3ef037f07f62253ccfe72e9b2c78303874976ee3e879c5d0,Left,Incorrect,1,1,0.7701331682558348
rep_7501569b908e793d35,vid_e61ec8fb945f06ad,e61ec8fb945f06ad3ef037f07f62253ccfe72e9b2c78303874976ee3e879c5d0,Left,Incorrect,1,0,-0.3715374361042293
rep_7e51865d23f0a47ccb,vid_e61ec8fb945f06ad,e61ec8fb945f06ad3ef037f07f62253ccfe72e9b2c78303874976ee3e879c5d0,Left,Incorrect,1,1,0.1497192705779395
rep_66de1799390f52427b,vid_ffec5a0821a6c480,ffec5a0821a6c480242291313be77238c6457f817bfaf26e097ac25f311be36b,Right,Correct,0,0,-0.8074132972425506
rep_553468c167c3d10264,vid_ffec5a0821a6c480,ffec5a0821a6c480242291313be77238c6457f817bfaf26e097ac25f311be36b,Right,Correct,0,0,-1.5362694014391725
rep_83421d321828b69e6d,vid_ffec5a0821a6c480,ffec5a0821a6c480242291313be77238c6457f817bfaf26e097ac25f311be36b,Right,Correct,0,0,-0.8458801199952605
rep_5e045c199c05e4d1f5,vid_ffec5a0821a6c480,ffec5a0821a6c480242291313be77238c6457f817bfaf26e097ac25f311be36b,Right,Correct,0,0,-1.1336750821141535
rep_2a229748fc8b8dea38,vid_ffec5a0821a6c480,ffec5a0821a6c480242291313be77238c6457f817bfaf26e097ac25f311be36b,Right,Correct,0,0,-1.0972190687635743
rep_ce3bc79cff8137bdbc,vid_ffec5a0821a6c480,ffec5a0821a6c480242291313be77238c6457f817bfaf26e097ac25f311be36b,Right,Correct,0,0,-0.9962850612477808
rep_911557ec2316444144,vid_ffec5a0821a6c480,ffec5a0821a6c480242291313be77238c6457f817bfaf26e097ac25f311be36b,Right,Correct,0,1,0.04172356342934014
rep_ed5503be0ec8ad904f,vid_ffec5a0821a6c480,ffec5a0821a6c480242291313be77238c6457f817bfaf26e097ac25f311be36b,Right,Correct,0,1,0.608045825199314
rep_058f4e9eb34097e9af,vid_ffec5a0821a6c480,ffec5a0821a6c480242291313be77238c6457f817bfaf26e097ac25f311be36b,Right,Correct,0,0,-0.8984150222172297
rep_0950635c9107f00107,vid_ffec5a0821a6c480,ffec5a0821a6c480242291313be77238c6457f817bfaf26e097ac25f311be36b,Right,Correct,0,0,-1.201789980723372
rep_e680b771aee91835f2,vid_ffec5a0821a6c480,ffec5a0821a6c480242291313be77238c6457f817bfaf26e097ac25f311be36b,Right,Correct,0,0,-1.1346816268552198
rep_abfde45ee3011ded28,vid_ffec5a0821a6c480,ffec5a0821a6c480242291313be77238c6457f817bfaf26e097ac25f311be36b,Right,Correct,0,0,-1.0729297600955499
rep_c9d185afbd34a49b2a,vid_ffec5a0821a6c480,ffec5a0821a6c480242291313be77238c6457f817bfaf26e097ac25f311be36b,Right,Correct,0,0,-1.417365015008679
rep_e69932267095995434,vid_bbc5006a077ac6b1,bbc5006a077ac6b1ae0a4687a5948efb8fc2626ea44d5f6a3498211d6038a9be,Left,Correct,0,0,-0.87730797954958
rep_dbbca0e9e8f0d1f5a2,vid_bbc5006a077ac6b1,bbc5006a077ac6b1ae0a4687a5948efb8fc2626ea44d5f6a3498211d6038a9be,Left,Correct,0,0,-0.515346619903736
rep_75e0f4a0f4886840c9,vid_bbc5006a077ac6b1,bbc5006a077ac6b1ae0a4687a5948efb8fc2626ea44d5f6a3498211d6038a9be,Left,Correct,0,0,-0.4196111277630119
rep_84528959491488725c,vid_bbc5006a077ac6b1,bbc5006a077ac6b1ae0a4687a5948efb8fc2626ea44d5f6a3498211d6038a9be,Left,Correct,0,0,-1.5015106738522672
rep_b0b26366e45af54e18,vid_bbc5006a077ac6b1,bbc5006a077ac6b1ae0a4687a5948efb8fc2626ea44d5f6a3498211d6038a9be,Left,Correct,0,0,-1.2590675296018647
rep_eea76f3ce16712ba34,vid_bbc5006a077ac6b1,bbc5006a077ac6b1ae0a4687a5948efb8fc2626ea44d5f6a3498211d6038a9be,Left,Correct,0,0,-0.8596232083420448
rep_6f6457b2c6082aad4b,vid_bbc5006a077ac6b1,bbc5006a077ac6b1ae0a4687a5948efb8fc2626ea44d5f6a3498211d6038a9be,Left,Correct,0,0,-1.063933227830571
rep_96e0f2de75f010a545,vid_bbc5006a077ac6b1,bbc5006a077ac6b1ae0a4687a5948efb8fc2626ea44d5f6a3498211d6038a9be,Left,Correct,0,0,-0.7372971534085557
rep_d4f184058e742c55a8,vid_bbc5006a077ac6b1,bbc5006a077ac6b1ae0a4687a5948efb8fc2626ea44d5f6a3498211d6038a9be,Left,Correct,0,1,0.04280190225250968
rep_a7b16cdf5f9c7677ca,vid_bbc5006a077ac6b1,bbc5006a077ac6b1ae0a4687a5948efb8fc2626ea44d5f6a3498211d6038a9be,Left,Correct,0,0,-1.2517174568472689
rep_aee0a429a21693a253,vid_aa01d8740a74fd7d,aa01d8740a74fd7d726fb4246dcbce6ec50b9247f5a92306756e3493cccc1abc,Right,Incorrect,1,0,-0.5367776168189344
rep_4a38d28ad2708bf974,vid_aa01d8740a74fd7d,aa01d8740a74fd7d726fb4246dcbce6ec50b9247f5a92306756e3493cccc1abc,Right,Incorrect,1,1,1.0368526949137578
rep_1c63cefc535235092e,vid_aa01d8740a74fd7d,aa01d8740a74fd7d726fb4246dcbce6ec50b9247f5a92306756e3493cccc1abc,Right,Incorrect,1,1,1.492515912977714
rep_79c5c294b8bda9221b,vid_aa01d8740a74fd7d,aa01d8740a74fd7d726fb4246dcbce6ec50b9247f5a92306756e3493cccc1abc,Right,Incorrect,1,1,0.7445568243115235
rep_cec13eefff34409cdb,vid_aa01d8740a74fd7d,aa01d8740a74fd7d726fb4246dcbce6ec50b9247f5a92306756e3493cccc1abc,Right,Incorrect,1,0,-0.6143985771643057
rep_6e34e000e401e92ab6,vid_aa01d8740a74fd7d,aa01d8740a74fd7d726fb4246dcbce6ec50b9247f5a92306756e3493cccc1abc,Right,Incorrect,1,0,-0.5431334095368707
rep_865eff11a82c98aff9,vid_aa01d8740a74fd7d,aa01d8740a74fd7d726fb4246dcbce6ec50b9247f5a92306756e3493cccc1abc,Right,Incorrect,1,1,0.03910323188027759
rep_834edc610f0edab7bf,vid_aa01d8740a74fd7d,aa01d8740a74fd7d726fb4246dcbce6ec50b9247f5a92306756e3493cccc1abc,Right,Incorrect,1,0,-0.9640404533922942
rep_cddfc02155f1821b8f,vid_33cbe5f84565bf3d,33cbe5f84565bf3d8bb4e0c445c46cf78abfc5486aa4d22d79bb160b519c4969,Left,Incorrect,1,0,-0.25951724167691503
rep_ee7d1d18c368991ac9,vid_33cbe5f84565bf3d,33cbe5f84565bf3d8bb4e0c445c46cf78abfc5486aa4d22d79bb160b519c4969,Left,Incorrect,1,1,0.5207323352359005
rep_d5d4d4a1e507d6b680,vid_33cbe5f84565bf3d,33cbe5f84565bf3d8bb4e0c445c46cf78abfc5486aa4d22d79bb160b519c4969,Left,Incorrect,1,1,0.059285377386979976
rep_022ebf6bb664f09d61,vid_33cbe5f84565bf3d,33cbe5f84565bf3d8bb4e0c445c46cf78abfc5486aa4d22d79bb160b519c4969,Left,Incorrect,1,1,0.8034324721332735
rep_1469f4f4fb01f19d72,vid_33cbe5f84565bf3d,33cbe5f84565bf3d8bb4e0c445c46cf78abfc5486aa4d22d79bb160b519c4969,Left,Incorrect,1,1,0.2529780593971956
rep_19561ede8233796b10,vid_33cbe5f84565bf3d,33cbe5f84565bf3d8bb4e0c445c46cf78abfc5486aa4d22d79bb160b519c4969,Left,Incorrect,1,0,-0.26306945796322456
rep_f4b3097cc669548327,vid_33cbe5f84565bf3d,33cbe5f84565bf3d8bb4e0c445c46cf78abfc5486aa4d22d79bb160b519c4969,Left,Incorrect,1,0,-0.7140688361496778
rep_e1b6add5088147c3ba,vid_33cbe5f84565bf3d,33cbe5f84565bf3d8bb4e0c445c46cf78abfc5486aa4d22d79bb160b519c4969,Left,Incorrect,1,1,0.4264921795927609
rep_d17ae39eb23db00ffb,vid_33cbe5f84565bf3d,33cbe5f84565bf3d8bb4e0c445c46cf78abfc5486aa4d22d79bb160b519c4969,Left,Incorrect,1,1,1.5803227248007063
rep_b7b00586fe8bd0f1b6,vid_33cbe5f84565bf3d,33cbe5f84565bf3d8bb4e0c445c46cf78abfc5486aa4d22d79bb160b519c4969,Left,Correct,0,0,-0.3769169554311824
rep_ad33ca17f825154427,vid_33cbe5f84565bf3d,33cbe5f84565bf3d8bb4e0c445c46cf78abfc5486aa4d22d79bb160b519c4969,Left,Incorrect,1,1,0.07673383766933328
rep_44118ed2737a68ce85,vid_33cbe5f84565bf3d,33cbe5f84565bf3d8bb4e0c445c46cf78abfc5486aa4d22d79bb160b519c4969,Left,Correct,0,0,-0.6577858552597241
rep_597f9b9e8bf941e18e,vid_33cbe5f84565bf3d,33cbe5f84565bf3d8bb4e0c445c46cf78abfc5486aa4d22d79bb160b519c4969,Left,Incorrect,1,1,1.740196199046113
rep_adb80c25b2c9d425f3,vid_3e2129fa15608b04,3e2129fa15608b04610513ebfa1a6857a68032b8fe7b2d5eb4a064fd3f4ebcf1,Right,Correct,0,0,-1.6372296124263719
rep_554e3ad8208e7b637c,vid_3e2129fa15608b04,3e2129fa15608b04610513ebfa1a6857a68032b8fe7b2d5eb4a064fd3f4ebcf1,Right,Correct,0,0,-0.4073644775454336
rep_da2f0010908c6eb032,vid_3e2129fa15608b04,3e2129fa15608b04610513ebfa1a6857a68032b8fe7b2d5eb4a064fd3f4ebcf1,Right,Correct,0,0,-0.9993771900396086
rep_0d63cb249dcc0744ef,vid_3e2129fa15608b04,3e2129fa15608b04610513ebfa1a6857a68032b8fe7b2d5eb4a064fd3f4ebcf1,Right,Correct,0,0,-1.273877600304448
rep_4dfea2f3fd5ac8b257,vid_3e2129fa15608b04,3e2129fa15608b04610513ebfa1a6857a68032b8fe7b2d5eb4a064fd3f4ebcf1,Right,Correct,0,0,-0.9777347681599556
rep_78a0d12479541b9d88,vid_3e2129fa15608b04,3e2129fa15608b04610513ebfa1a6857a68032b8fe7b2d5eb4a064fd3f4ebcf1,Right,Correct,0,0,-1.2349245620841636
rep_b3645da62bbd2d427a,vid_3e2129fa15608b04,3e2129fa15608b04610513ebfa1a6857a68032b8fe7b2d5eb4a064fd3f4ebcf1,Right,Correct,0,0,-1.4387121017091902
rep_7abe4e1b8bc95b4c35,vid_3e2129fa15608b04,3e2129fa15608b04610513ebfa1a6857a68032b8fe7b2d5eb4a064fd3f4ebcf1,Right,Correct,0,0,-1.5745381933706026
rep_6c538cb001cf283488,vid_3e2129fa15608b04,3e2129fa15608b04610513ebfa1a6857a68032b8fe7b2d5eb4a064fd3f4ebcf1,Right,Correct,0,0,-1.6743204949189527
rep_86bf49a3e75df22620,vid_3e2129fa15608b04,3e2129fa15608b04610513ebfa1a6857a68032b8fe7b2d5eb4a064fd3f4ebcf1,Right,Correct,0,0,-1.6799184705484453
rep_4cf117e3f09fd04811,vid_dd4079cefb8f35d3,dd4079cefb8f35d359dd29c83372b1c6d83c3d4d3899675e2f40a02a9af5ca45,Left,Correct,0,0,-1.572737241976306
rep_000b3a49ed66a26cd4,vid_dd4079cefb8f35d3,dd4079cefb8f35d359dd29c83372b1c6d83c3d4d3899675e2f40a02a9af5ca45,Left,Correct,0,0,-1.502242381743372
rep_f7b25824c180b3b99e,vid_dd4079cefb8f35d3,dd4079cefb8f35d359dd29c83372b1c6d83c3d4d3899675e2f40a02a9af5ca45,Left,Correct,0,0,-1.5431498240274324
rep_cc4d004af51869c14f,vid_dd4079cefb8f35d3,dd4079cefb8f35d359dd29c83372b1c6d83c3d4d3899675e2f40a02a9af5ca45,Left,Correct,0,0,-1.432980671568645
rep_47c05630bd12f93580,vid_dd4079cefb8f35d3,dd4079cefb8f35d359dd29c83372b1c6d83c3d4d3899675e2f40a02a9af5ca45,Left,Correct,0,0,-1.108122272057317
rep_f0c351e2ed0c752d12,vid_dd4079cefb8f35d3,dd4079cefb8f35d359dd29c83372b1c6d83c3d4d3899675e2f40a02a9af5ca45,Left,Correct,0,0,-1.7840441826622169
rep_55f1cf4d132e297fa8,vid_dd4079cefb8f35d3,dd4079cefb8f35d359dd29c83372b1c6d83c3d4d3899675e2f40a02a9af5ca45,Left,Correct,0,0,-1.4490874678048475
rep_32b7ca8fa017f2f360,vid_dd4079cefb8f35d3,dd4079cefb8f35d359dd29c83372b1c6d83c3d4d3899675e2f40a02a9af5ca45,Left,Correct,0,0,-1.21862000784104
rep_64a8bb8f3fdd8ff2de,vid_dd4079cefb8f35d3,dd4079cefb8f35d359dd29c83372b1c6d83c3d4d3899675e2f40a02a9af5ca45,Left,Correct,0,0,-0.7351604189089553
rep_a311f440abd3b3b9f6,vid_dd4079cefb8f35d3,dd4079cefb8f35d359dd29c83372b1c6d83c3d4d3899675e2f40a02a9af5ca45,Left,Correct,0,0,-1.051124395671253
rep_709aefa59abbdda681,vid_2f993d44fd54187e,2f993d44fd54187e29f371cb06d363b77ffa82c336c63e5bdf4afaed4141a97a,Right,Incorrect,1,0,-1.3415694157578804
rep_c76e4661561c2feeb0,vid_2f993d44fd54187e,2f993d44fd54187e29f371cb06d363b77ffa82c336c63e5bdf4afaed4141a97a,Right,Incorrect,1,0,-0.4254129887686111
rep_215b169aee5b06c4cb,vid_2f993d44fd54187e,2f993d44fd54187e29f371cb06d363b77ffa82c336c63e5bdf4afaed4141a97a,Right,Incorrect,1,0,-0.10352298184455422
rep_e1ba0ca673273d816e,vid_2f993d44fd54187e,2f993d44fd54187e29f371cb06d363b77ffa82c336c63e5bdf4afaed4141a97a,Right,Incorrect,1,1,0.050548307337878184
rep_ebbc42143c6e49093c,vid_2f993d44fd54187e,2f993d44fd54187e29f371cb06d363b77ffa82c336c63e5bdf4afaed4141a97a,Right,Incorrect,1,1,0.595857467852189
rep_195e4e5ecad0f53344,vid_2f993d44fd54187e,2f993d44fd54187e29f371cb06d363b77ffa82c336c63e5bdf4afaed4141a97a,Right,Incorrect,1,1,0.17251857286224054
rep_aa68b93d455532c686,vid_2f993d44fd54187e,2f993d44fd54187e29f371cb06d363b77ffa82c336c63e5bdf4afaed4141a97a,Right,Incorrect,1,1,0.3121983668807148
rep_b1d4ed63906ea1bec9,vid_d19791ead4037b9a,d19791ead4037b9addbb1cab23e26addc64e7a9a6d8d7ee378000e63a3890d1b,Left,Incorrect,1,1,1.6705974822865137
rep_a75ff677dcd98eb2fd,vid_d19791ead4037b9a,d19791ead4037b9addbb1cab23e26addc64e7a9a6d8d7ee378000e63a3890d1b,Left,Incorrect,1,1,1.1196292739695135
rep_c1831610de7e01f9bd,vid_d19791ead4037b9a,d19791ead4037b9addbb1cab23e26addc64e7a9a6d8d7ee378000e63a3890d1b,Left,Incorrect,1,1,1.7540558922096765
rep_b257c286eaa1bdf653,vid_d19791ead4037b9a,d19791ead4037b9addbb1cab23e26addc64e7a9a6d8d7ee378000e63a3890d1b,Left,Incorrect,1,1,1.4998663300453434
rep_e49bed2fd11cb67f4e,vid_d19791ead4037b9a,d19791ead4037b9addbb1cab23e26addc64e7a9a6d8d7ee378000e63a3890d1b,Left,Incorrect,1,1,1.4524692159440473
