perturbation_type,evaluations_count,mean_abs_score_delta,median_abs_score_delta,max_abs_score_delta,mean_duration_delta_sec,mean_rom_delta_deg,prediction_flip_rate_pct,flips_count
exact_manual,63,0.0,0.0,0.0,0.0,0.0,0.0,0
start_early_10f,63,0.11124929105821912,0.061348320209077656,0.7655023572783393,0.514066317460318,0.5413132924882192,1.5873015873015872,1
start_early_20f,63,0.168118685457641,0.10628667517856971,0.8857964379314651,0.6674398412698413,0.8111311897398934,3.1746031746031744,2
start_late_10f,63,0.15566045854874305,0.09536563255550812,0.7992415496111174,-0.1665959523809523,-1.7301312401181175,1.5873015873015872,1
start_late_20f,63,0.2263113765603928,0.1543998058275705,0.8529280356593968,-0.33319207936507894,-2.2333062792581226,3.1746031746031744,2
end_early_10f,63,0.17005060121129018,0.07530986850047627,1.6201857683657592,-0.16659574603174626,-1.2327396453373016,3.1746031746031744,2
end_early_20f,63,0.2965492674555513,0.1764207459164958,2.1872792224957314,-0.3331913174603176,-1.7485702756851438,7.936507936507936,5
end_late_10f,63,0.13492360812115464,0.06688037417874959,0.6680287385821571,0.5140672063492061,1.703014434330047,1.5873015873015872,1
end_late_20f,63,0.2173887518799392,0.12238501662133983,0.8188278201545319,0.6674401904761901,1.9120409526522197,7.936507936507936,5
both_inward_10f,63,0.2726877689923364,0.15772490144073714,1.7563189068310074,-0.3331916984126986,-3.8194396003844244,3.1746031746031744,2
both_outward_10f,63,0.19851950438997093,0.1305526621488362,0.7655012997224344,1.028133523809524,2.1081176031203497,4.761904761904762,3
both_inward_20f,63,0.44545434991563015,0.28795275796908015,2.6720953405494607,-0.6663833968253965,-7.673641628689236,11.11111111111111,7
both_outward_20f,63,0.30455602076602933,0.2554197797799249,1.1434436343308976,1.3348800317460319,2.4281629532102555,7.936507936507936,5
