repetition_id,source_sha256,video_id,source_video,start_frame,end_frame,subject_id,hand,label,human_review_status,excluded,supervised_eligible,exclusion_reason,historical_evidence_ref,prohibited_uses
rep_a50caba1b30632132e,cccf82e3e7e7a94a53ac45e56881ae02d72c3a271212fd4f19e88e0626012211,vid_cccf82e3e7e7a94a,<source_video_redacted>/20260825_120703.mp4,336,464,person1,,,not_in_current_human_review,True,False,not_reviewed_in_current_human_review,../../manifest.csv,training;supervised_validation;feature_selection;calibration;augmentation;all_supervised_experiments
rep_0b135d94919765ba55,cccf82e3e7e7a94a53ac45e56881ae02d72c3a271212fd4f19e88e0626012211,vid_cccf82e3e7e7a94a,<source_video_redacted>/20260825_120703.mp4,1616,1814,person1,,,not_in_current_human_review,True,False,not_reviewed_in_current_human_review,../../manifest.csv,training;supervised_validation;feature_selection;calibration;augmentation;all_supervised_experiments
rep_409193d34aefb813d4,cccf82e3e7e7a94a53ac45e56881ae02d72c3a271212fd4f19e88e0626012211,vid_cccf82e3e7e7a94a,<source_video_redacted>/20260825_120703.mp4,2096,2184,person1,,,not_in_current_human_review,True,False,not_reviewed_in_current_human_review,../../manifest.csv,training;supervised_validation;feature_selection;calibration;augmentation;all_supervised_experiments
rep_bc1fd36f25173f6e33,cccf82e3e7e7a94a53ac45e56881ae02d72c3a271212fd4f19e88e0626012211,vid_cccf82e3e7e7a94a,<source_video_redacted>/20260825_120703.mp4,2604,2758,person1,,,not_in_current_human_review,True,False,not_reviewed_in_current_human_review,../../manifest.csv,training;supervised_validation;feature_selection;calibration;augmentation;all_supervised_experiments
rep_8b080db6d298e45fa2,5ecd6a78f9f6d143ddf980bf4c33c734eff0879442f9a19a8749de04f5f9018d,vid_5ecd6a78f9f6d143,<source_video_redacted>/20260825_121007.mp4,436,560,person1,,,not_in_current_human_review,True,False,not_reviewed_in_current_human_review,../../manifest.csv,training;supervised_validation;feature_selection;calibration;augmentation;all_supervised_experiments
rep_1f9c8b1933493f8aad,5ecd6a78f9f6d143ddf980bf4c33c734eff0879442f9a19a8749de04f5f9018d,vid_5ecd6a78f9f6d143,<source_video_redacted>/20260825_121007.mp4,856,1078,person1,,,not_in_current_human_review,True,False,not_reviewed_in_current_human_review,../../manifest.csv,training;supervised_validation;feature_selection;calibration;augmentation;all_supervised_experiments
rep_2c54e8aa18e1e05c58,5ecd6a78f9f6d143ddf980bf4c33c734eff0879442f9a19a8749de04f5f9018d,vid_5ecd6a78f9f6d143,<source_video_redacted>/20260825_121007.mp4,1078,1246,person1,,,not_in_current_human_review,True,False,not_reviewed_in_current_human_review,../../manifest.csv,training;supervised_validation;feature_selection;calibration;augmentation;all_supervised_experiments
rep_26a043c99e5d6a87ee,5ecd6a78f9f6d143ddf980bf4c33c734eff0879442f9a19a8749de04f5f9018d,vid_5ecd6a78f9f6d143,<source_video_redacted>/20260825_121007.mp4,1392,1514,person1,,,not_in_current_human_review,True,False,not_reviewed_in_current_human_review,../../manifest.csv,training;supervised_validation;feature_selection;calibration;augmentation;all_supervised_experiments
rep_6d6c5c575a89de65bb,5ecd6a78f9f6d143ddf980bf4c33c734eff0879442f9a19a8749de04f5f9018d,vid_5ecd6a78f9f6d143,<source_video_redacted>/20260825_121007.mp4,1514,1684,person1,,,not_in_current_human_review,True,False,not_reviewed_in_current_human_review,../../manifest.csv,training;supervised_validation;feature_selection;calibration;augmentation;all_supervised_experiments
rep_cac0d9fbb1bee389bc,5ecd6a78f9f6d143ddf980bf4c33c734eff0879442f9a19a8749de04f5f9018d,vid_5ecd6a78f9f6d143,<source_video_redacted>/20260825_121007.mp4,2290,2348,person1,,,not_in_current_human_review,True,False,not_reviewed_in_current_human_review,../../manifest.csv,training;supervised_validation;feature_selection;calibration;augmentation;all_supervised_experiments
rep_37ad9c5d6437dd59ab,5ecd6a78f9f6d143ddf980bf4c33c734eff0879442f9a19a8749de04f5f9018d,vid_5ecd6a78f9f6d143,<source_video_redacted>/20260825_121007.mp4,2348,2470,person1,,,not_in_current_human_review,True,False,not_reviewed_in_current_human_review,../../manifest.csv,training;supervised_validation;feature_selection;calibration;augmentation;all_supervised_experiments
rep_60b1cedae181775f91,5ecd6a78f9f6d143ddf980bf4c33c734eff0879442f9a19a8749de04f5f9018d,vid_5ecd6a78f9f6d143,<source_video_redacted>/20260825_121007.mp4,2648,2708,person1,,,not_in_current_human_review,True,False,not_reviewed_in_current_human_review,../../manifest.csv,training;supervised_validation;feature_selection;calibration;augmentation;all_supervised_experiments
rep_d172d6fb43d2d89039,e61ec8fb945f06ad3ef037f07f62253ccfe72e9b2c78303874976ee3e879c5d0,vid_e61ec8fb945f06ad,<source_video_redacted>/20260825_121059.mp4,336,470,person1,,,not_in_current_human_review,True,False,not_reviewed_in_current_human_review,../../manifest.csv,training;supervised_validation;feature_selection;calibration;augmentation;all_supervised_experiments
rep_5a0f951c5faa74946c,e61ec8fb945f06ad3ef037f07f62253ccfe72e9b2c78303874976ee3e879c5d0,vid_e61ec8fb945f06ad,<source_video_redacted>/20260825_121059.mp4,1310,1370,person1,,,not_in_current_human_review,True,False,not_reviewed_in_current_human_review,../../manifest.csv,training;supervised_validation;feature_selection;calibration;augmentation;all_supervised_experiments
rep_00a92ff62a94153bbf,e61ec8fb945f06ad3ef037f07f62253ccfe72e9b2c78303874976ee3e879c5d0,vid_e61ec8fb945f06ad,<source_video_redacted>/20260825_121059.mp4,1894,1992,person1,,,not_in_current_human_review,True,False,not_reviewed_in_current_human_review,../../manifest.csv,training;supervised_validation;feature_selection;calibration;augmentation;all_supervised_experiments
rep_6d16ac3bbfd9f57aea,e61ec8fb945f06ad3ef037f07f62253ccfe72e9b2c78303874976ee3e879c5d0,vid_e61ec8fb945f06ad,<source_video_redacted>/20260825_121059.mp4,2408,2500,person1,,,not_in_current_human_review,True,False,not_reviewed_in_current_human_review,../../manifest.csv,training;supervised_validation;feature_selection;calibration;augmentation;all_supervised_experiments
rep_fc9628ef544928d170,03222b4845d8ef2c3f4e08e3875534163998d9d4d2f61daa16335188ceda6f89,vid_03222b4845d8ef2c,<source_video_redacted>/20260910_144154.mp4,364,600,person4,,,not_in_current_human_review,True,False,not_reviewed_in_current_human_review,../../manifest.csv,training;supervised_validation;feature_selection;calibration;augmentation;all_supervised_experiments
rep_7114055409e6341911,a7e0a74bb2cacc238320858de25d30ce6495e8cd04b46aea3b3d024289aca5db,vid_a7e0a74bb2cacc23,<source_video_redacted>/20260910_150357.mp4,158,342,person5,,,not_in_current_human_review,True,False,not_reviewed_in_current_human_review,../../manifest.csv,training;supervised_validation;feature_selection;calibration;augmentation;all_supervised_experiments
rep_19da0e3948c0931a74,d5dd3c73ecfdd074e9209c7a26abee875b7b134b366aea3d36923562310edd07,vid_d5dd3c73ecfdd074,<source_video_redacted>/VID20260825125415.mp4,1116,1159,person3,,,not_in_current_human_review,True,False,not_reviewed_in_current_human_review,../../manifest.csv,training;supervised_validation;feature_selection;calibration;augmentation;all_supervised_experiments
rep_ca9a7d6adf90f9cde8,2f993d44fd54187e29f371cb06d363b77ffa82c336c63e5bdf4afaed4141a97a,vid_2f993d44fd54187e,<source_video_redacted>/VID20260825125647.mp4,692,739,person3,,,not_in_current_human_review,True,False,not_reviewed_in_current_human_review,../../manifest.csv,training;supervised_validation;feature_selection;calibration;augmentation;all_supervised_experiments
rep_1cdc0449410c0c6fd2,d19791ead4037b9addbb1cab23e26addc64e7a9a6d8d7ee378000e63a3890d1b,vid_d19791ead4037b9a,<source_video_redacted>/VID20260825125720.mp4,264,337,person3,,,not_in_current_human_review,True,False,not_reviewed_in_current_human_review,../../manifest.csv,training;supervised_validation;feature_selection;calibration;augmentation;all_supervised_experiments
rep_8e5f2fbf2b0c4650c6,d19791ead4037b9addbb1cab23e26addc64e7a9a6d8d7ee378000e63a3890d1b,vid_d19791ead4037b9a,<source_video_redacted>/VID20260825125720.mp4,569,610,person3,,,not_in_current_human_review,True,False,not_reviewed_in_current_human_review,../../manifest.csv,training;supervised_validation;feature_selection;calibration;augmentation;all_supervised_experiments
