video,total,Correct,Incorrect,Left,Right,Left_Correct,Left_Incorrect,Right_Correct,Right_Incorrect
20260825_120853.mp4,14,14,0,7,7,7,0,7,0
20260825_135545.mp4,12,12,0,5,7,5,0,7,0
20260825_121230.mp4,13,7,6,6,7,4,2,3,4
20260825_135917.mp4,14,7,7,7,7,4,3,3,4
VID20260825125415.mp4,12,12,0,6,6,6,0,6,0
VID20260825125816.mp4,8,4,4,4,4,2,2,2,2
20260910_144241.mp4,9,9,0,7,2,7,0,2,0
20260910_144325.mp4,11,11,0,5,6,5,0,6,0
20260910_144405.mp4,12,12,0,6,6,6,0,6,0
20260910_144448.mp4,10,10,0,5,5,5,0,5,0
20260910_150515.mp4,7,7,0,3,4,3,0,4,0
20260910_150539.mp4,6,6,0,3,3,3,0,3,0
20260910_150602.mp4,7,7,0,4,3,4,0,3,0
20260910_144115.mp4,8,2,6,5,3,2,3,0,3
20260910_144154.mp4,10,0,10,6,4,0,6,0,4
20260910_150357.mp4,11,0,11,6,5,0,6,0,5
20260910_150438.mp4,8,0,8,4,4,0,4,0,4
20260825_120754.mp4,10,10,0,10,0,10,0,0,0
20260825_135508.mp4,10,10,0,10,0,10,0,0,0
VID20260825125333.mp4,10,10,0,10,0,10,0,0,0
20260825_121059.mp4,6,0,6,6,0,0,6,0,0
20260825_135701.mp4,13,2,11,13,0,2,11,0,0
VID20260825125720.mp4,5,0,5,5,0,0,5,0,0
20260825_120703.mp4,8,8,0,0,8,0,0,8,0
20260825_135423.mp4,13,13,0,0,13,0,0,13,0
VID20260825125257.mp4,10,10,0,0,10,0,0,10,0
20260825_121007.mp4,8,0,8,0,8,0,0,0,8
20260825_135633.mp4,8,0,8,0,8,0,0,0,8
VID20260825125647.mp4,7,0,7,0,7,0,0,0,7
