strategy,session_id,repetition_id,hand,human_label,split_group,manual_start_frame,manual_end_frame,manual_duration_sec,manual_rom_deg,completed,completion_status,segmented_start_frame,segmented_end_frame,start_frame_error,end_frame_error,duration_error_sec,iou
Causal Cycle Segmenter (Candidate),session_01_both_correct,rep_fb0c2f97d90ea5de5a,Right,Correct,development,4,350,5.780867,57.79998016357422,True,Completed,142.0,298.0,138.0,-52.0,-3.181978,0.4508670520231214
Causal Cycle Segmenter (Candidate),session_01_both_correct,rep_02cbaaa878991f7eee,Left,Correct,development,372,572,3.348567,62.01153564453125,True,Completed,372.0,562.0,0.0,-10.0,-0.18325600000000009,0.95
Causal Cycle Segmenter (Candidate),session_01_both_correct,rep_3b3a031e67b667bb2f,Right,Correct,development,572,832,4.348144999999999,48.47113800048828,True,Fragmented,635.0,776.0,63.0,-56.0,-1.9991449999999986,0.5423076923076923
Causal Cycle Segmenter (Candidate),session_01_both_correct,rep_b59965fe88fa0c3f40,Left,Correct,development,832,1010,2.9820670000000025,69.94298553466797,True,Completed,832.0,1007.0,0.0,-3.0,-0.06664500000000118,0.9831460674157303
Causal Cycle Segmenter (Candidate),session_01_both_correct,rep_9988a74422e7c505d0,Right,Correct,development,1010,1260,4.181543999999999,46.64124298095703,True,Fragmented,1098.0,1237.0,88.0,-23.0,-1.8658660000000005,0.556
Causal Cycle Segmenter (Candidate),session_01_both_correct,rep_372c0410acd5099364,Left,Correct,development,1265,1480,3.5984680000000004,55.62651062011719,False,Missed,,,,,,0.0
Causal Cycle Segmenter (Candidate),session_01_both_correct,rep_46b03a163715ea8674,Right,Correct,development,1490,1780,4.847945000000003,52.61701202392578,True,Completed,1532.0,1731.0,42.0,-49.0,-1.5327009999999994,0.6862068965517242
Causal Cycle Segmenter (Candidate),session_01_both_correct,rep_cea1129ae50e36fb30,Left,Correct,development,1810,2004,3.248611999999998,62.376014709472656,True,Completed,1813.0,1998.0,3.0,-6.0,-0.1665899999999958,0.9536082474226805
Causal Cycle Segmenter (Candidate),session_01_both_correct,rep_20614a58d738f0f71c,Right,Correct,development,2030,2324,4.914577999999999,46.64794158935547,True,Fragmented,2066.0,2233.0,36.0,-91.0,-2.1324229999999957,0.5680272108843537
Causal Cycle Segmenter (Candidate),session_01_both_correct,rep_e8c1d21c6f2e4707b3,Left,Correct,development,2324,2534,3.515166999999998,65.99900817871094,True,Completed,2333.0,2517.0,9.0,-17.0,-0.4498230000000021,0.8761904761904762
Causal Cycle Segmenter (Candidate),session_01_both_correct,rep_5c1dd8ed9aa6c8aa69,Right,Correct,development,2534,2755,3.6984229999999982,43.3350830078125,True,Completed,2572.0,2734.0,38.0,-21.0,-0.999566999999999,0.7330316742081447
Causal Cycle Segmenter (Candidate),session_01_both_correct,rep_edc2513a7b19ebb4ed,Left,Correct,development,2780,3000,3.681778000000001,71.63307189941406,True,Completed,2783.0,2986.0,3.0,-14.0,-0.29988900000000696,0.9227272727272727
Causal Cycle Segmenter (Candidate),session_01_both_correct,rep_6be9256acb543f49b8,Right,Correct,development,2990,3270,4.681345,42.332740783691406,True,Completed,2990.0,3220.0,0.0,-50.0,-0.8496450000000024,0.8214285714285714
Causal Cycle Segmenter (Candidate),session_01_both_correct,rep_2a706f670399059ddc,Left,Correct,development,3300,3458,2.648866999999996,62.931732177734375,False,Missed,,,,,,0.0
Causal Cycle Segmenter (Candidate),session_02_both_mix,rep_1c83a3b866cf4e027c,Right,Correct,development,4,330,5.44769,51.11205291748047,True,Completed,4.0,277.0,0.0,-53.0,-0.8996339999999998,0.8374233128834356
Causal Cycle Segmenter (Candidate),session_02_both_mix,rep_0d7eaf4563fd24294a,Left,Correct,development,346,556,3.5151559999999984,74.2674331665039,True,Completed,354.0,544.0,8.0,-12.0,-0.34983399999999865,0.9047619047619048
Causal Cycle Segmenter (Candidate),session_02_both_mix,rep_cff3c2f757be354140,Right,Incorrect,development,556,810,4.2482120000000005,37.70032501220703,True,Fragmented,661.0,801.0,105.0,-9.0,-1.9158790000000003,0.5511811023622047
Causal Cycle Segmenter (Candidate),session_02_both_mix,rep_503633f6745e8f6a45,Left,Incorrect,development,820,1070,4.181567000000001,53.462646484375,True,Completed,874.0,1055.0,54.0,-15.0,-1.1661790000000014,0.724
Causal Cycle Segmenter (Candidate),session_02_both_mix,rep_bb9858d2e8e9c3549c,Right,Correct,development,1150,1332,3.048711000000001,46.08067321777344,True,Completed,1150.0,1298.0,0.0,-34.0,-0.5830890000000011,0.8131868131868132
Causal Cycle Segmenter (Candidate),session_02_both_mix,rep_9ff0bc77263dfff528,Right,Correct,development,1606,1772,2.7821440000000024,65.53998565673828,True,Completed,1299.0,1719.0,-307.0,-53.0,4.214866999999998,0.23890063424947147
Causal Cycle Segmenter (Candidate),session_02_both_mix,rep_35e324ed6452359dd2,Left,Correct,development,1772,1944,2.8821009999999987,61.80139923095703,True,Completed,1778.0,1932.0,6.0,-12.0,-0.31652299999999656,0.8953488372093024
Causal Cycle Segmenter (Candidate),session_02_both_mix,rep_d8ea12c9407f1b8ebe,Left,Correct,development,1944,2144,3.348566999999996,62.128562927246094,True,Completed,1966.0,2116.0,22.0,-28.0,-0.8496339999999951,0.75
Causal Cycle Segmenter (Candidate),session_02_both_mix,rep_ed4d23c464cf750af7,Left,Correct,development,2144,2320,2.948744999999996,62.16267395019531,True,Completed,2164.0,2314.0,20.0,-6.0,-0.4498119999999952,0.8522727272727273
Causal Cycle Segmenter (Candidate),session_02_both_mix,rep_8c17d582de78f254dd,Right,Incorrect,development,2320,2396,1.2827780000000004,17.098793029785156,True,Completed,2320.0,2394.0,0.0,-2.0,-0.04996699999999521,0.9736842105263158
Causal Cycle Segmenter (Candidate),session_02_both_mix,rep_83f806588a8c338f4b,Right,Incorrect,development,2892,2984,1.5493549999999985,30.51499938964844,True,Completed,2395.0,3008.0,-497.0,24.0,8.662968,0.1500815660685155
Causal Cycle Segmenter (Candidate),session_02_both_mix,rep_ef9e190c4981e28593,Right,Incorrect,development,2984,3220,3.948322999999995,34.50457000732422,True,Completed,3009.0,3184.0,25.0,-36.0,-1.032911999999996,0.7415254237288136
Causal Cycle Segmenter (Candidate),session_02_both_mix,rep_5c39730111cd443d20,Left,Incorrect,development,3242,3432,3.181967,49.56865692138672,False,Missed,,,,,,0.0
Causal Cycle Segmenter (Candidate),session_03_both_mix2,rep_96581b03de4436e334,Right,Correct,development,28,216,3.148656,76.52783203125,True,Completed,41.0,197.0,13.0,-19.0,-0.5497559999999999,0.8297872340425532
Causal Cycle Segmenter (Candidate),session_03_both_mix2,rep_f58658b961ff048335,Left,Correct,development,216,398,3.0487000000000006,79.59202575683594,True,Completed,235.0,379.0,19.0,-19.0,-0.649722000000001,0.7912087912087912
Causal Cycle Segmenter (Candidate),session_03_both_mix2,rep_0da66c37aeaee10dba,Left,Correct,development,398,562,2.7488340000000004,93.56515502929688,True,Completed,409.0,545.0,11.0,-17.0,-0.4831340000000015,0.8292682926829268
Causal Cycle Segmenter (Candidate),session_03_both_mix2,rep_c4774628dd2fa04641,Right,Correct,development,562,754,3.215299999999999,95.1409912109375,True,Completed,573.0,732.0,11.0,-22.0,-0.5664329999999982,0.828125
Causal Cycle Segmenter (Candidate),session_03_both_mix2,rep_15de4676677de916d0,Right,Incorrect,development,754,914,2.682189,79.85400390625,True,Completed,766.0,908.0,12.0,-6.0,-0.31652199999999997,0.8875
Causal Cycle Segmenter (Candidate),session_03_both_mix2,rep_506fc27703682724ad,Right,Incorrect,development,914,1104,3.181979000000002,93.0930633544922,True,Completed,947.0,1084.0,33.0,-20.0,-0.899612000000003,0.7210526315789474
Causal Cycle Segmenter (Candidate),session_03_both_mix2,rep_50437be04b9a9a36ed,Left,Incorrect,development,1104,1264,2.682189000000001,93.7721710205078,True,Completed,1113.0,1242.0,9.0,-22.0,-0.533100000000001,0.80625
Causal Cycle Segmenter (Candidate),session_03_both_mix2,rep_a8f87271f827579bc4,Left,Incorrect,development,1264,1422,2.6488670000000027,71.32793426513672,True,Completed,1293.0,1395.0,29.0,-27.0,-0.9496000000000002,0.6455696202531646
Causal Cycle Segmenter (Candidate),session_03_both_mix2,rep_3f57d674d3d25f06bc,Left,Correct,development,1422,1572,2.515599999999999,90.2385482788086,True,Completed,1439.0,1555.0,17.0,-17.0,-0.5830889999999975,0.7733333333333333
Causal Cycle Segmenter (Candidate),session_03_both_mix2,rep_2a80f26013fc49beb7,Right,Correct,development,1572,1740,2.815456000000001,96.73076629638672,True,Completed,1596.0,1723.0,24.0,-17.0,-0.6996900000000004,0.7559523809523809
Causal Cycle Segmenter (Candidate),session_03_both_mix2,rep_830e9ff6471c2e6ac0,Right,Incorrect,development,1740,1898,2.6488670000000027,60.81186676025391,True,Completed,1755.0,1896.0,15.0,-2.0,-0.29986700000000255,0.8924050632911392
Causal Cycle Segmenter (Candidate),session_03_both_mix2,rep_d06e09af4456675bf7,Right,Incorrect,development,1898,2072,2.9154449999999983,58.87322235107422,True,Completed,1941.0,2067.0,43.0,-5.0,-0.8163339999999977,0.7241379310344828
Causal Cycle Segmenter (Candidate),session_03_both_mix2,rep_2073ececf0915178cc,Left,Incorrect,development,2072,2250,2.9820449999999994,63.73335266113281,True,Completed,2088.0,2205.0,16.0,-45.0,-1.0328790000000012,0.6573033707865169
Causal Cycle Segmenter (Candidate),session_03_both_mix2,rep_b99bfda2386efa860d,Left,Correct,development,2250,2400,2.5155889999999985,77.5048599243164,True,Completed,2236.0,2349.0,-14.0,-51.0,-0.6330559999999963,0.6036585365853658
Causal Cycle Segmenter (Candidate),session_04_limited_rom_incorrect,rep_1f4a610c3defe53722,Left,Incorrect,development,600,762,2.715523000000001,65.1882095336914,True,Completed,615.0,749.0,15.0,-13.0,-0.4831450000000004,0.8271604938271605
Causal Cycle Segmenter (Candidate),session_04_limited_rom_incorrect,rep_3175004fbb9db3a0f3,Right,Incorrect,development,762,912,2.5155889999999985,34.381736755371094,False,Missed,,,,,,0.0
Causal Cycle Segmenter (Candidate),session_04_limited_rom_incorrect,rep_52a2c5c414944694f1,Left,Incorrect,development,912,1056,2.4156340000000025,80.67830657958984,True,Completed,912.0,1046.0,0.0,-10.0,-0.183245000000003,0.9305555555555556
Causal Cycle Segmenter (Candidate),session_04_limited_rom_incorrect,rep_6d548704cfd01f491a,Right,Incorrect,development,1056,1206,2.515611,34.6033935546875,True,Completed,1056.0,1191.0,0.0,-15.0,-0.26657800000000265,0.9
Causal Cycle Segmenter (Candidate),session_04_limited_rom_incorrect,rep_ac1e97d62d5c2b56a0,Left,Incorrect,development,1206,1354,2.482267000000004,66.60511779785156,True,Completed,1206.0,1325.0,0.0,-29.0,-0.4997890000000038,0.8040540540540541
Causal Cycle Segmenter (Candidate),session_04_limited_rom_incorrect,rep_29323d0780eb56b21d,Right,Incorrect,development,1354,1492,2.315679,37.51222229003906,True,Completed,1354.0,1485.0,0.0,-7.0,-0.13326700000000047,0.9492753623188406
Causal Cycle Segmenter (Candidate),session_04_limited_rom_incorrect,rep_59893c3e996fee9c34,Left,Incorrect,development,1492,1600,1.8159000000000027,59.928184509277344,True,Completed,1492.0,1776.0,0.0,176.0,2.915410999999999,0.38028169014084506
Causal Cycle Segmenter (Candidate),session_04_limited_rom_incorrect,rep_2b168be9071d57530d,Left,Incorrect,development,1766,1900,2.2490340000000018,69.95743560791016,True,Completed,1777.0,1888.0,11.0,-12.0,-0.39982200000000034,0.8283582089552238
Causal Cycle Segmenter (Candidate),session_04_limited_rom_incorrect,rep_6ccabad19ce4f7ab3f,Left,Incorrect,development,2050,2200,2.5155889999999985,61.90733337402344,True,Completed,2052.0,2177.0,2.0,-23.0,-0.43314399999999864,0.8333333333333334
Causal Cycle Segmenter (Candidate),session_04_limited_rom_incorrect,rep_db11ea7c1113500c85,Right,Incorrect,development,2200,2350,2.5156009999999966,37.55410003662109,True,Completed,2200.0,2334.0,0.0,-16.0,-0.28322299999999245,0.8933333333333333
Causal Cycle Segmenter (Candidate),session_05_both_correct2,rep_b62f14d196952f28be,Right,Correct,development,6,176,2.8488,78.32747650146484,True,Completed,15.0,139.0,9.0,-37.0,-0.7830220000000003,0.7294117647058823
Causal Cycle Segmenter (Candidate),session_05_both_correct2,rep_ebf0037ac696966f6b,Left,Correct,development,176,328,2.5489,88.74259948730469,True,Completed,180.0,309.0,4.0,-19.0,-0.39981100000000014,0.8486842105263158
Causal Cycle Segmenter (Candidate),session_05_both_correct2,rep_3937e4fb3928cf8769,Left,Correct,development,328,496,2.815467,90.0221176147461,True,Completed,352.0,466.0,24.0,-30.0,-0.9162780000000001,0.6785714285714286
Causal Cycle Segmenter (Candidate),session_05_both_correct2,rep_4145f06cb4db15ce3f,Right,Correct,development,496,640,2.415645,104.2283172607422,True,Completed,503.0,625.0,7.0,-15.0,-0.3831789999999988,0.8472222222222222
Causal Cycle Segmenter (Candidate),session_05_both_correct2,rep_df6be1b0d78003c9ac,Right,Correct,development,640,800,2.6821899999999985,97.66472625732422,False,Missed,,,,,,0.0
Causal Cycle Segmenter (Candidate),session_05_both_correct2,rep_4791579acae25fe0bd,Left,Correct,development,780,980,3.348556000000002,91.9024429321289,True,Completed,829.0,943.0,49.0,-37.0,-1.4493560000000034,0.57
Causal Cycle Segmenter (Candidate),session_05_both_correct2,rep_ff72086c1823042be9,Right,Correct,development,980,1160,3.0154,99.35140991210938,True,Completed,982.0,1115.0,2.0,-45.0,-0.7996780000000006,0.7388888888888889
Causal Cycle Segmenter (Candidate),session_05_both_correct2,rep_d348e469e89a781661,Left,Correct,development,1160,1328,2.8154670000000017,92.711181640625,True,Completed,1186.0,1292.0,26.0,-36.0,-1.049544000000001,0.6309523809523809
Causal Cycle Segmenter (Candidate),session_05_both_correct2,rep_e8d9e0d9e521cb4474,Left,Correct,development,1328,1490,2.7155120000000004,84.31739807128906,True,Completed,1335.0,1450.0,7.0,-40.0,-0.7996669999999995,0.7098765432098766
Causal Cycle Segmenter (Candidate),session_05_both_correct2,rep_496c495105f1f840b1,Right,Correct,development,1508,1650,2.3823120000000024,,True,Completed,1516.0,1620.0,8.0,-30.0,-0.6497230000000016,0.7323943661971831
Causal Cycle Segmenter (Candidate),session_05_both_correct2,rep_fbee42bcc84ad72a70,Right,Correct,development,1650,1800,2.515599999999999,82.7657241821289,True,Completed,1665.0,1781.0,15.0,-19.0,-0.5830890000000011,0.7733333333333333
Causal Cycle Segmenter (Candidate),session_05_both_correct2,rep_27f29611af9d868d70,Right,Correct,development,1800,1964,2.7488339999999987,100.77892303466795,True,Completed,1824.0,1937.0,24.0,-27.0,-0.8662999999999954,0.6890243902439024
