repetition_number,session_id,repetition_id,hand,human_intended_label,predicted_label,decision_score,duration_sec,active_rom,segmentation_status,prediction_matches_intent
1,session_01_both_correct,rep_02cbaaa878991f7eee,Left,Correct,Correct,-0.3352114995130929,2.9820450000000003,61.82146453857422,CYCLE_SEGMENTED,True
2,session_01_both_correct,rep_b59965fe88fa0c3f40,Left,Correct,Correct,-1.9243520622593584,2.9487450000000024,69.94300842285156,CYCLE_SEGMENTED,True
3,session_01_both_correct,rep_372c0410acd5099364,Left,Correct,Correct,-1.235684574577292,3.4318670000000004,66.2872314453125,CYCLE_SEGMENTED,True
4,session_01_both_correct,rep_cea1129ae50e36fb30,Left,Correct,Correct,-1.0158611377466684,3.082022000000002,59.677162170410156,CYCLE_SEGMENTED,True
5,session_01_both_correct,rep_e8c1d21c6f2e4707b3,Left,Correct,Correct,-0.8776336380042432,3.065343999999996,64.46826171875,CYCLE_SEGMENTED,True
6,session_01_both_correct,rep_edc2513a7b19ebb4ed,Left,Correct,Correct,-1.1285721015285293,3.365233999999994,68.5075912475586,CYCLE_SEGMENTED,True
7,session_01_both_correct,rep_2a706f670399059ddc,Left,Correct,Correct,-1.2696270124092477,2.632210999999998,62.93174743652344,FALLBACK_CANONICAL,True
8,session_02_both_mix,rep_0d7eaf4563fd24294a,Left,Correct,Correct,-1.0671342842269889,3.0986890000000002,67.22924041748047,CYCLE_SEGMENTED,True
9,session_01_both_correct,rep_fb0c2f97d90ea5de5a,Right,Correct,Incorrect,0.13949229019042075,2.598889,48.61299133300781,CYCLE_SEGMENTED,False
10,session_01_both_correct,rep_3b3a031e67b667bb2f,Right,Correct,Incorrect,0.4514780591929656,2.349,48.47118377685547,CYCLE_SEGMENTED,False
11,session_01_both_correct,rep_9988a74422e7c505d0,Right,Correct,Incorrect,0.3655703172759459,2.3156779999999983,46.641258239746094,CYCLE_SEGMENTED,False
12,session_01_both_correct,rep_46b03a163715ea8674,Right,Correct,Incorrect,0.884250752665928,1.4327330000000025,20.81269073486328,CYCLE_SEGMENTED,False
13,session_01_both_correct,rep_20614a58d738f0f71c,Right,Correct,Incorrect,1.0608578462950278,1.1328439999999986,18.437095642089844,CYCLE_SEGMENTED,False
14,session_01_both_correct,rep_5c1dd8ed9aa6c8aa69,Right,Correct,Correct,-0.2402508704573868,2.748833999999995,43.33509826660156,CYCLE_SEGMENTED,True
15,session_01_both_correct,rep_6be9256acb543f49b8,Right,Correct,Incorrect,0.14284688778600207,2.965410999999996,40.87268829345703,CYCLE_SEGMENTED,False
16,session_02_both_mix,rep_503633f6745e8f6a45,Left,Incorrect,Incorrect,0.9262420041105444,3.0153879999999997,50.73884582519531,CYCLE_SEGMENTED,True
17,session_02_both_mix,rep_5c39730111cd443d20,Left,Incorrect,Incorrect,1.2356464195298358,1.099533000000001,19.63690948486328,CYCLE_SEGMENTED,True
18,session_03_both_mix2,rep_50437be04b9a9a36ed,Left,Incorrect,Correct,-0.00874273548315807,2.149089,76.33292388916016,CYCLE_SEGMENTED,False
19,session_03_both_mix2,rep_a8f87271f827579bc4,Left,Incorrect,Incorrect,1.714261846237941,1.6992670000000025,54.57268524169922,CYCLE_SEGMENTED,True
20,session_03_both_mix2,rep_2073ececf0915178cc,Left,Incorrect,Correct,-0.18142613512755168,1.9491659999999982,58.74140930175781,CYCLE_SEGMENTED,False
21,session_04_limited_rom_incorrect,rep_1f4a610c3defe53722,Left,Incorrect,Incorrect,0.8230463436740927,2.2323780000000006,59.76293182373047,CYCLE_SEGMENTED,True
22,session_04_limited_rom_incorrect,rep_52a2c5c414944694f1,Left,Incorrect,Incorrect,1.076082927008394,2.3989779999999996,78.19865417480469,CYCLE_SEGMENTED,True
23,session_02_both_mix,rep_cff3c2f757be354140,Right,Incorrect,Incorrect,1.3818017893616932,2.332333,37.70033264160156,CYCLE_SEGMENTED,True
24,session_02_both_mix,rep_8c17d582de78f254dd,Right,Incorrect,Incorrect,1.1383128941823573,1.732599999999998,23.766067504882812,CYCLE_SEGMENTED,True
25,session_02_both_mix,rep_83f806588a8c338f4b,Right,Incorrect,Incorrect,0.7360332408939494,10.762078000000002,42.11219787597656,CYCLE_SEGMENTED,True
26,session_02_both_mix,rep_ef9e190c4981e28593,Right,Incorrect,Incorrect,1.2891339451838713,3.914988000000001,34.50456237792969,CYCLE_SEGMENTED,True
27,session_03_both_mix2,rep_15de4676677de916d0,Right,Incorrect,Correct,-0.09893513561070111,2.365667,75.47466278076172,CYCLE_SEGMENTED,False
28,session_03_both_mix2,rep_506fc27703682724ad,Right,Incorrect,Correct,-0.8435460884907043,2.282366999999999,74.93324279785156,CYCLE_SEGMENTED,False
29,session_03_both_mix2,rep_830e9ff6471c2e6ac0,Right,Incorrect,Incorrect,1.677001407385187,2.349,58.69640350341797,CYCLE_SEGMENTED,True
30,session_03_both_mix2,rep_d06e09af4456675bf7,Right,Incorrect,Incorrect,0.730557171138129,2.0991110000000006,51.52368927001953,CYCLE_SEGMENTED,True
