session_id,repetition_index,live_score,replay_score,score_difference,duration_difference,boundary_difference_frames,max_feature_difference,parity_verified
session_01_both_correct,1,0.13949229019042075,0.13949229019042075,0.0,0.0,0,0.0,True
session_01_both_correct,2,-0.5397706762125635,-0.5397706762125635,0.0,0.0,0,0.0,True
session_01_both_correct,3,1.1275617123566333,1.1275617123566333,0.0,0.0,0,0.0,True
session_01_both_correct,4,0.4514780591929656,0.4514780591929656,0.0,0.0,0,0.0,True
session_01_both_correct,5,-1.9328968220734155,-1.9328968220734155,0.0,0.0,0,0.0,True
session_01_both_correct,6,1.1508547706899308,1.1508547706899308,0.0,0.0,0,0.0,True
session_01_both_correct,7,0.3655703172759459,0.3655703172759459,0.0,0.0,0,0.0,True
session_01_both_correct,8,-1.3372548245700586,-1.3372548245700586,0.0,0.0,0,0.0,True
session_01_both_correct,9,-1.0158611377466684,-1.0158611377466684,0.0,0.0,0,0.0,True
session_01_both_correct,10,-0.5080737232268581,-0.5080737232268581,0.0,0.0,0,0.0,True
session_01_both_correct,11,1.0608578462950278,1.0608578462950278,0.0,0.0,0,0.0,True
session_01_both_correct,12,-0.8776336380042432,-0.8776336380042432,0.0,0.0,0,0.0,True
session_01_both_correct,13,-0.22856448782808458,-0.22856448782808458,0.0,0.0,0,0.0,True
session_01_both_correct,14,-1.0960400165532196,-1.0960400165532196,0.0,0.0,0,0.0,True
session_01_both_correct,15,-0.1004387756165056,-0.1004387756165056,0.0,0.0,0,0.0,True
session_02_both_mix,1,-0.5225562950796915,-0.5225562950796915,0.0,0.0,0,0.0,True
session_02_both_mix,2,-1.0315421870651296,-1.0315421870651296,0.0,0.0,0,0.0,True
session_02_both_mix,3,1.2883661325126365,1.2883661325126365,0.0,0.0,0,0.0,True
session_02_both_mix,4,1.3818017893616932,1.3818017893616932,0.0,0.0,0,0.0,True
session_02_both_mix,5,1.1396512307924678,1.1396512307924678,0.0,0.0,0,0.0,True
session_02_both_mix,6,0.9262420041105444,0.9262420041105444,0.0,0.0,0,0.0,True
session_02_both_mix,7,0.4710888798892061,0.4710888798892061,0.0,0.0,0,0.0,True
session_02_both_mix,8,0.7300778383968387,0.7300778383968387,0.0,0.0,0,0.0,True
session_02_both_mix,9,-1.0417902288514949,-1.0417902288514949,0.0,0.0,0,0.0,True
session_02_both_mix,10,-0.9951247502191954,-0.9951247502191954,0.0,0.0,0,0.0,True
session_02_both_mix,11,-0.9932493757848014,-0.9932493757848014,0.0,0.0,0,0.0,True
session_02_both_mix,12,1.396609502259435,1.396609502259435,0.0,0.0,0,0.0,True
session_02_both_mix,13,0.7405624916656793,0.7405624916656793,0.0,0.0,0,0.0,True
session_02_both_mix,14,1.3220005257807346,1.3220005257807346,0.0,0.0,0,0.0,True
