video_id,source_sha256,canonical_repetitions,union_frames,image_landmarks_present_frames,image_landmarks_absent_frames,image_landmarks_xyz_min,image_landmarks_xyz_max,image_landmarks_visibility_mean,image_landmarks_outside_image_xy_values,world_landmarks_present_frames,world_landmarks_absent_frames,world_landmarks_xyz_min,world_landmarks_xyz_max,world_landmarks_visibility_mean,world_landmarks_outside_image_xy_values
vid_0c264aade3d23621,0c264aade3d2362157e8484603caa05154f40187f222e5540272f8f0b1764d2f,14,3314,3314,0,-0.734896183013916,1.4402018785476685,0.7701284885406494,22431,3314,0,-0.6879754662513733,0.7978848814964294,0.7701284885406494,
vid_1ac0cd5b45de866a,1ac0cd5b45de866afbfed040696fb5a7ad4876db46a9d228d145e08d8eb87b2d,13,2537,2537,0,-0.7959182858467102,1.474125623703003,0.7669041156768799,17640,2537,0,-0.6876603364944458,0.7936602830886841,0.7669041156768799,
vid_1334a563691c2170,1334a563691c21703bad8f2fc71670dcb1bbeea7f93665d5d873d7dbb80349d1,12,1942,1938,4,-0.7249103784561157,1.0793508291244507,0.8567033410072327,1340,1938,4,-0.6832607984542847,0.7720074653625488,0.8567033410072327,
vid_769bc27d1c4abfab,769bc27d1c4abfab17064a24193171b531343a6f96e448af24ab306e6eaa56bd,14,2373,2373,0,-0.9093834757804871,1.1062160730361938,0.8666031956672668,769,2373,0,-0.682578980922699,0.7619026303291321,0.8666031956672668,
vid_d5dd3c73ecfdd074,d5dd3c73ecfdd074e9209c7a26abee875b7b134b366aea3d36923562310edd07,12,1115,1115,0,-0.559895396232605,1.2391616106033325,0.7944125533103943,6393,1115,0,-0.6825098395347595,0.7783851623535156,0.7944125533103943,
vid_e2fbdd20b335321f,e2fbdd20b335321fb0ad7d976851d8f2edd53434be2f118544c1084dce97e339,8,761,761,0,-0.5646390318870544,1.2398488521575928,0.7986301183700562,4006,761,0,-0.6958936452865601,0.7809763550758362,0.7986301183700562,
vid_6dbe8779159bce47,6dbe8779159bce47abbba2f683d04520514a6f18d7ce789ee88a57ab64cc4b5b,8,1214,1214,0,-0.7631007432937622,1.6372511386871338,0.7592390775680542,9712,1214,0,-0.6841804385185242,0.8336166143417358,0.7592390775680542,
vid_03222b4845d8ef2c,03222b4845d8ef2c3f4e08e3875534163998d9d4d2f61daa16335188ceda6f89,10,1437,1437,0,-0.7540473341941833,1.649340271949768,0.7665536999702454,11496,1437,0,-0.6870459914207458,0.8270449042320251,0.7665536999702454,
vid_762b204cd565ac52,762b204cd565ac52dfc6deaac7575e22d59eb82b30d82af9880cc5067213a65e,9,1373,1373,0,-0.7461315989494324,1.6656272411346436,0.7568022608757019,10988,1373,0,-0.6863794326782227,0.8129318356513977,0.7568022608757019,
vid_a098f327a26fe877,a098f327a26fe8774c684ebae4a490737007ec44cf4386fa077d0dc67d26da8b,11,1592,1592,0,-0.7629465460777283,1.6492788791656494,0.7507192492485046,12752,1592,0,-0.6880514621734619,0.8160347938537598,0.7507192492485046,
vid_c63ebda7f39171bc,c63ebda7f39171bc5a2e686eb158743667393b6c138ec80830dc8b643869caf5,12,1736,1736,0,-0.7677106261253357,1.646874189376831,0.7581375241279602,13890,1736,0,-0.6905162930488586,0.8156219124794006,0.7581375241279602,
vid_4d1daeb09e2c1b0e,4d1daeb09e2c1b0e8d3930e205897ae84d6a3ce8235a0f45b0b791a77cf200c3,10,1430,1430,0,-0.7696081399917603,1.6402370929718018,0.7543927431106567,11454,1430,0,-0.6834914088249207,0.8126198649406433,0.7543927431106567,
vid_a7e0a74bb2cacc23,a7e0a74bb2cacc238320858de25d30ce6495e8cd04b46aea3b3d024289aca5db,11,1660,1660,0,-0.6706188321113586,1.4603123664855957,0.7510770559310913,13275,1660,0,-0.7397230863571167,0.8184837698936462,0.7510770559310913,
vid_ac42199741c9c0c1,ac42199741c9c0c13105fcb9fddaa253e6440d9eb036a6fdc179c8b8090134ba,8,1139,1139,0,-0.5857297778129578,1.4742363691329956,0.7442287802696228,9112,1139,0,-0.7037135362625122,0.81354820728302,0.7442287802696228,
vid_8c19cbd3c181b15a,8c19cbd3c181b15a570e9ee6a8a3ea6e41697c1947c4fede3395219d1cb4954e,7,965,965,0,-0.5950235724449158,1.4803943634033203,0.7597131729125977,7720,965,0,-0.6974266767501831,0.8143976926803589,0.7597131729125977,
vid_fd3e2ae78827f629,fd3e2ae78827f6293b40641acd30e299663ba0b53240de5b6740936f2861e952,6,756,756,0,-0.6102392673492432,1.474152684211731,0.7567687034606934,6048,756,0,-0.6978945136070251,0.8121453523635864,0.7567687034606934,
vid_4a4b044fd46cca10,4a4b044fd46cca1000f792aa35bef133cdfd810f8dc903addb3b724ec7c216e3,7,1005,1005,0,-0.6221120953559875,1.4833533763885498,0.7575242519378662,8040,1005,0,-0.6963878870010376,0.817710280418396,0.7575242519378662,
vid_cccf82e3e7e7a94a,cccf82e3e7e7a94a53ac45e56881ae02d72c3a271212fd4f19e88e0626012211,8,1864,1864,0,-0.7752734422683716,1.4255677461624146,0.7683708667755127,11971,1864,0,-0.6835038065910339,0.774082362651825,0.7683708667755127,
vid_871bc1a5b112709b,871bc1a5b112709b54bcc14e881b0f944c0e580f2f3b3db8767ecd6da43b1d5b,10,2325,2325,0,-0.6722075939178467,1.433456540107727,0.7672234773635864,15934,2325,0,-0.6884763836860657,0.7805357575416565,0.7672234773635864,
vid_5ecd6a78f9f6d143,5ecd6a78f9f6d143ddf980bf4c33c734eff0879442f9a19a8749de04f5f9018d,8,2132,2132,0,-0.7343987822532654,1.4294816255569458,0.7744560837745667,13023,2132,0,-0.6751732230186462,0.7515438795089722,0.7744560837745667,
vid_e61ec8fb945f06ad,e61ec8fb945f06ad3ef037f07f62253ccfe72e9b2c78303874976ee3e879c5d0,6,1692,1692,0,-0.7053853869438171,1.4586564302444458,0.7680385708808899,10901,1692,0,-0.6829840540885925,0.7863963842391968,0.7680385708808899,
vid_ffec5a0821a6c480,ffec5a0821a6c480242291313be77238c6457f817bfaf26e097ac25f311be36b,13,2419,2419,0,-0.7033593058586121,1.0984402894973755,0.8477756977081299,1000,2419,0,-0.6959459185600281,0.7337362170219421,0.8477756977081299,
vid_bbc5006a077ac6b1,bbc5006a077ac6b1ae0a4687a5948efb8fc2626ea44d5f6a3498211d6038a9be,10,1734,1734,0,-0.7215920686721802,1.1195425987243652,0.8488810658454895,1536,1734,0,-0.6723914742469788,0.7438549995422363,0.8488810658454895,
vid_aa01d8740a74fd7d,aa01d8740a74fd7d726fb4246dcbce6ec50b9247f5a92306756e3493cccc1abc,8,1236,1236,0,-0.7706969380378723,1.073815107345581,0.8770890235900879,655,1236,0,-0.6805814504623413,0.7788290977478027,0.8770890235900879,
vid_33cbe5f84565bf3d,33cbe5f84565bf3d8bb4e0c445c46cf78abfc5486aa4d22d79bb160b519c4969,13,2059,2059,0,-0.7259455919265747,1.0824041366577148,0.882520854473114,1373,2059,0,-0.7118449211120605,0.8026382923126221,0.882520854473114,
vid_3e2129fa15608b04,3e2129fa15608b04610513ebfa1a6857a68032b8fe7b2d5eb4a064fd3f4ebcf1,10,744,744,0,-0.552057683467865,1.2471446990966797,0.7918188571929932,4458,744,0,-0.6787599325180054,0.7661216855049133,0.7918188571929932,
vid_dd4079cefb8f35d3,dd4079cefb8f35d359dd29c83372b1c6d83c3d4d3899675e2f40a02a9af5ca45,10,780,780,0,-0.45318955183029175,1.2537379264831543,0.7999016046524048,4178,780,0,-0.6848238110542297,0.7827667593955994,0.7999016046524048,
vid_2f993d44fd54187e,2f993d44fd54187e29f371cb06d363b77ffa82c336c63e5bdf4afaed4141a97a,7,559,559,0,-0.6262943744659424,1.2606364488601685,0.7836716175079346,2966,559,0,-0.6815061569213867,0.7460689544677734,0.7836716175079346,
vid_d19791ead4037b9a,d19791ead4037b9addbb1cab23e26addc64e7a9a6d8d7ee378000e63a3890d1b,5,363,363,0,-0.5153826475143433,1.2469244003295898,0.7903591394424438,2092,363,0,-0.7058863043785095,0.7775840163230896,0.7903591394424438,
