model,hand,n,accuracy,balanced_accuracy,macro_f1,correct_recall,incorrect_recall,confusion_matrix
FrozenPhase1SVM,Left,143,0.8881118881118881,0.8384868421052631,0.8632233381157342,0.9894736842105263,0.6875,"[[94, 1], [15, 33]]"
FrozenPhase1SVM,Right,137,0.8540145985401459,0.8366187384044527,0.8396535580524345,0.8977272727272727,0.7755102040816326,"[[79, 9], [11, 38]]"
VelocityP95,Left,143,0.8811188811188811,0.8332236842105263,0.8557184402635172,0.9789473684210527,0.6875,"[[93, 2], [15, 33]]"
VelocityP95,Right,137,0.8467153284671532,0.8309369202226344,0.8324305434212825,0.8863636363636364,0.7755102040816326,"[[78, 10], [11, 38]]"
WithoutViewProxies,Left,143,0.8391608391608392,0.7707236842105263,0.7956254272043746,0.9789473684210527,0.5625,"[[93, 2], [21, 27]]"
WithoutViewProxies,Right,137,0.8175182481751825,0.7946428571428572,0.798588650396942,0.875,0.7142857142857143,"[[77, 11], [14, 35]]"
BalancedSVM,Left,143,0.916083916083916,0.8904605263157894,0.9027210884353742,0.968421052631579,0.8125,"[[92, 3], [9, 39]]"
BalancedSVM,Right,137,0.8467153284671532,0.8399814471243043,0.835345962341899,0.8636363636363636,0.8163265306122449,"[[76, 12], [9, 40]]"
RobustScalerSVM,Left,143,0.8601398601398601,0.7968201754385964,0.8237179487179487,0.9894736842105263,0.6041666666666666,"[[94, 1], [19, 29]]"
RobustScalerSVM,Right,137,0.8175182481751825,0.7855983302411873,0.7943313517084009,0.8977272727272727,0.673469387755102,"[[79, 9], [16, 33]]"
InnerSelectedProcedure,Left,143,0.916083916083916,0.8904605263157894,0.9027210884353742,0.968421052631579,0.8125,"[[92, 3], [9, 39]]"
InnerSelectedProcedure,Right,137,0.8394160583941606,0.8297773654916512,0.8267816091954023,0.8636363636363636,0.7959183673469388,"[[76, 12], [10, 39]]"
