repetition_id,frame_strip,trace
rep_1f4a610c3defe53722,<repo_root>/research\assisted_elbow_flexion_v2\phase2\plots\errors\rep_1f4a610c3defe53722_frames.jpg,<repo_root>/research\assisted_elbow_flexion_v2\phase2\plots\errors\rep_1f4a610c3defe53722.png
rep_52a2c5c414944694f1,<repo_root>/research\assisted_elbow_flexion_v2\phase2\plots\errors\rep_52a2c5c414944694f1_frames.jpg,<repo_root>/research\assisted_elbow_flexion_v2\phase2\plots\errors\rep_52a2c5c414944694f1.png
rep_ac1e97d62d5c2b56a0,<repo_root>/research\assisted_elbow_flexion_v2\phase2\plots\errors\rep_ac1e97d62d5c2b56a0_frames.jpg,<repo_root>/research\assisted_elbow_flexion_v2\phase2\plots\errors\rep_ac1e97d62d5c2b56a0.png
rep_29323d0780eb56b21d,<repo_root>/research\assisted_elbow_flexion_v2\phase2\plots\errors\rep_29323d0780eb56b21d_frames.jpg,<repo_root>/research\assisted_elbow_flexion_v2\phase2\plots\errors\rep_29323d0780eb56b21d.png
rep_59893c3e996fee9c34,<repo_root>/research\assisted_elbow_flexion_v2\phase2\plots\errors\rep_59893c3e996fee9c34_frames.jpg,<repo_root>/research\assisted_elbow_flexion_v2\phase2\plots\errors\rep_59893c3e996fee9c34.png
rep_2b168be9071d57530d,<repo_root>/research\assisted_elbow_flexion_v2\phase2\plots\errors\rep_2b168be9071d57530d_frames.jpg,<repo_root>/research\assisted_elbow_flexion_v2\phase2\plots\errors\rep_2b168be9071d57530d.png
rep_6ccabad19ce4f7ab3f,<repo_root>/research\assisted_elbow_flexion_v2\phase2\plots\errors\rep_6ccabad19ce4f7ab3f_frames.jpg,<repo_root>/research\assisted_elbow_flexion_v2\phase2\plots\errors\rep_6ccabad19ce4f7ab3f.png
rep_fb0c2f97d90ea5de5a,<repo_root>/research\assisted_elbow_flexion_v2\phase2\plots\errors\rep_fb0c2f97d90ea5de5a_frames.jpg,<repo_root>/research\assisted_elbow_flexion_v2\phase2\plots\errors\rep_fb0c2f97d90ea5de5a.png
rep_df6be1b0d78003c9ac,<repo_root>/research\assisted_elbow_flexion_v2\phase2\plots\errors\rep_df6be1b0d78003c9ac_frames.jpg,<repo_root>/research\assisted_elbow_flexion_v2\phase2\plots\errors\rep_df6be1b0d78003c9ac.png
rep_496c495105f1f840b1,<repo_root>/research\assisted_elbow_flexion_v2\phase2\plots\errors\rep_496c495105f1f840b1_frames.jpg,<repo_root>/research\assisted_elbow_flexion_v2\phase2\plots\errors\rep_496c495105f1f840b1.png
rep_27f29611af9d868d70,<repo_root>/research\assisted_elbow_flexion_v2\phase2\plots\errors\rep_27f29611af9d868d70_frames.jpg,<repo_root>/research\assisted_elbow_flexion_v2\phase2\plots\errors\rep_27f29611af9d868d70.png
rep_bb9858d2e8e9c3549c,<repo_root>/research\assisted_elbow_flexion_v2\phase2\plots\errors\rep_bb9858d2e8e9c3549c_frames.jpg,<repo_root>/research\assisted_elbow_flexion_v2\phase2\plots\errors\rep_bb9858d2e8e9c3549c.png
rep_9ff0bc77263dfff528,<repo_root>/research\assisted_elbow_flexion_v2\phase2\plots\errors\rep_9ff0bc77263dfff528_frames.jpg,<repo_root>/research\assisted_elbow_flexion_v2\phase2\plots\errors\rep_9ff0bc77263dfff528.png
rep_709aefa59abbdda681,<repo_root>/research\assisted_elbow_flexion_v2\phase2\plots\errors\rep_709aefa59abbdda681_frames.jpg,<repo_root>/research\assisted_elbow_flexion_v2\phase2\plots\errors\rep_709aefa59abbdda681.png
rep_c76e4661561c2feeb0,<repo_root>/research\assisted_elbow_flexion_v2\phase2\plots\errors\rep_c76e4661561c2feeb0_frames.jpg,<repo_root>/research\assisted_elbow_flexion_v2\phase2\plots\errors\rep_c76e4661561c2feeb0.png
rep_cddfc02155f1821b8f,<repo_root>/research\assisted_elbow_flexion_v2\phase2\plots\errors\rep_cddfc02155f1821b8f_frames.jpg,<repo_root>/research\assisted_elbow_flexion_v2\phase2\plots\errors\rep_cddfc02155f1821b8f.png
rep_19561ede8233796b10,<repo_root>/research\assisted_elbow_flexion_v2\phase2\plots\errors\rep_19561ede8233796b10_frames.jpg,<repo_root>/research\assisted_elbow_flexion_v2\phase2\plots\errors\rep_19561ede8233796b10.png
rep_f4b3097cc669548327,<repo_root>/research\assisted_elbow_flexion_v2\phase2\plots\errors\rep_f4b3097cc669548327_frames.jpg,<repo_root>/research\assisted_elbow_flexion_v2\phase2\plots\errors\rep_f4b3097cc669548327.png
rep_d7af2020d057934d50,<repo_root>/research\assisted_elbow_flexion_v2\phase2\plots\errors\rep_d7af2020d057934d50_frames.jpg,<repo_root>/research\assisted_elbow_flexion_v2\phase2\plots\errors\rep_d7af2020d057934d50.png
rep_52ea159192f8fc5a18,<repo_root>/research\assisted_elbow_flexion_v2\phase2\plots\errors\rep_52ea159192f8fc5a18_frames.jpg,<repo_root>/research\assisted_elbow_flexion_v2\phase2\plots\errors\rep_52ea159192f8fc5a18.png
rep_c4774628dd2fa04641,<repo_root>/research\assisted_elbow_flexion_v2\phase2\plots\errors\rep_c4774628dd2fa04641_frames.jpg,<repo_root>/research\assisted_elbow_flexion_v2\phase2\plots\errors\rep_c4774628dd2fa04641.png
rep_15de4676677de916d0,<repo_root>/research\assisted_elbow_flexion_v2\phase2\plots\errors\rep_15de4676677de916d0_frames.jpg,<repo_root>/research\assisted_elbow_flexion_v2\phase2\plots\errors\rep_15de4676677de916d0.png
rep_50437be04b9a9a36ed,<repo_root>/research\assisted_elbow_flexion_v2\phase2\plots\errors\rep_50437be04b9a9a36ed_frames.jpg,<repo_root>/research\assisted_elbow_flexion_v2\phase2\plots\errors\rep_50437be04b9a9a36ed.png
rep_2073ececf0915178cc,<repo_root>/research\assisted_elbow_flexion_v2\phase2\plots\errors\rep_2073ececf0915178cc_frames.jpg,<repo_root>/research\assisted_elbow_flexion_v2\phase2\plots\errors\rep_2073ececf0915178cc.png
rep_aee0a429a21693a253,<repo_root>/research\assisted_elbow_flexion_v2\phase2\plots\errors\rep_aee0a429a21693a253_frames.jpg,<repo_root>/research\assisted_elbow_flexion_v2\phase2\plots\errors\rep_aee0a429a21693a253.png
rep_cec13eefff34409cdb,<repo_root>/research\assisted_elbow_flexion_v2\phase2\plots\errors\rep_cec13eefff34409cdb_frames.jpg,<repo_root>/research\assisted_elbow_flexion_v2\phase2\plots\errors\rep_cec13eefff34409cdb.png
rep_6e34e000e401e92ab6,<repo_root>/research\assisted_elbow_flexion_v2\phase2\plots\errors\rep_6e34e000e401e92ab6_frames.jpg,<repo_root>/research\assisted_elbow_flexion_v2\phase2\plots\errors\rep_6e34e000e401e92ab6.png
rep_865eff11a82c98aff9,<repo_root>/research\assisted_elbow_flexion_v2\phase2\plots\errors\rep_865eff11a82c98aff9_frames.jpg,<repo_root>/research\assisted_elbow_flexion_v2\phase2\plots\errors\rep_865eff11a82c98aff9.png
rep_834edc610f0edab7bf,<repo_root>/research\assisted_elbow_flexion_v2\phase2\plots\errors\rep_834edc610f0edab7bf_frames.jpg,<repo_root>/research\assisted_elbow_flexion_v2\phase2\plots\errors\rep_834edc610f0edab7bf.png
rep_4401202746b68b5331,<repo_root>/research\assisted_elbow_flexion_v2\phase2\plots\errors\rep_4401202746b68b5331_frames.jpg,<repo_root>/research\assisted_elbow_flexion_v2\phase2\plots\errors\rep_4401202746b68b5331.png
rep_2f16162b29e51e2f78,<repo_root>/research\assisted_elbow_flexion_v2\phase2\plots\errors\rep_2f16162b29e51e2f78_frames.jpg,<repo_root>/research\assisted_elbow_flexion_v2\phase2\plots\errors\rep_2f16162b29e51e2f78.png
rep_6d7e4cbc3b8ce62f45,<repo_root>/research\assisted_elbow_flexion_v2\phase2\plots\errors\rep_6d7e4cbc3b8ce62f45_frames.jpg,<repo_root>/research\assisted_elbow_flexion_v2\phase2\plots\errors\rep_6d7e4cbc3b8ce62f45.png
rep_7501569b908e793d35,<repo_root>/research\assisted_elbow_flexion_v2\phase2\plots\errors\rep_7501569b908e793d35_frames.jpg,<repo_root>/research\assisted_elbow_flexion_v2\phase2\plots\errors\rep_7501569b908e793d35.png
rep_82d242d849eeae0237,<repo_root>/research\assisted_elbow_flexion_v2\phase2\plots\errors\rep_82d242d849eeae0237_frames.jpg,<repo_root>/research\assisted_elbow_flexion_v2\phase2\plots\errors\rep_82d242d849eeae0237.png
rep_911557ec2316444144,<repo_root>/research\assisted_elbow_flexion_v2\phase2\plots\errors\rep_911557ec2316444144_frames.jpg,<repo_root>/research\assisted_elbow_flexion_v2\phase2\plots\errors\rep_911557ec2316444144.png
rep_ed5503be0ec8ad904f,<repo_root>/research\assisted_elbow_flexion_v2\phase2\plots\errors\rep_ed5503be0ec8ad904f_frames.jpg,<repo_root>/research\assisted_elbow_flexion_v2\phase2\plots\errors\rep_ed5503be0ec8ad904f.png
