video_id,inherited_subject_id,scene_observation_from_one_original_frame,standing_upper_body_view,appearance_or_identity_verified,quality_or_error_cause_inferred,limits
vid_03222b4845d8ef2c,person4,White coat over blue top; mostly plain wall/curtain background; relatively large framing,True,False,False,One source thumbnail plus saved error strips; not a full-motion visual review or independent participant identity evidence
vid_0c264aade3d23621,person1,Blue top; curtain backdrop with treatment-table foreground; relatively large framing,True,False,False,One source thumbnail plus saved error strips; not a full-motion visual review or independent participant identity evidence
vid_1334a563691c2170,person2,Black patterned top; curtain/window backdrop with treatment table; more distant framing than some other sources,True,False,False,One source thumbnail plus saved error strips; not a full-motion visual review or independent participant identity evidence
vid_1ac0cd5b45de866a,person1,Blue top; curtain backdrop with treatment-table foreground; relatively large framing,True,False,False,One source thumbnail plus saved error strips; not a full-motion visual review or independent participant identity evidence
vid_2f993d44fd54187e,person3,Purple top; curtain/window backdrop with treatment table; relatively distant framing,True,False,False,One source thumbnail plus saved error strips; not a full-motion visual review or independent participant identity evidence
vid_33cbe5f84565bf3d,person2,Black patterned top; curtain/window backdrop with treatment table; more distant framing than some other sources,True,False,False,One source thumbnail plus saved error strips; not a full-motion visual review or independent participant identity evidence
vid_3e2129fa15608b04,person3,Purple top; curtain/window backdrop with treatment table; relatively distant framing,True,False,False,One source thumbnail plus saved error strips; not a full-motion visual review or independent participant identity evidence
vid_4a4b044fd46cca10,person5,Dark blue top; wall/curtain backdrop and desk foreground; relatively large framing,True,False,False,One source thumbnail plus saved error strips; not a full-motion visual review or independent participant identity evidence
vid_4d1daeb09e2c1b0e,person4,White coat over blue top; mostly plain wall/curtain background; relatively large framing,True,False,False,One source thumbnail plus saved error strips; not a full-motion visual review or independent participant identity evidence
vid_5ecd6a78f9f6d143,person1,Blue top; curtain backdrop with treatment-table foreground; relatively large framing,True,False,False,One source thumbnail plus saved error strips; not a full-motion visual review or independent participant identity evidence
vid_6dbe8779159bce47,person4,White coat over blue top; mostly plain wall/curtain background; relatively large framing,True,False,False,One source thumbnail plus saved error strips; not a full-motion visual review or independent participant identity evidence
vid_762b204cd565ac52,person4,White coat over blue top; mostly plain wall/curtain background; relatively large framing,True,False,False,One source thumbnail plus saved error strips; not a full-motion visual review or independent participant identity evidence
vid_769bc27d1c4abfab,person2,Black patterned top; curtain/window backdrop with treatment table; more distant framing than some other sources,True,False,False,One source thumbnail plus saved error strips; not a full-motion visual review or independent participant identity evidence
vid_871bc1a5b112709b,person1,Blue top; curtain backdrop with treatment-table foreground; relatively large framing,True,False,False,One source thumbnail plus saved error strips; not a full-motion visual review or independent participant identity evidence
vid_8c19cbd3c181b15a,person5,Dark blue top; wall/curtain backdrop and desk foreground; relatively large framing,True,False,False,One source thumbnail plus saved error strips; not a full-motion visual review or independent participant identity evidence
vid_a098f327a26fe877,person4,White coat over blue top; mostly plain wall/curtain background; relatively large framing,True,False,False,One source thumbnail plus saved error strips; not a full-motion visual review or independent participant identity evidence
vid_a7e0a74bb2cacc23,person5,Dark blue top; wall/curtain backdrop and desk foreground; relatively large framing,True,False,False,One source thumbnail plus saved error strips; not a full-motion visual review or independent participant identity evidence
vid_aa01d8740a74fd7d,person2,Black patterned top; curtain/window backdrop with treatment table; more distant framing than some other sources,True,False,False,One source thumbnail plus saved error strips; not a full-motion visual review or independent participant identity evidence
vid_ac42199741c9c0c1,person5,Dark blue top; wall/curtain backdrop and desk foreground; relatively large framing,True,False,False,One source thumbnail plus saved error strips; not a full-motion visual review or independent participant identity evidence
vid_bbc5006a077ac6b1,person2,Black patterned top; curtain/window backdrop with treatment table; more distant framing than some other sources,True,False,False,One source thumbnail plus saved error strips; not a full-motion visual review or independent participant identity evidence
vid_c63ebda7f39171bc,person4,White coat over blue top; mostly plain wall/curtain background; relatively large framing,True,False,False,One source thumbnail plus saved error strips; not a full-motion visual review or independent participant identity evidence
vid_cccf82e3e7e7a94a,person1,Blue top; curtain backdrop with treatment-table foreground; relatively large framing,True,False,False,One source thumbnail plus saved error strips; not a full-motion visual review or independent participant identity evidence
vid_d19791ead4037b9a,person3,Purple top; curtain/window backdrop with treatment table; relatively distant framing,True,False,False,One source thumbnail plus saved error strips; not a full-motion visual review or independent participant identity evidence
vid_d5dd3c73ecfdd074,person3,Purple top; curtain/window backdrop with treatment table; relatively distant framing,True,False,False,One source thumbnail plus saved error strips; not a full-motion visual review or independent participant identity evidence
vid_dd4079cefb8f35d3,person3,Purple top; curtain/window backdrop with treatment table; relatively distant framing,True,False,False,One source thumbnail plus saved error strips; not a full-motion visual review or independent participant identity evidence
vid_e2fbdd20b335321f,person3,Purple top; curtain/window backdrop with treatment table; relatively distant framing,True,False,False,One source thumbnail plus saved error strips; not a full-motion visual review or independent participant identity evidence
vid_e61ec8fb945f06ad,person1,Blue top; curtain backdrop with treatment-table foreground; relatively large framing,True,False,False,One source thumbnail plus saved error strips; not a full-motion visual review or independent participant identity evidence
vid_fd3e2ae78827f629,person5,Dark blue top; wall/curtain backdrop and desk foreground; relatively large framing,True,False,False,One source thumbnail plus saved error strips; not a full-motion visual review or independent participant identity evidence
vid_ffec5a0821a6c480,person2,Black patterned top; curtain/window backdrop with treatment table; more distant framing than some other sources,True,False,False,One source thumbnail plus saved error strips; not a full-motion visual review or independent participant identity evidence
