video_id,video_filename,source_video,original_folder,sha256,bytes,subject_id,subject_status,fps,fps_rational,width,height,duration_sec,declared_frames,rotation_degrees,existing_metadata_files,legacy_folder_label,subject_evidence
vid_0c264aade3d23621,20260825_120853.mp4,C:\Users\DEVESH SHUKLA\Downloads\hemo\Assisted elbow flexion\Both hand assisted correct\20260825_120853.mp4,Both hand assisted correct,0c264aade3d2362157e8484603caa05154f40187f222e5540272f8f0b1764d2f,379330424,person1,legacy_filename_mapping_unverified,60.0255705837471,26197500/436439,3840,2160,58.191867,3493,0,C:\dev\Haemophilia\data\clean_elbow_train.csv;C:\dev\Haemophilia\data\clean_elbow_train_expanded.csv;C:\dev\Haemophilia\data\clean_elbow_train_expanded_v2.csv;C:\dev\Haemophilia\processed_data\assisted_elbow_flexion\auto_annotation_audit.csv;C:\dev\Haemophilia\processed_data\assisted_elbow_flexion\dataset_manifest.csv;C:\dev\Haemophilia\processed_data\assisted_elbow_flexion\manual_review_queue.csv;C:\dev\Haemophilia\processed_data\assisted_elbow_flexion\repetition_annotations.csv,Both hand assisted correct,Existing CSV mapping; originating scripts infer identities from recording timestamps; requires confirmation
vid_1334a563691c2170,20260825_135545.mp4,C:\Users\DEVESH SHUKLA\Downloads\hemo\Assisted elbow flexion\Both hand assisted correct\20260825_135545.mp4,Both hand assisted correct,1334a563691c21703bad8f2fc71670dcb1bbeea7f93665d5d873d7dbb80349d1,228602256,person2,legacy_filename_mapping_unverified,60.02556380600629,94815000/1579577,3840,2160,35.1017,2107,0,C:\dev\Haemophilia\data\clean_elbow_train.csv;C:\dev\Haemophilia\data\clean_elbow_train_expanded.csv;C:\dev\Haemophilia\data\clean_elbow_train_expanded_v2.csv;C:\dev\Haemophilia\processed_data\assisted_elbow_flexion\auto_annotation_audit.csv;C:\dev\Haemophilia\processed_data\assisted_elbow_flexion\dataset_manifest.csv;C:\dev\Haemophilia\processed_data\assisted_elbow_flexion\manual_review_queue.csv;C:\dev\Haemophilia\processed_data\assisted_elbow_flexion\repetition_annotations.csv,Both hand assisted correct,Existing CSV mapping; originating scripts infer identities from recording timestamps; requires confirmation
vid_1ac0cd5b45de866a,20260825_121230.mp4,C:\Users\DEVESH SHUKLA\Downloads\hemo\Assisted elbow flexion\Both hand assisted mix\20260825_121230.mp4,Both hand assisted mix,1ac0cd5b45de866afbfed040696fb5a7ad4876db46a9d228d145e08d8eb87b2d,377324821,person1,legacy_filename_mapping_unverified,60.02557316145427,156465000/2606639,3840,2160,57.9094,3477,0,C:\dev\Haemophilia\data\clean_elbow_train_expanded.csv;C:\dev\Haemophilia\data\clean_elbow_train_expanded_v2.csv;C:\dev\Haemophilia\processed_data\assisted_elbow_flexion\auto_annotation_audit.csv;C:\dev\Haemophilia\processed_data\assisted_elbow_flexion\manual_review_queue.csv;C:\dev\Haemophilia\processed_data\assisted_elbow_flexion\repetition_annotations.csv,Both hand assisted mix,Existing CSV mapping; originating scripts infer identities from recording timestamps; requires confirmation
vid_769bc27d1c4abfab,20260825_135917.mp4,C:\Users\DEVESH SHUKLA\Downloads\hemo\Assisted elbow flexion\Both hand assisted mix\20260825_135917.mp4,Both hand assisted mix,769bc27d1c4abfab17064a24193171b531343a6f96e448af24ab306e6eaa56bd,289181541,person2,legacy_filename_mapping_unverified,60.025573113982844,48024000/800059,3840,2160,44.4477,2668,0,C:\dev\Haemophilia\data\clean_elbow_train_expanded.csv;C:\dev\Haemophilia\data\clean_elbow_train_expanded_v2.csv;C:\dev\Haemophilia\processed_data\assisted_elbow_flexion\auto_annotation_audit.csv;C:\dev\Haemophilia\processed_data\assisted_elbow_flexion\manual_review_queue.csv;C:\dev\Haemophilia\processed_data\assisted_elbow_flexion\repetition_annotations.csv,Both hand assisted mix,Existing CSV mapping; originating scripts infer identities from recording timestamps; requires confirmation
vid_d5dd3c73ecfdd074,VID20260825125415.mp4,C:\Users\DEVESH SHUKLA\Downloads\hemo\Assisted elbow flexion\Both hand assisted mix\VID20260825125415.mp4,Both hand assisted mix,d5dd3c73ecfdd074e9209c7a26abee875b7b134b366aea3d36923562310edd07,276091003,person3,legacy_filename_mapping_unverified,30.03100991187896,105840000/3524357,3840,2160,39.1595,1176,0,C:\dev\Haemophilia\data\clean_elbow_train_expanded.csv;C:\dev\Haemophilia\data\clean_elbow_train_expanded_v2.csv;C:\dev\Haemophilia\processed_data\assisted_elbow_flexion\auto_annotation_audit.csv;C:\dev\Haemophilia\processed_data\assisted_elbow_flexion\manual_review_queue.csv;C:\dev\Haemophilia\processed_data\assisted_elbow_flexion\repetition_annotations.csv,Both hand assisted mix,Existing CSV mapping; originating scripts infer identities from recording timestamps; requires confirmation
vid_e2fbdd20b335321f,VID20260825125816.mp4,C:\Users\DEVESH SHUKLA\Downloads\hemo\Assisted elbow flexion\Both hand assisted mix\VID20260825125816.mp4,Both hand assisted mix,e2fbdd20b335321fb0ad7d976851d8f2edd53434be2f118544c1084dce97e339,210847855,person3,legacy_filename_mapping_unverified,30.005736063130108,16164000/538697,3840,2160,29.9276,898,0,C:\dev\Haemophilia\data\clean_elbow_train_expanded.csv;C:\dev\Haemophilia\data\clean_elbow_train_expanded_v2.csv;C:\dev\Haemophilia\processed_data\assisted_elbow_flexion\auto_annotation_audit.csv;C:\dev\Haemophilia\processed_data\assisted_elbow_flexion\manual_review_queue.csv;C:\dev\Haemophilia\processed_data\assisted_elbow_flexion\repetition_annotations.csv,Both hand assisted mix,Existing CSV mapping; originating scripts infer identities from recording timestamps; requires confirmation
vid_762b204cd565ac52,20260910_144241.mp4,C:\Users\DEVESH SHUKLA\Downloads\hemo\Assisted elbow flexion\Correct\20260910_144241.mp4,Correct,762b204cd565ac52dfc6deaac7575e22d59eb82b30d82af9880cc5067213a65e,264550926,person4,legacy_filename_mapping_unverified,60.02557146863934,13696875/228184,3840,2160,40.5502,2435,0,C:\dev\Haemophilia\data\clean_elbow_train_expanded_v2.csv,Correct,Existing CSV mapping; originating scripts infer identities from recording timestamps; requires confirmation
vid_a098f327a26fe877,20260910_144325.mp4,C:\Users\DEVESH SHUKLA\Downloads\hemo\Assisted elbow flexion\Correct\20260910_144325.mp4,Correct,a098f327a26fe8774c684ebae4a490737007ec44cf4386fa077d0dc67d26da8b,242212733,person4,legacy_filename_mapping_unverified,60.02557291910899,200970000/3348073,3840,2160,37.2001,2233,0,C:\dev\Haemophilia\data\clean_elbow_train_expanded_v2.csv,Correct,Existing CSV mapping; originating scripts infer identities from recording timestamps; requires confirmation
vid_c63ebda7f39171bc,20260910_144405.mp4,C:\Users\DEVESH SHUKLA\Downloads\hemo\Assisted elbow flexion\Correct\20260910_144405.mp4,Correct,c63ebda7f39171bc5a2e686eb158743667393b6c138ec80830dc8b643869caf5,258873334,person4,legacy_filename_mapping_unverified,60.02557531156792,214470000/3572977,3840,2160,39.6997,2383,0,C:\dev\Haemophilia\data\clean_elbow_train_expanded_v2.csv,Correct,Existing CSV mapping; originating scripts infer identities from recording timestamps; requires confirmation
vid_4d1daeb09e2c1b0e,20260910_144448.mp4,C:\Users\DEVESH SHUKLA\Downloads\hemo\Assisted elbow flexion\Correct\20260910_144448.mp4,Correct,4d1daeb09e2c1b0e8d3930e205897ae84d6a3ce8235a0f45b0b791a77cf200c3,221340757,person4,legacy_filename_mapping_unverified,60.025576286192084,1830600/30497,3840,2160,33.885556,2034,0,C:\dev\Haemophilia\data\clean_elbow_train_expanded_v2.csv,Correct,Existing CSV mapping; originating scripts infer identities from recording timestamps; requires confirmation
vid_8c19cbd3c181b15a,20260910_150515.mp4,C:\Users\DEVESH SHUKLA\Downloads\hemo\Assisted elbow flexion\Correct\20260910_150515.mp4,Correct,8c19cbd3c181b15a570e9ee6a8a3ea6e41697c1947c4fede3395219d1cb4954e,147976758,person5,legacy_filename_mapping_unverified,60.025569715726945,122400000/2039131,3840,2160,22.6411,1360,0,C:\dev\Haemophilia\data\clean_elbow_train_expanded_v2.csv,Correct,Existing CSV mapping; originating scripts infer identities from recording timestamps; requires confirmation
vid_fd3e2ae78827f629,20260910_150539.mp4,C:\Users\DEVESH SHUKLA\Downloads\hemo\Assisted elbow flexion\Correct\20260910_150539.mp4,Correct,fd3e2ae78827f6293b40641acd30e299663ba0b53240de5b6740936f2861e952,141778025,person5,legacy_filename_mapping_unverified,60.025546040236286,23544000/392233,3840,2160,21.7907,1308,0,C:\dev\Haemophilia\data\clean_elbow_train_expanded_v2.csv,Correct,Existing CSV mapping; originating scripts infer identities from recording timestamps; requires confirmation
vid_4a4b044fd46cca10,20260910_150602.mp4,C:\Users\DEVESH SHUKLA\Downloads\hemo\Assisted elbow flexion\Correct\20260910_150602.mp4,Correct,4a4b044fd46cca1000f792aa35bef133cdfd810f8dc903addb3b724ec7c216e3,161881893,person5,legacy_filename_mapping_unverified,60.02556569711377,2676600/44591,3840,2160,24.772778,1487,0,C:\dev\Haemophilia\data\clean_elbow_train_expanded_v2.csv,Correct,Existing CSV mapping; originating scripts infer identities from recording timestamps; requires confirmation
vid_6dbe8779159bce47,20260910_144115.mp4,C:\Users\DEVESH SHUKLA\Downloads\hemo\Assisted elbow flexion\Incorrect\20260910_144115.mp4,Incorrect,6dbe8779159bce47abbba2f683d04520514a6f18d7ce789ee88a57ab64cc4b5b,229638532,person4,legacy_filename_mapping_unverified,59.968833605240796,23782500/396581,3840,2160,35.2516,2114,0,C:\dev\Haemophilia\data\clean_elbow_train_expanded_v2.csv,Incorrect,Existing CSV mapping; originating scripts infer identities from recording timestamps; requires confirmation
vid_03222b4845d8ef2c,20260910_144154.mp4,C:\Users\DEVESH SHUKLA\Downloads\hemo\Assisted elbow flexion\Incorrect\20260910_144154.mp4,Incorrect,03222b4845d8ef2c3f4e08e3875534163998d9d4d2f61daa16335188ceda6f89,277086655,person4,legacy_filename_mapping_unverified,60.025573861598154,76470000/1273957,3840,2160,42.4494,2549,0,C:\dev\Haemophilia\data\clean_elbow_train_expanded_v2.csv,Incorrect,Existing CSV mapping; originating scripts infer identities from recording timestamps; requires confirmation
vid_a7e0a74bb2cacc23,20260910_150357.mp4,C:\Users\DEVESH SHUKLA\Downloads\hemo\Assisted elbow flexion\Incorrect\20260910_150357.mp4,Incorrect,a7e0a74bb2cacc238320858de25d30ce6495e8cd04b46aea3b3d024289aca5db,231770834,person5,legacy_filename_mapping_unverified,60.02557269248603,12816000/213509,3840,2160,35.5848,2136,0,C:\dev\Haemophilia\data\clean_elbow_train_expanded_v2.csv,Incorrect,Existing CSV mapping; originating scripts infer identities from recording timestamps; requires confirmation
vid_ac42199741c9c0c1,20260910_150438.mp4,C:\Users\DEVESH SHUKLA\Downloads\hemo\Assisted elbow flexion\Incorrect\20260910_150438.mp4,Incorrect,ac42199741c9c0c13105fcb9fddaa253e6440d9eb036a6fdc179c8b8090134ba,158115527,person5,legacy_filename_mapping_unverified,60.02555802608314,32692500/544643,3840,2160,24.2063,1453,0,C:\dev\Haemophilia\data\clean_elbow_train_expanded_v2.csv,Incorrect,Existing CSV mapping; originating scripts infer identities from recording timestamps; requires confirmation
vid_871bc1a5b112709b,20260825_120754.mp4,C:\Users\DEVESH SHUKLA\Downloads\hemo\Assisted elbow flexion\Left hand assisted correct\20260825_120754.mp4,Left hand assisted correct,871bc1a5b112709b54bcc14e881b0f944c0e580f2f3b3db8767ecd6da43b1d5b,275507685,person1,legacy_filename_mapping_unverified,60.02556425501422,114255000/1903439,3840,2160,42.2986,2539,0,C:\dev\Haemophilia\data\clean_elbow_train.csv;C:\dev\Haemophilia\data\clean_elbow_train_expanded.csv;C:\dev\Haemophilia\data\clean_elbow_train_expanded_v2.csv;C:\dev\Haemophilia\processed_data\assisted_elbow_flexion\auto_annotation_audit.csv;C:\dev\Haemophilia\processed_data\assisted_elbow_flexion\dataset_manifest.csv;C:\dev\Haemophilia\processed_data\assisted_elbow_flexion\manual_review_queue.csv;C:\dev\Haemophilia\processed_data\assisted_elbow_flexion\repetition_annotations.csv,Left hand assisted correct,Existing CSV mapping; originating scripts infer identities from recording timestamps; requires confirmation
vid_bbc5006a077ac6b1,20260825_135508.mp4,C:\Users\DEVESH SHUKLA\Downloads\hemo\Assisted elbow flexion\Left hand assisted correct\20260825_135508.mp4,Left hand assisted correct,bbc5006a077ac6b1ae0a4687a5948efb8fc2626ea44d5f6a3498211d6038a9be,208128500,person2,legacy_filename_mapping_unverified,60.02557747844512,14362500/239273,3840,2160,31.9024,1915,0,C:\dev\Haemophilia\data\clean_elbow_train.csv;C:\dev\Haemophilia\data\clean_elbow_train_expanded.csv;C:\dev\Haemophilia\data\clean_elbow_train_expanded_v2.csv;C:\dev\Haemophilia\processed_data\assisted_elbow_flexion\auto_annotation_audit.csv;C:\dev\Haemophilia\processed_data\assisted_elbow_flexion\dataset_manifest.csv;C:\dev\Haemophilia\processed_data\assisted_elbow_flexion\manual_review_queue.csv;C:\dev\Haemophilia\processed_data\assisted_elbow_flexion\repetition_annotations.csv,Left hand assisted correct,Existing CSV mapping; originating scripts infer identities from recording timestamps; requires confirmation
vid_dd4079cefb8f35d3,VID20260825125333.mp4,C:\Users\DEVESH SHUKLA\Downloads\hemo\Assisted elbow flexion\Left hand assisted correct\VID20260825125333.mp4,Left hand assisted correct,dd4079cefb8f35d359dd29c83372b1c6d83c3d4d3899675e2f40a02a9af5ca45,207045201,person3,legacy_filename_mapping_unverified,30.005738058751977,39690000/1322747,3840,2160,29.394378,882,0,C:\dev\Haemophilia\data\clean_elbow_train.csv;C:\dev\Haemophilia\data\clean_elbow_train_expanded.csv;C:\dev\Haemophilia\data\clean_elbow_train_expanded_v2.csv;C:\dev\Haemophilia\processed_data\assisted_elbow_flexion\auto_annotation_audit.csv;C:\dev\Haemophilia\processed_data\assisted_elbow_flexion\dataset_manifest.csv;C:\dev\Haemophilia\processed_data\assisted_elbow_flexion\manual_review_queue.csv;C:\dev\Haemophilia\processed_data\assisted_elbow_flexion\repetition_annotations.csv,Left hand assisted correct,Existing CSV mapping; originating scripts infer identities from recording timestamps; requires confirmation
vid_e61ec8fb945f06ad,20260825_121059.mp4,C:\Users\DEVESH SHUKLA\Downloads\hemo\Assisted elbow flexion\Left hand assisted wrong\20260825_121059.mp4,Left hand assisted wrong,e61ec8fb945f06ad3ef037f07f62253ccfe72e9b2c78303874976ee3e879c5d0,310956406,person1,legacy_filename_mapping_unverified,60.025567223174605,128610000/2142587,3840,2160,47.613,2858,0,C:\dev\Haemophilia\data\clean_elbow_train.csv;C:\dev\Haemophilia\data\clean_elbow_train_expanded.csv;C:\dev\Haemophilia\data\clean_elbow_train_expanded_v2.csv;C:\dev\Haemophilia\processed_data\assisted_elbow_flexion\auto_annotation_audit.csv;C:\dev\Haemophilia\processed_data\assisted_elbow_flexion\dataset_manifest.csv;C:\dev\Haemophilia\processed_data\assisted_elbow_flexion\manual_review_queue.csv;C:\dev\Haemophilia\processed_data\assisted_elbow_flexion\repetition_annotations.csv,Left hand assisted wrong,Existing CSV mapping; originating scripts infer identities from recording timestamps; requires confirmation
vid_33cbe5f84565bf3d,20260825_135701.mp4,C:\Users\DEVESH SHUKLA\Downloads\hemo\Assisted elbow flexion\Left hand assisted wrong\20260825_135701.mp4,Left hand assisted wrong,33cbe5f84565bf3d8bb4e0c445c46cf78abfc5486aa4d22d79bb160b519c4969,248138012,person2,legacy_filename_mapping_unverified,60.02556887835519,5141250/85651,3840,2160,38.0671,2285,0,C:\dev\Haemophilia\data\clean_elbow_train.csv;C:\dev\Haemophilia\data\clean_elbow_train_expanded.csv;C:\dev\Haemophilia\data\clean_elbow_train_expanded_v2.csv;C:\dev\Haemophilia\processed_data\assisted_elbow_flexion\auto_annotation_audit.csv;C:\dev\Haemophilia\processed_data\assisted_elbow_flexion\dataset_manifest.csv;C:\dev\Haemophilia\processed_data\assisted_elbow_flexion\manual_review_queue.csv;C:\dev\Haemophilia\processed_data\assisted_elbow_flexion\repetition_annotations.csv,Left hand assisted wrong,Existing CSV mapping; originating scripts infer identities from recording timestamps; requires confirmation
vid_d19791ead4037b9a,VID20260825125720.mp4,C:\Users\DEVESH SHUKLA\Downloads\hemo\Assisted elbow flexion\Left hand assisted wrong\VID20260825125720.mp4,Left hand assisted wrong,d19791ead4037b9addbb1cab23e26addc64e7a9a6d8d7ee378000e63a3890d1b,155982820,person3,legacy_filename_mapping_unverified,30.00576918152436,59760000/1991617,3840,2160,22.129078,664,0,C:\dev\Haemophilia\data\clean_elbow_train.csv;C:\dev\Haemophilia\data\clean_elbow_train_expanded.csv;C:\dev\Haemophilia\data\clean_elbow_train_expanded_v2.csv;C:\dev\Haemophilia\processed_data\assisted_elbow_flexion\auto_annotation_audit.csv;C:\dev\Haemophilia\processed_data\assisted_elbow_flexion\dataset_manifest.csv;C:\dev\Haemophilia\processed_data\assisted_elbow_flexion\manual_review_queue.csv;C:\dev\Haemophilia\processed_data\assisted_elbow_flexion\repetition_annotations.csv,Left hand assisted wrong,Existing CSV mapping; originating scripts infer identities from recording timestamps; requires confirmation
vid_cccf82e3e7e7a94a,20260825_120703.mp4,C:\Users\DEVESH SHUKLA\Downloads\hemo\Assisted elbow flexion\Right hand assisted correct\20260825_120703.mp4,Right hand assisted correct,cccf82e3e7e7a94a53ac45e56881ae02d72c3a271212fd4f19e88e0626012211,300209379,person1,legacy_filename_mapping_unverified,60.02557731198769,124335000/2071367,3840,2160,46.030378,2763,0,C:\dev\Haemophilia\data\clean_elbow_train.csv;C:\dev\Haemophilia\data\clean_elbow_train_expanded.csv;C:\dev\Haemophilia\data\clean_elbow_train_expanded_v2.csv;C:\dev\Haemophilia\processed_data\assisted_elbow_flexion\auto_annotation_audit.csv;C:\dev\Haemophilia\processed_data\assisted_elbow_flexion\dataset_manifest.csv;C:\dev\Haemophilia\processed_data\assisted_elbow_flexion\manual_review_queue.csv;C:\dev\Haemophilia\processed_data\assisted_elbow_flexion\repetition_annotations.csv,Right hand assisted correct,Existing CSV mapping; originating scripts infer identities from recording timestamps; requires confirmation
vid_ffec5a0821a6c480,20260825_135423.mp4,C:\Users\DEVESH SHUKLA\Downloads\hemo\Assisted elbow flexion\Right hand assisted correct\20260825_135423.mp4,Right hand assisted correct,ffec5a0821a6c480242291313be77238c6457f817bfaf26e097ac25f311be36b,266184006,person2,legacy_filename_mapping_unverified,60.025569163936176,27607500/459929,3840,2160,40.882578,2454,0,C:\dev\Haemophilia\data\clean_elbow_train.csv;C:\dev\Haemophilia\data\clean_elbow_train_expanded.csv;C:\dev\Haemophilia\data\clean_elbow_train_expanded_v2.csv;C:\dev\Haemophilia\processed_data\assisted_elbow_flexion\auto_annotation_audit.csv;C:\dev\Haemophilia\processed_data\assisted_elbow_flexion\dataset_manifest.csv;C:\dev\Haemophilia\processed_data\assisted_elbow_flexion\manual_review_queue.csv;C:\dev\Haemophilia\processed_data\assisted_elbow_flexion\repetition_annotations.csv,Right hand assisted correct,Existing CSV mapping; originating scripts infer identities from recording timestamps; requires confirmation
vid_3e2129fa15608b04,VID20260825125257.mp4,C:\Users\DEVESH SHUKLA\Downloads\hemo\Assisted elbow flexion\Right hand assisted correct\VID20260825125257.mp4,Right hand assisted correct,3e2129fa15608b04610513ebfa1a6857a68032b8fe7b2d5eb4a064fd3f4ebcf1,223476255,person3,legacy_filename_mapping_unverified,30.005730370333055,4765000/158803,3840,2160,31.7606,953,0,C:\dev\Haemophilia\data\clean_elbow_train.csv;C:\dev\Haemophilia\data\clean_elbow_train_expanded.csv;C:\dev\Haemophilia\data\clean_elbow_train_expanded_v2.csv;C:\dev\Haemophilia\processed_data\assisted_elbow_flexion\auto_annotation_audit.csv;C:\dev\Haemophilia\processed_data\assisted_elbow_flexion\dataset_manifest.csv;C:\dev\Haemophilia\processed_data\assisted_elbow_flexion\manual_review_queue.csv;C:\dev\Haemophilia\processed_data\assisted_elbow_flexion\repetition_annotations.csv,Right hand assisted correct,Existing CSV mapping; originating scripts infer identities from recording timestamps; requires confirmation
vid_5ecd6a78f9f6d143,20260825_121007.mp4,C:\Users\DEVESH SHUKLA\Downloads\hemo\Assisted elbow flexion\Right hand assisted wrong\20260825_121007.mp4,Right hand assisted wrong,5ecd6a78f9f6d143ddf980bf4c33c734eff0879442f9a19a8749de04f5f9018d,298843241,person1,legacy_filename_mapping_unverified,60.025576558266735,247410000/4121743,3840,2160,45.7971,2749,0,C:\dev\Haemophilia\data\clean_elbow_train.csv;C:\dev\Haemophilia\data\clean_elbow_train_expanded.csv;C:\dev\Haemophilia\data\clean_elbow_train_expanded_v2.csv;C:\dev\Haemophilia\processed_data\assisted_elbow_flexion\auto_annotation_audit.csv;C:\dev\Haemophilia\processed_data\assisted_elbow_flexion\dataset_manifest.csv;C:\dev\Haemophilia\processed_data\assisted_elbow_flexion\manual_review_queue.csv;C:\dev\Haemophilia\processed_data\assisted_elbow_flexion\repetition_annotations.csv,Right hand assisted wrong,Existing CSV mapping; originating scripts infer identities from recording timestamps; requires confirmation
vid_aa01d8740a74fd7d,20260825_135633.mp4,C:\Users\DEVESH SHUKLA\Downloads\hemo\Assisted elbow flexion\Right hand assisted wrong\20260825_135633.mp4,Right hand assisted wrong,aa01d8740a74fd7d726fb4246dcbce6ec50b9247f5a92306756e3493cccc1abc,167112538,person2,legacy_filename_mapping_unverified,60.02557656773563,138420000/2306017,3840,2160,25.6224,1538,0,C:\dev\Haemophilia\data\clean_elbow_train.csv;C:\dev\Haemophilia\data\clean_elbow_train_expanded.csv;C:\dev\Haemophilia\data\clean_elbow_train_expanded_v2.csv;C:\dev\Haemophilia\processed_data\assisted_elbow_flexion\auto_annotation_audit.csv;C:\dev\Haemophilia\processed_data\assisted_elbow_flexion\dataset_manifest.csv;C:\dev\Haemophilia\processed_data\assisted_elbow_flexion\manual_review_queue.csv;C:\dev\Haemophilia\processed_data\assisted_elbow_flexion\repetition_annotations.csv,Right hand assisted wrong,Existing CSV mapping; originating scripts infer identities from recording timestamps; requires confirmation
vid_2f993d44fd54187e,VID20260825125647.mp4,C:\Users\DEVESH SHUKLA\Downloads\hemo\Assisted elbow flexion\Right hand assisted wrong\VID20260825125647.mp4,Right hand assisted wrong,2f993d44fd54187e29f371cb06d363b77ffa82c336c63e5bdf4afaed4141a97a,182716890,person3,legacy_filename_mapping_unverified,30.005731864163796,23400000/779851,3840,2160,25.995,780,0,C:\dev\Haemophilia\data\clean_elbow_train.csv;C:\dev\Haemophilia\data\clean_elbow_train_expanded.csv;C:\dev\Haemophilia\data\clean_elbow_train_expanded_v2.csv;C:\dev\Haemophilia\processed_data\assisted_elbow_flexion\auto_annotation_audit.csv;C:\dev\Haemophilia\processed_data\assisted_elbow_flexion\dataset_manifest.csv;C:\dev\Haemophilia\processed_data\assisted_elbow_flexion\manual_review_queue.csv;C:\dev\Haemophilia\processed_data\assisted_elbow_flexion\repetition_annotations.csv,Right hand assisted wrong,Existing CSV mapping; originating scripts infer identities from recording timestamps; requires confirmation
